#
# A fatal error has been detected by the Java Runtime Environment:
#
#  EXCEPTION_ACCESS_VIOLATION (0xc0000005) at pc=0x00007ffdda14c44c, pid=31656, tid=38620
#
# JRE version: OpenJDK Runtime Environment Microsoft-11933218 (21.0.8+9) (build 21.0.8+9-LTS)
# Java VM: OpenJDK 64-Bit Server VM Microsoft-11933218 (21.0.8+9-LTS, mixed mode, sharing, tiered, compressed oops, compressed class ptrs, g1 gc, windows-amd64)
# Problematic frame:
# V  [jvm.dll+0xc44c]
#
# No core dump will be written. Minidumps are not enabled by default on client versions of Windows
#
# If you would like to submit a bug report, please visit:
#   https://github.com/microsoft/openjdk/issues
#

---------------  S U M M A R Y ------------

Command Line: -Xmx1G com.android.tools.r8.D8 --debug --min-api 21 --output obj\Debug\net10.0-android\android\bin\ --lib C:\Program Files (x86)\Android\android-sdk\platforms\android-36\android.jar obj\Debug\net10.0-android\android\bin\classes.zip C:\Program Files\dotnet\packs\Microsoft.Android.Ref.36\36.1.69\ref\net10.0\mono.android.jar C:\Program Files\dotnet\packs\Microsoft.Android.Sdk.Windows\36.1.69\tools\\java_runtime_net6.jar C:\Users\WINDOWS11\.nuget\packages\xamarin.androidx.annotation.jvm\1.9.1.5\buildTransitive\net10.0-android35.0\..\..\jar\androidx.annotation.annotation-jvm.jar C:\Users\WINDOWS11\.nuget\packages\xamarin.androidx.collection.jvm\1.5.0.3\buildTransitive\net10.0-android35.0\..\..\jar\androidx.collection.collection-jvm.jar C:\Users\WINDOWS11\.nuget\packages\xamarin.androidx.annotation\1.9.1.5\buildTransitive\net10.0-android35.0\..\..\jar\androidx.annotation.annotation.jar C:\Users\WINDOWS11\.nuget\packages\xamarin.androidx.collection\1.5.0.3\buildTransitive\net10.0-android35.0\..\..\jar\androidx.collection.collection.jar C:\Users\WINDOWS11\.nuget\packages\xamarin.androidx.concurrent.futures\1.3.0.1\buildTransitive\net10.0-android35.0\..\..\jar\androidx.concurrent.concurrent-futures.jar C:\Users\WINDOWS11\.nuget\packages\xamarin.androidx.lifecycle.common.jvm\2.9.2.1\buildTransitive\net10.0-android35.0\..\..\jar\androidx.lifecycle.lifecycle-common-jvm.jar C:\Users\WINDOWS11\.nuget\packages\xamarin.androidx.lifecycle.common\2.9.2.1\buildTransitive\net10.0-android35.0\..\..\jar\androidx.lifecycle.lifecycle-common.jar C:\Users\WINDOWS11\.nuget\packages\xamarin.androidx.arch.core.common\2.2.0.18\buildTransitive\net10.0-android35.0\..\..\jar\androidx.arch.core.core-common.jar C:\Users\WINDOWS11\.nuget\packages\xamarin.androidx.resourceinspection.annotation\1.0.1.22\buildTransitive\net10.0-android35.0\..\..\jar\androidx.resourceinspection.resourceinspection-annotation.jar C:\Users\WINDOWS11\.nuget\packages\xamarin.androidx.constraintlayout.core\1.1.1.3\buildTransitive\net10.0-android35.0\..\..\jar\androidx.constraintlayout.constraintlayout-core.jar C:\Users\WINDOWS11\.nuget\packages\xamarin.androidx.window.windowcore.jvm\1.4.0.1\buildTransitive\net10.0-android35.0\..\..\jar\androidx.window.window-core-jvm.jar C:\Users\WINDOWS11\.nuget\packages\xamarin.androidx.window.windowcore\1.4.0.1\buildTransitive\net10.0-android35.0\..\..\jar\androidx.window.window-core.jar C:\Users\WINDOWS11\.nuget\packages\xamarin.androidx.collection.ktx\1.5.0.3\buildTransitive\net10.0-android35.0\..\..\jar\androidx.collection.collection-ktx.jar C:\Program Files\dotnet\packs\Microsoft.NETCore.App.Runtime.Mono.android-arm64\10.0.12\runtimes\android-arm64\native\libSystem.Security.Cryptography.Native.Android.jar obj\Debug\net10.0-android\lp\103\jl\classes.jar obj\Debug\net10.0-android\lp\104\jl\classes.jar obj\Debug\net10.0-android\lp\106\jl\classes.jar obj\Debug\net10.0-android\lp\107\jl\classes.jar obj\Debug\net10.0-android\lp\108\jl\classes.jar obj\Debug\net10.0-android\lp\109\jl\classes.jar obj\Debug\net10.0-android\lp\110\jl\classes.jar obj\Debug\net10.0-android\lp\112\jl\classes.jar obj\Debug\net10.0-android\lp\113\jl\classes.jar obj\Debug\net10.0-android\lp\114\jl\classes.jar obj\Debug\net10.0-android\lp\115\jl\classes.jar obj\Debug\net10.0-android\lp\116\jl\classes.jar obj\Debug\net10.0-android\lp\117\jl\classes.jar obj\Debug\net10.0-android\lp\118\jl\classes.jar obj\Debug\net10.0-android\lp\120\jl\classes.jar obj\Debug\net10.0-android\lp\121\jl\classes.jar obj\Debug\net10.0-android\lp\122\jl\classes.jar obj\Debug\net10.0-android\lp\124\jl\classes.jar obj\Debug\net10.0-android\lp\125\jl\classes.jar obj\Debug\net10.0-android\lp\126\jl\classes.jar obj\Debug\net10.0-android\lp\128\jl\classes.jar obj\Debug\net10.0-android\lp\129\jl\classes.jar obj\Debug\net10.0-android\lp\130\jl\classes.jar obj\Debug\net10.0-android\lp\131\jl\classes.jar obj\Debug\net10.0-android\lp\132\jl\classes.jar obj\Debug\net10.0-android\lp\133\jl\classes.jar obj\Debug\net10.0-android\lp\134\jl\classes.jar obj\Debug\net10.0-android\lp\135\jl\classes.jar obj\Debug\net10.0-android\lp\136\jl\classes.jar obj\Debug\net10.0-android\lp\136\jl\libs\repackaged.jar obj\Debug\net10.0-android\lp\137\jl\classes.jar obj\Debug\net10.0-android\lp\138\jl\classes.jar obj\Debug\net10.0-android\lp\139\jl\classes.jar obj\Debug\net10.0-android\lp\140\jl\classes.jar obj\Debug\net10.0-android\lp\141\jl\classes.jar obj\Debug\net10.0-android\lp\142\jl\classes.jar obj\Debug\net10.0-android\lp\143\jl\classes.jar obj\Debug\net10.0-android\lp\144\jl\classes.jar obj\Debug\net10.0-android\lp\145\jl\classes.jar obj\Debug\net10.0-android\lp\146\jl\classes.jar obj\Debug\net10.0-android\lp\147\jl\classes.jar obj\Debug\net10.0-android\lp\148\jl\classes.jar obj\Debug\net10.0-android\lp\149\jl\classes.jar obj\Debug\net10.0-android\lp\150\jl\classes.jar obj\Debug\net10.0-android\lp\151\jl\classes.jar obj\Debug\net10.0-android\lp\153\jl\classes.jar obj\Debug\net10.0-android\lp\154\jl\classes.jar obj\Debug\net10.0-android\lp\156\jl\classes.jar obj\Debug\net10.0-android\lp\157\jl\classes.jar obj\Debug\net10.0-android\lp\159\jl\classes.jar obj\Debug\net10.0-android\lp\160\jl\classes.jar obj\Debug\net10.0-android\lp\161\jl\classes.jar obj\Debug\net10.0-android\lp\162\jl\classes.jar obj\Debug\net10.0-android\lp\163\jl\classes.jar obj\Debug\net10.0-android\lp\164\jl\classes.jar obj\Debug\net10.0-android\lp\165\jl\classes.jar obj\Debug\net10.0-android\lp\166\jl\libs\ED64959F88B22E6D.jar obj\Debug\net10.0-android\lp\167\jl\libs\2E7FD15AFA9B216B.jar obj\Debug\net10.0-android\lp\170\jl\classes.jar obj\Debug\net10.0-android\lp\174\jl\libs\659D48BEBA477FDD.jar obj\Debug\net10.0-android\lp\175\jl\libs\95D547F40BE4687C.jar obj\Debug\net10.0-android\lp\176\jl\classes.jar obj\Debug\net10.0-android\lp\177\jl\classes.jar obj\Debug\net10.0-android\lp\178\jl\libs\F975D0960055A5E3.jar obj\Debug\net10.0-android\lp\179\jl\libs\B71CFF5D5A0B3AEB.jar obj\Debug\net10.0-android\lp\180\jl\libs\8956669C0037225B.jar obj\Debug\net10.0-android\lp\181\jl\libs\05D34BA5CA8637CF.jar obj\Debug\net10.0-android\lp\182\jl\libs\DCFB018199B59345.jar obj\Debug\net10.0-android\lp\183\jl\libs\F91D79B39A269A7E.jar obj\Debug\net10.0-android\lp\184\jl\libs\F01C7EADE990A004.jar obj\Debug\net10.0-android\lp\185\jl\libs\F6DB49E0CC905A9A.jar obj\Debug\net10.0-android\lp\186\jl\libs\A1A754E9E8693F85.jar obj\Debug\net10.0-android\lp\187\jl\libs\B7446A23346A729D.jar obj\Debug\net10.0-android\lp\188\jl\libs\623E6E29E2058512.jar --map-diagnostics warning info

Host: AMD Ryzen 5 5500                               , 12 cores, 31G,  Windows 11 , 64 bit Build 26100 (10.0.26100.9444)
Time: Tue Sep 22 02:48:03 2026 Malay Peninsula Standard Time elapsed time: 2.360328 seconds (0d 0h 0m 2s)

---------------  T H R E A D  ---------------

Current thread (0x000002294b057e80):  WorkerThread "GC Thread#9"    [id=38620, stack(0x000000d85dc00000,0x000000d85dd00000) (1024K)]

Stack: [0x000000d85dc00000,0x000000d85dd00000],  sp=0x000000d85dcff578,  free space=1021k
Native frames: (J=compiled Java code, j=interpreted, Vv=VM code, C=native code)
V  [jvm.dll+0xc44c]


siginfo: EXCEPTION_ACCESS_VIOLATION (0xc0000005), reading address 0x0000000000000100


Registers:
RAX=0x0000000000000000, RBX=0x0000000000000001, RCX=0x0000022906181d40, RDX=0x00000000d4d12f08
RSP=0x000000d85dcff578, RBP=0x000002294c129380, RSI=0x0000022968909d10, RDI=0x0000000000000009
R8 =0x0000022906181d40, R9 =0x0000000000000000, R10=0x00000000d4d12f08, R11=0x0000000000000001
R12=0x0000000000000000, R13=0x00000000d4d12f08, R14=0x000002294c129388, R15=0x0000022906181d40
RIP=0x00007ffdda14c44c, EFLAGS=0x0000000000010246

XMM[0]=0x0000001600001270 0x0000000000000001
XMM[1]=0xde172d20de172968 0xde172420de172958
XMM[2]=0xd56d8e48d56d8e78 0xd56d8e90d56d8ea8
XMM[3]=0x0000000000000000 0x0000000000000000
XMM[4]=0x0000000000000000 0x0000000000000000
XMM[5]=0xde172db0de172da0 0xde172d20de172968
XMM[6]=0x0000000000000000 0x0000000000000000
XMM[7]=0x0000000000000000 0x0000000000000000
XMM[8]=0x0000000000000000 0x0000000000000000
XMM[9]=0x0000000000000000 0x0000000000000000
XMM[10]=0x0000000000000000 0x0000000000000000
XMM[11]=0x0000000000000000 0x0000000000000000
XMM[12]=0x0000000000000000 0x0000000000000000
XMM[13]=0x0000000000000000 0x0000000000000000
XMM[14]=0x0000000000000000 0x0000000000000000
XMM[15]=0x0000000000000000 0x0000000000000000
  MXCSR=0x00001fa0


Register to memory mapping:

RAX=0x0 is null
RBX=0x0000000000000001 is an unknown value
RCX=0x0000022906181d40 is pointing into metadata
RDX=
[error occurred during error reporting (printing register info), id 0xc0000005, EXCEPTION_ACCESS_VIOLATION (0xc0000005) at pc=0x00007ffdda14c44c]
RSP=0x000000d85dcff578 points into unknown readable memory: 0x00007ffdda4a8fbb | bb 8f 4a da fd 7f 00 00
RBP=0x000002294c129380 points into unknown readable memory: 0x00007ffddab84e18 | 18 4e b8 da fd 7f 00 00
RSI=0x0000022968909d10 points into unknown readable memory: 0x0000000000000000 | 00 00 00 00 00 00 00 00
RDI=0x0000000000000009 is an unknown value
R8 =0x0000022906181d40 is pointing into metadata
R9 =0x0 is null
R10=
[error occurred during error reporting (printing register info, attempt 2), id 0xc0000005, EXCEPTION_ACCESS_VIOLATION (0xc0000005) at pc=0x00007ffdda14c44c]
R11=0x0000000000000001 is an unknown value
R12=0x0 is null
R13=
[error occurred during error reporting (printing register info, attempt 3), id 0xc0000005, EXCEPTION_ACCESS_VIOLATION (0xc0000005) at pc=0x00007ffdda14c44c]
Top of Stack: (sp=0x000000d85dcff578)
0x000000d85dcff578:   00007ffdda4a8fbb 0000000000000100
0x000000d85dcff588:   000002294c129380 0000000000000000
0x000000d85dcff598:   000002294c129380 0000022900000001
0x000000d85dcff5a8:   000000d800000000 000002294c129508
0x000000d85dcff5b8:   00000000cd9e1800 000002294c129388
0x000000d85dcff5c8:   000002294aa6afb0 0000000000000000
0x000000d85dcff5d8:   000002294c129380 0000022968909d10
0x000000d85dcff5e8:   0000000000003823 00000000d164f538
0x000000d85dcff5f8:   00007ffdda4aa2cf 0000000000030000
0x000000d85dcff608:   0000022968900100 0000000000000000
0x000000d85dcff618:   0000022903caf1f0 00000000cd9e1800
0x000000d85dcff628:   00000000000000d9 000002294aa6afb0
0x000000d85dcff638:   0000000000000003 000000d85dcff860
0x000000d85dcff648:   00000000cd9e1e08 000000d85dcff860
0x000000d85dcff658:   00007ffdda4a697e 00000000cd9e1800
0x000000d85dcff668:   0000000000000040 00000000cd9e1800
0x000000d85dcff678:   000002294c129380 00000000016577b1
0x000000d85dcff688:   0000000000000000 00000000000000c0
0x000000d85dcff698:   000000d85dcff860 0000022903c24a00
0x000000d85dcff6a8:   00007ffdda4b383e 0000000000000003
0x000000d85dcff6b8:   000000d85dcff6d0 000000d85dcff6e0
0x000000d85dcff6c8:   00007ffdda81a21f 00000000cd9e1800
0x000000d85dcff6d8:   00000000000000c0 00007ffddab86038
0x000000d85dcff6e8:   0000000000000000 00000229689006a0
0x000000d85dcff6f8:   000002294c129380 000000d85dcff8b0
0x000000d85dcff708:   00007ffdda9b47f7 0000000000000003
0x000000d85dcff718:   00000229007bcf20 0000022968908330
0x000000d85dcff728:   00007ffdda4b5622 000000d85dcff7b0
0x000000d85dcff738:   00007ffdda49d0c2 000002294a30e600
0x000000d85dcff748:   00000229007bcf0f 0000000000000003
0x000000d85dcff758:   0000000000000036 0000022968908330
0x000000d85dcff768:   0000000000000010 00000229689006a0 

Instructions: (pc=0x00007ffdda14c44c)
0x00007ffdda14c34c:   45 85 c9 7e 0e 41 f6 c1 01 75 4e 41 c1 f9 03 49
0x00007ffdda14c35c:   63 c1 c3 79 44 84 c0 41 b8 0c 00 00 00 8b 05 39
0x00007ffdda14c36c:   9e c3 00 b9 10 00 00 00 41 0f 45 c8 ff c8 4c 63
0x00007ffdda14c37c:   c0 48 63 14 11 41 8b c9 48 d3 e2 41 c1 f9 10 41
0x00007ffdda14c38c:   0f b6 c1 49 8d 0c 10 49 f7 d0 48 03 c1 49 c1 e8
0x00007ffdda14c39c:   03 48 c1 e8 03 49 23 c0 c3 49 8b 00 49 8b c8 48
0x00007ffdda14c3ac:   ff a0 00 01 00 00 cc cc cc cc cc cc cc cc cc cc
0x00007ffdda14c3bc:   cc cc cc cc 8b 44 24 30 45 03 c9 44 2b 4c 24 28
0x00007ffdda14c3cc:   83 c0 0b 44 03 ca 45 03 c8 41 03 c1 c3 cc cc cc
0x00007ffdda14c3dc:   cc cc cc cc 4c 8b c2 48 8b d1 45 8b 48 08 45 85
0x00007ffdda14c3ec:   c9 7e 0e 41 f6 c1 01 75 51 41 c1 f9 03 49 63 c1
0x00007ffdda14c3fc:   c3 79 47 80 3d b2 9f c3 00 00 b8 0c 00 00 00 b9
0x00007ffdda14c40c:   10 00 00 00 0f 45 c8 8b 05 8f 9d c3 00 ff c8 4c
0x00007ffdda14c41c:   63 c0 48 63 14 11 41 8b c9 48 d3 e2 41 c1 f9 10
0x00007ffdda14c42c:   41 0f b6 c1 49 8d 0c 10 49 f7 d0 48 03 c1 49 c1
0x00007ffdda14c43c:   e8 03 48 c1 e8 03 49 23 c0 c3 49 8b 00 49 8b c8
0x00007ffdda14c44c:   48 ff a0 00 01 00 00 cc cc cc cc cc cc cc cc cc
0x00007ffdda14c45c:   cc cc cc cc 48 8b 41 08 0f b7 48 2c 0f b7 40 2a
0x00007ffdda14c46c:   83 c0 48 03 c1 c3 cc cc cc cc cc cc cc cc cc cc
0x00007ffdda14c47c:   cc cc cc cc 48 89 5c 24 08 57 48 83 ec 20 0f b6
0x00007ffdda14c48c:   05 af a5 ce 00 48 8b fa 48 8b d9 84 c0 74 4f 48
0x00007ffdda14c49c:   85 15 66 9d ce 00 74 38 48 8b ca e8 84 45 8e 00
0x00007ffdda14c4ac:   48 8b d0 48 85 db 74 25 48 85 c0 74 20 48 8b c7
0x00007ffdda14c4bc:   f0 48 0f b1 13 74 16 48 85 05 3e 9d ce 00 74 0d
0x00007ffdda14c4cc:   48 8b c8 f0 48 0f b1 13 48 3b c1 75 ea 48 8b fa
0x00007ffdda14c4dc:   48 8b c7 48 8b 5c 24 30 48 83 c4 20 5f c3 48 85
0x00007ffdda14c4ec:   3d 1f 9d ce 00 75 28 48 8b 15 26 9d ce 00 33 c0
0x00007ffdda14c4fc:   48 23 d7 48 0b 15 fa 9c ce 00 48 85 ff 48 0f 44
0x00007ffdda14c50c:   d0 48 8b c2 48 8b 5c 24 30 48 83 c4 20 5f c3 48
0x00007ffdda14c51c:   8b cf e8 4d 44 8e 00 48 8b d0 48 85 db 74 3b 48
0x00007ffdda14c52c:   85 c0 74 36 4c 8b c0 4c 23 05 e6 9c ce 00 4c 0b
0x00007ffdda14c53c:   05 17 9d ce 00 74 23 48 8b c7 f0 4c 0f b1 03 74 


Stack slot to memory mapping:

stack at sp + 0 slots: 0x00007ffdda4a8fbb jvm.dll
stack at sp + 1 slots: 0x0000000000000100 is an unknown value
stack at sp + 2 slots: 0x000002294c129380 points into unknown readable memory: 0x00007ffddab84e18 | 18 4e b8 da fd 7f 00 00
stack at sp + 3 slots: 0x0 is null
stack at sp + 4 slots: 0x000002294c129380 points into unknown readable memory: 0x00007ffddab84e18 | 18 4e b8 da fd 7f 00 00
stack at sp + 5 slots: 0x0000022900000001 points into unknown readable memory: b0 11 00 29 02 00 00
stack at sp + 6 slots: 0x000000d800000000 is an unknown value
stack at sp + 7 slots: 0x000002294c129508 points into unknown readable memory: 0x00007ffddab84dd0 | d0 4d b8 da fd 7f 00 00


---------------  P R O C E S S  ---------------

Threads class SMR info:
_java_thread_list=0x000002294a8876f0, length=25, elements={
0x00000229664ec580, 0x0000022904790630, 0x0000022904790e40, 0x00000229047a2370,
0x00000229047a2c30, 0x00000229047af6f0, 0x00000229047afe80, 0x00000229047b41a0,
0x00000229047c5b40, 0x00000229048f7ce0, 0x0000022904905d60, 0x000002294ace80c0,
0x000002294b42f4a0, 0x000002294af88690, 0x000002294b45d0b0, 0x000002294b45d710,
0x000002294b042ff0, 0x000002294b45dd70, 0x000002294ac97680, 0x000002294ac98a30,
0x000002294ac990c0, 0x000002294ac96ff0, 0x000002294ac95c40, 0x000002294b7c3b90,
0x000002294b7c12b0
}

Java Threads: ( => current thread )
  0x00000229664ec580 JavaThread "main"                              [_thread_blocked, id=17760, stack(0x000000d85c000000,0x000000d85c100000) (1024K)]
  0x0000022904790630 JavaThread "Reference Handler"          daemon [_thread_blocked, id=29376, stack(0x000000d85c800000,0x000000d85c900000) (1024K)]
  0x0000022904790e40 JavaThread "Finalizer"                  daemon [_thread_blocked, id=40364, stack(0x000000d85c900000,0x000000d85ca00000) (1024K)]
  0x00000229047a2370 JavaThread "Signal Dispatcher"          daemon [_thread_blocked, id=21576, stack(0x000000d85ca00000,0x000000d85cb00000) (1024K)]
  0x00000229047a2c30 JavaThread "Attach Listener"            daemon [_thread_blocked, id=2156, stack(0x000000d85cb00000,0x000000d85cc00000) (1024K)]
  0x00000229047af6f0 JavaThread "Service Thread"             daemon [_thread_blocked, id=38696, stack(0x000000d85cc00000,0x000000d85cd00000) (1024K)]
  0x00000229047afe80 JavaThread "Monitor Deflation Thread"   daemon [_thread_blocked, id=36364, stack(0x000000d85cd00000,0x000000d85ce00000) (1024K)]
  0x00000229047b41a0 JavaThread "C2 CompilerThread0"         daemon [_thread_blocked, id=36360, stack(0x000000d85ce00000,0x000000d85cf00000) (1024K)]
  0x00000229047c5b40 JavaThread "C1 CompilerThread0"         daemon [_thread_blocked, id=5280, stack(0x000000d85cf00000,0x000000d85d000000) (1024K)]
  0x00000229048f7ce0 JavaThread "Notification Thread"        daemon [_thread_blocked, id=35276, stack(0x000000d85d000000,0x000000d85d100000) (1024K)]
  0x0000022904905d60 JavaThread "Common-Cleaner"             daemon [_thread_blocked, id=30608, stack(0x000000d85d100000,0x000000d85d200000) (1024K)]
  0x000002294ace80c0 JavaThread "ForkJoinPool-1-worker-1"    daemon [_thread_blocked, id=37580, stack(0x000000d85d200000,0x000000d85d300000) (1024K)]
  0x000002294b42f4a0 JavaThread "ForkJoinPool-1-worker-2"    daemon [_thread_blocked, id=29476, stack(0x000000d85d300000,0x000000d85d400000) (1024K)]
  0x000002294af88690 JavaThread "ForkJoinPool-1-worker-3"    daemon [_thread_blocked, id=34820, stack(0x000000d85dd00000,0x000000d85de00000) (1024K)]
  0x000002294b45d0b0 JavaThread "ForkJoinPool-1-worker-4"    daemon [_thread_blocked, id=27684, stack(0x000000d85de00000,0x000000d85df00000) (1024K)]
  0x000002294b45d710 JavaThread "ForkJoinPool-1-worker-5"    daemon [_thread_blocked, id=37684, stack(0x000000d85df00000,0x000000d85e000000) (1024K)]
  0x000002294b042ff0 JavaThread "ForkJoinPool-1-worker-6"    daemon [_thread_blocked, id=30116, stack(0x000000d85e000000,0x000000d85e100000) (1024K)]
  0x000002294b45dd70 JavaThread "ForkJoinPool-1-worker-7"    daemon [_thread_blocked, id=39740, stack(0x000000d85e100000,0x000000d85e200000) (1024K)]
  0x000002294ac97680 JavaThread "ForkJoinPool-1-worker-8"    daemon [_thread_blocked, id=33860, stack(0x000000d85e200000,0x000000d85e300000) (1024K)]
  0x000002294ac98a30 JavaThread "ForkJoinPool-1-worker-9"    daemon [_thread_blocked, id=40696, stack(0x000000d85e300000,0x000000d85e400000) (1024K)]
  0x000002294ac990c0 JavaThread "ForkJoinPool-1-worker-10"   daemon [_thread_blocked, id=29324, stack(0x000000d85e400000,0x000000d85e500000) (1024K)]
  0x000002294ac96ff0 JavaThread "ForkJoinPool-1-worker-11"   daemon [_thread_blocked, id=40728, stack(0x000000d85e500000,0x000000d85e600000) (1024K)]
  0x000002294ac95c40 JavaThread "ForkJoinPool-1-worker-12"   daemon [_thread_blocked, id=35440, stack(0x000000d85e600000,0x000000d85e700000) (1024K)]
  0x000002294b7c3b90 JavaThread "C2 CompilerThread1"         daemon [_thread_blocked, id=28648, stack(0x000000d85e700000,0x000000d85e800000) (1024K)]
  0x000002294b7c12b0 JavaThread "C2 CompilerThread2"         daemon [_thread_blocked, id=40940, stack(0x000000d85e800000,0x000000d85e900000) (1024K)]
Total: 25

Other Threads:
  0x00000229047756f0 VMThread "VM Thread"                           [id=8660, stack(0x000000d85c700000,0x000000d85c800000) (1024K)]
  0x0000022903d6eb80 WatcherThread "VM Periodic Task Thread"        [id=34272, stack(0x000000d85c600000,0x000000d85c700000) (1024K)]
  0x0000022968929940 WorkerThread "GC Thread#0"                     [id=27396, stack(0x000000d85c100000,0x000000d85c200000) (1024K)]
  0x000002294a9635a0 WorkerThread "GC Thread#1"                     [id=23436, stack(0x000000d85d400000,0x000000d85d500000) (1024K)]
  0x000002294a963940 WorkerThread "GC Thread#2"                     [id=40196, stack(0x000000d85d500000,0x000000d85d600000) (1024K)]
  0x000002294ab6cee0 WorkerThread "GC Thread#3"                     [id=36032, stack(0x000000d85d600000,0x000000d85d700000) (1024K)]
  0x000002294ab6d280 WorkerThread "GC Thread#4"                     [id=21768, stack(0x000000d85d700000,0x000000d85d800000) (1024K)]
  0x000002294ab6d620 WorkerThread "GC Thread#5"                     [id=22972, stack(0x000000d85d800000,0x000000d85d900000) (1024K)]
  0x000002294a29c630 WorkerThread "GC Thread#6"                     [id=2612, stack(0x000000d85d900000,0x000000d85da00000) (1024K)]
  0x000002294a29c9d0 WorkerThread "GC Thread#7"                     [id=29168, stack(0x000000d85da00000,0x000000d85db00000) (1024K)]
  0x000002294a29cd70 WorkerThread "GC Thread#8"                     [id=30864, stack(0x000000d85db00000,0x000000d85dc00000) (1024K)]
=>0x000002294b057e80 WorkerThread "GC Thread#9"                     [id=38620, stack(0x000000d85dc00000,0x000000d85dd00000) (1024K)]
  0x0000022968932ce0 ConcurrentGCThread "G1 Main Marker"            [id=11156, stack(0x000000d85c200000,0x000000d85c300000) (1024K)]
  0x00000229689346e0 WorkerThread "G1 Conc#0"                       [id=36116, stack(0x000000d85c300000,0x000000d85c400000) (1024K)]
  0x0000022903d64040 ConcurrentGCThread "G1 Refine#0"               [id=31200, stack(0x000000d85c400000,0x000000d85c500000) (1024K)]
  0x0000022903d65480 ConcurrentGCThread "G1 Service"                [id=25656, stack(0x000000d85c500000,0x000000d85c600000) (1024K)]
Total: 16

Threads with active compile tasks:
C2 CompilerThread0  2386 2923       4       com.android.tools.r8.internal.de::a (4509 bytes)
C2 CompilerThread1  2386 2952   !   4       java.util.concurrent.ForkJoinTask::doExec (37 bytes)
C2 CompilerThread2  2386 2973       4       com.android.tools.r8.graph.w4::c (165 bytes)
Total: 3

VM state: at safepoint (normal execution)

VM Mutex/Monitor currently owned by a thread:  ([mutex/lock_event])
[0x00007ffddae0a7c8] Threads_lock - owner thread: 0x00000229047756f0
[0x00007ffddae0a8c8] Heap_lock - owner thread: 0x000002294ac98a30

Heap address: 0x00000000c0000000, size: 1024 MB, Compressed Oops mode: 32-bit

CDS archive(s) mapped at: [0x0000022905000000-0x0000022905c80000-0x0000022905c80000), size 13107200, SharedBaseAddress: 0x0000022905000000, ArchiveRelocationMode: 1.
Compressed class space mapped at: 0x0000022906000000-0x0000022946000000, reserved size: 1073741824
Narrow klass base: 0x0000022905000000, Narrow klass shift: 0, Narrow klass range: 0x100000000

GC Precious Log:
 CardTable entry size: 512
 Card Set container configuration: InlinePtr #cards 5 size 8 Array Of Cards #cards 12 size 40 Howl #buckets 4 coarsen threshold 1843 Howl Bitmap #cards 512 size 80 coarsen threshold 460 Card regions per heap region 1 cards per card region 2048
 CPUs: 12 total, 12 available
 Memory: 32636M
 Large Page Support: Disabled
 NUMA Support: Disabled
 Compressed Oops: Enabled (32-bit)
 Heap Region Size: 1M
 Heap Min Capacity: 8M
 Heap Initial Capacity: 510M
 Heap Max Capacity: 1G
 Pre-touch: Disabled
 Parallel Workers: 10
 Concurrent Workers: 3
 Concurrent Refinement Workers: 10
 Periodic GC: Disabled

Heap:
 garbage-first heap   total 627712K, used 500224K [0x00000000c0000000, 0x0000000100000000)
  region size 1024K, 234 young (239616K), 29 survivors (29696K)
 Metaspace       used 12973K, committed 13248K, reserved 1114112K
  class space    used 1728K, committed 1856K, reserved 1048576K

Heap Regions: E=young(eden), S=young(survivor), O=old, HS=humongous(starts), HC=humongous(continues), CS=collection set, F=free, TAMS=top-at-mark-start, PB=parsable bottom
|   0|0x00000000c0000000, 0x00000000c0100000, 0x00000000c0100000|100%|HS|  |TAMS 0x00000000c0000000| PB 0x00000000c0000000| Complete 
|   1|0x00000000c0100000, 0x00000000c0200000, 0x00000000c0200000|100%| O|  |TAMS 0x00000000c0100000| PB 0x00000000c0100000| Untracked 
|   2|0x00000000c0200000, 0x00000000c0300000, 0x00000000c0300000|100%| O|  |TAMS 0x00000000c0200000| PB 0x00000000c0200000| Untracked 
|   3|0x00000000c0300000, 0x00000000c0400000, 0x00000000c0400000|100%| O|  |TAMS 0x00000000c0300000| PB 0x00000000c0300000| Untracked 
|   4|0x00000000c0400000, 0x00000000c0500000, 0x00000000c0500000|100%| O|  |TAMS 0x00000000c0400000| PB 0x00000000c0400000| Untracked 
|   5|0x00000000c0500000, 0x00000000c0600000, 0x00000000c0600000|100%| O|  |TAMS 0x00000000c0500000| PB 0x00000000c0500000| Untracked 
|   6|0x00000000c0600000, 0x00000000c0700000, 0x00000000c0700000|100%|HS|  |TAMS 0x00000000c0600000| PB 0x00000000c0600000| Complete 
|   7|0x00000000c0700000, 0x00000000c0800000, 0x00000000c0800000|100%|HC|  |TAMS 0x00000000c0700000| PB 0x00000000c0700000| Complete 
|   8|0x00000000c0800000, 0x00000000c0900000, 0x00000000c0900000|100%| O|  |TAMS 0x00000000c0800000| PB 0x00000000c0800000| Untracked 
|   9|0x00000000c0900000, 0x00000000c0a00000, 0x00000000c0a00000|100%| O|  |TAMS 0x00000000c0900000| PB 0x00000000c0900000| Untracked 
|  10|0x00000000c0a00000, 0x00000000c0b00000, 0x00000000c0b00000|100%| O|  |TAMS 0x00000000c0a00000| PB 0x00000000c0a00000| Untracked 
|  11|0x00000000c0b00000, 0x00000000c0c00000, 0x00000000c0c00000|100%| O|  |TAMS 0x00000000c0b00000| PB 0x00000000c0b00000| Untracked 
|  12|0x00000000c0c00000, 0x00000000c0d00000, 0x00000000c0d00000|100%| O|  |TAMS 0x00000000c0c00000| PB 0x00000000c0c00000| Untracked 
|  13|0x00000000c0d00000, 0x00000000c0e00000, 0x00000000c0e00000|100%| O|  |TAMS 0x00000000c0d00000| PB 0x00000000c0d00000| Untracked 
|  14|0x00000000c0e00000, 0x00000000c0f00000, 0x00000000c0f00000|100%| O|  |TAMS 0x00000000c0e00000| PB 0x00000000c0e00000| Untracked 
|  15|0x00000000c0f00000, 0x00000000c1000000, 0x00000000c1000000|100%| O|  |TAMS 0x00000000c0f00000| PB 0x00000000c0f00000| Untracked 
|  16|0x00000000c1000000, 0x00000000c1100000, 0x00000000c1100000|100%| O|  |TAMS 0x00000000c1000000| PB 0x00000000c1000000| Untracked 
|  17|0x00000000c1100000, 0x00000000c1200000, 0x00000000c1200000|100%| O|  |TAMS 0x00000000c1100000| PB 0x00000000c1100000| Untracked 
|  18|0x00000000c1200000, 0x00000000c1300000, 0x00000000c1300000|100%| O|  |TAMS 0x00000000c1200000| PB 0x00000000c1200000| Untracked 
|  19|0x00000000c1300000, 0x00000000c1400000, 0x00000000c1400000|100%| O|  |TAMS 0x00000000c1300000| PB 0x00000000c1300000| Untracked 
|  20|0x00000000c1400000, 0x00000000c1500000, 0x00000000c1500000|100%| O|  |TAMS 0x00000000c1400000| PB 0x00000000c1400000| Untracked 
|  21|0x00000000c1500000, 0x00000000c1600000, 0x00000000c1600000|100%| O|  |TAMS 0x00000000c1500000| PB 0x00000000c1500000| Untracked 
|  22|0x00000000c1600000, 0x00000000c1700000, 0x00000000c1700000|100%| O|  |TAMS 0x00000000c1600000| PB 0x00000000c1600000| Untracked 
|  23|0x00000000c1700000, 0x00000000c1800000, 0x00000000c1800000|100%| O|  |TAMS 0x00000000c1700000| PB 0x00000000c1700000| Untracked 
|  24|0x00000000c1800000, 0x00000000c1900000, 0x00000000c1900000|100%| O|  |TAMS 0x00000000c1800000| PB 0x00000000c1800000| Untracked 
|  25|0x00000000c1900000, 0x00000000c1a00000, 0x00000000c1a00000|100%| O|  |TAMS 0x00000000c1900000| PB 0x00000000c1900000| Untracked 
|  26|0x00000000c1a00000, 0x00000000c1b00000, 0x00000000c1b00000|100%| O|  |TAMS 0x00000000c1a00000| PB 0x00000000c1a00000| Untracked 
|  27|0x00000000c1b00000, 0x00000000c1c00000, 0x00000000c1c00000|100%| O|  |TAMS 0x00000000c1b00000| PB 0x00000000c1b00000| Untracked 
|  28|0x00000000c1c00000, 0x00000000c1d00000, 0x00000000c1d00000|100%| O|  |TAMS 0x00000000c1c00000| PB 0x00000000c1c00000| Untracked 
|  29|0x00000000c1d00000, 0x00000000c1e00000, 0x00000000c1e00000|100%| O|  |TAMS 0x00000000c1d00000| PB 0x00000000c1d00000| Untracked 
|  30|0x00000000c1e00000, 0x00000000c1f00000, 0x00000000c1f00000|100%| O|  |TAMS 0x00000000c1e00000| PB 0x00000000c1e00000| Untracked 
|  31|0x00000000c1f00000, 0x00000000c2000000, 0x00000000c2000000|100%| O|  |TAMS 0x00000000c1f00000| PB 0x00000000c1f00000| Untracked 
|  32|0x00000000c2000000, 0x00000000c2100000, 0x00000000c2100000|100%| O|  |TAMS 0x00000000c2000000| PB 0x00000000c2000000| Untracked 
|  33|0x00000000c2100000, 0x00000000c2200000, 0x00000000c2200000|100%| O|  |TAMS 0x00000000c2100000| PB 0x00000000c2100000| Untracked 
|  34|0x00000000c2200000, 0x00000000c2300000, 0x00000000c2300000|100%| O|  |TAMS 0x00000000c2200000| PB 0x00000000c2200000| Untracked 
|  35|0x00000000c2300000, 0x00000000c2400000, 0x00000000c2400000|100%| O|  |TAMS 0x00000000c2300000| PB 0x00000000c2300000| Untracked 
|  36|0x00000000c2400000, 0x00000000c2500000, 0x00000000c2500000|100%| O|  |TAMS 0x00000000c2400000| PB 0x00000000c2400000| Untracked 
|  37|0x00000000c2500000, 0x00000000c2600000, 0x00000000c2600000|100%|HS|  |TAMS 0x00000000c2500000| PB 0x00000000c2500000| Complete 
|  38|0x00000000c2600000, 0x00000000c2700000, 0x00000000c2700000|100%| O|  |TAMS 0x00000000c2600000| PB 0x00000000c2600000| Untracked 
|  39|0x00000000c2700000, 0x00000000c2800000, 0x00000000c2800000|100%| O|  |TAMS 0x00000000c2700000| PB 0x00000000c2700000| Untracked 
|  40|0x00000000c2800000, 0x00000000c2900000, 0x00000000c2900000|100%| O|  |TAMS 0x00000000c2800000| PB 0x00000000c2800000| Untracked 
|  41|0x00000000c2900000, 0x00000000c2a00000, 0x00000000c2a00000|100%| O|  |TAMS 0x00000000c2900000| PB 0x00000000c2900000| Untracked 
|  42|0x00000000c2a00000, 0x00000000c2b00000, 0x00000000c2b00000|100%| O|  |TAMS 0x00000000c2a00000| PB 0x00000000c2a00000| Untracked 
|  43|0x00000000c2b00000, 0x00000000c2c00000, 0x00000000c2c00000|100%| O|  |TAMS 0x00000000c2b00000| PB 0x00000000c2b00000| Untracked 
|  44|0x00000000c2c00000, 0x00000000c2d00000, 0x00000000c2d00000|100%| O|  |TAMS 0x00000000c2c00000| PB 0x00000000c2c00000| Untracked 
|  45|0x00000000c2d00000, 0x00000000c2e00000, 0x00000000c2e00000|100%| O|  |TAMS 0x00000000c2d00000| PB 0x00000000c2d00000| Untracked 
|  46|0x00000000c2e00000, 0x00000000c2f00000, 0x00000000c2f00000|100%| O|  |TAMS 0x00000000c2e00000| PB 0x00000000c2e00000| Untracked 
|  47|0x00000000c2f00000, 0x00000000c3000000, 0x00000000c3000000|100%| O|  |TAMS 0x00000000c2f00000| PB 0x00000000c2f00000| Untracked 
|  48|0x00000000c3000000, 0x00000000c3100000, 0x00000000c3100000|100%| O|  |TAMS 0x00000000c3000000| PB 0x00000000c3000000| Untracked 
|  49|0x00000000c3100000, 0x00000000c3200000, 0x00000000c3200000|100%| O|  |TAMS 0x00000000c3100000| PB 0x00000000c3100000| Untracked 
|  50|0x00000000c3200000, 0x00000000c3300000, 0x00000000c3300000|100%| O|  |TAMS 0x00000000c3200000| PB 0x00000000c3200000| Untracked 
|  51|0x00000000c3300000, 0x00000000c3400000, 0x00000000c3400000|100%| O|  |TAMS 0x00000000c3300000| PB 0x00000000c3300000| Untracked 
|  52|0x00000000c3400000, 0x00000000c3500000, 0x00000000c3500000|100%| O|  |TAMS 0x00000000c3400000| PB 0x00000000c3400000| Untracked 
|  53|0x00000000c3500000, 0x00000000c3600000, 0x00000000c3600000|100%| O|  |TAMS 0x00000000c3500000| PB 0x00000000c3500000| Untracked 
|  54|0x00000000c3600000, 0x00000000c3700000, 0x00000000c3700000|100%| O|  |TAMS 0x00000000c3600000| PB 0x00000000c3600000| Untracked 
|  55|0x00000000c3700000, 0x00000000c3800000, 0x00000000c3800000|100%| O|  |TAMS 0x00000000c3700000| PB 0x00000000c3700000| Untracked 
|  56|0x00000000c3800000, 0x00000000c3900000, 0x00000000c3900000|100%| O|  |TAMS 0x00000000c3800000| PB 0x00000000c3800000| Untracked 
|  57|0x00000000c3900000, 0x00000000c3a00000, 0x00000000c3a00000|100%| O|  |TAMS 0x00000000c3900000| PB 0x00000000c3900000| Untracked 
|  58|0x00000000c3a00000, 0x00000000c3b00000, 0x00000000c3b00000|100%| O|  |TAMS 0x00000000c3a00000| PB 0x00000000c3a00000| Untracked 
|  59|0x00000000c3b00000, 0x00000000c3c00000, 0x00000000c3c00000|100%| O|  |TAMS 0x00000000c3b00000| PB 0x00000000c3b00000| Untracked 
|  60|0x00000000c3c00000, 0x00000000c3d00000, 0x00000000c3d00000|100%| O|  |TAMS 0x00000000c3c00000| PB 0x00000000c3c00000| Untracked 
|  61|0x00000000c3d00000, 0x00000000c3e00000, 0x00000000c3e00000|100%| O|  |TAMS 0x00000000c3d00000| PB 0x00000000c3d00000| Untracked 
|  62|0x00000000c3e00000, 0x00000000c3f00000, 0x00000000c3f00000|100%| O|  |TAMS 0x00000000c3e00000| PB 0x00000000c3e00000| Untracked 
|  63|0x00000000c3f00000, 0x00000000c4000000, 0x00000000c4000000|100%| O|  |TAMS 0x00000000c3f00000| PB 0x00000000c3f00000| Untracked 
|  64|0x00000000c4000000, 0x00000000c4100000, 0x00000000c4100000|100%| O|  |TAMS 0x00000000c4000000| PB 0x00000000c4000000| Untracked 
|  65|0x00000000c4100000, 0x00000000c4200000, 0x00000000c4200000|100%| O|  |TAMS 0x00000000c4100000| PB 0x00000000c4100000| Untracked 
|  66|0x00000000c4200000, 0x00000000c4300000, 0x00000000c4300000|100%| O|  |TAMS 0x00000000c4200000| PB 0x00000000c4200000| Untracked 
|  67|0x00000000c4300000, 0x00000000c4400000, 0x00000000c4400000|100%| O|  |TAMS 0x00000000c4300000| PB 0x00000000c4300000| Untracked 
|  68|0x00000000c4400000, 0x00000000c4500000, 0x00000000c4500000|100%| O|  |TAMS 0x00000000c4400000| PB 0x00000000c4400000| Untracked 
|  69|0x00000000c4500000, 0x00000000c4600000, 0x00000000c4600000|100%| O|  |TAMS 0x00000000c4500000| PB 0x00000000c4500000| Untracked 
|  70|0x00000000c4600000, 0x00000000c4700000, 0x00000000c4700000|100%| O|  |TAMS 0x00000000c4600000| PB 0x00000000c4600000| Untracked 
|  71|0x00000000c4700000, 0x00000000c4800000, 0x00000000c4800000|100%| O|  |TAMS 0x00000000c4700000| PB 0x00000000c4700000| Untracked 
|  72|0x00000000c4800000, 0x00000000c4900000, 0x00000000c4900000|100%| O|  |TAMS 0x00000000c4800000| PB 0x00000000c4800000| Untracked 
|  73|0x00000000c4900000, 0x00000000c4a00000, 0x00000000c4a00000|100%| O|  |TAMS 0x00000000c4900000| PB 0x00000000c4900000| Untracked 
|  74|0x00000000c4a00000, 0x00000000c4b00000, 0x00000000c4b00000|100%| O|  |TAMS 0x00000000c4a00000| PB 0x00000000c4a00000| Untracked 
|  75|0x00000000c4b00000, 0x00000000c4c00000, 0x00000000c4c00000|100%| O|  |TAMS 0x00000000c4b00000| PB 0x00000000c4b00000| Untracked 
|  76|0x00000000c4c00000, 0x00000000c4d00000, 0x00000000c4d00000|100%| O|  |TAMS 0x00000000c4c00000| PB 0x00000000c4c00000| Untracked 
|  77|0x00000000c4d00000, 0x00000000c4e00000, 0x00000000c4e00000|100%| O|  |TAMS 0x00000000c4d00000| PB 0x00000000c4d00000| Untracked 
|  78|0x00000000c4e00000, 0x00000000c4f00000, 0x00000000c4f00000|100%| O|  |TAMS 0x00000000c4e00000| PB 0x00000000c4e00000| Untracked 
|  79|0x00000000c4f00000, 0x00000000c5000000, 0x00000000c5000000|100%| O|  |TAMS 0x00000000c4f00000| PB 0x00000000c4f00000| Untracked 
|  80|0x00000000c5000000, 0x00000000c5100000, 0x00000000c5100000|100%|HS|  |TAMS 0x00000000c5000000| PB 0x00000000c5000000| Complete 
|  81|0x00000000c5100000, 0x00000000c5200000, 0x00000000c5200000|100%|HS|  |TAMS 0x00000000c5100000| PB 0x00000000c5100000| Complete 
|  82|0x00000000c5200000, 0x00000000c5300000, 0x00000000c5300000|100%|HS|  |TAMS 0x00000000c5200000| PB 0x00000000c5200000| Complete 
|  83|0x00000000c5300000, 0x00000000c5400000, 0x00000000c5400000|100%| O|  |TAMS 0x00000000c5300000| PB 0x00000000c5300000| Untracked 
|  84|0x00000000c5400000, 0x00000000c5500000, 0x00000000c5500000|100%| O|  |TAMS 0x00000000c5400000| PB 0x00000000c5400000| Untracked 
|  85|0x00000000c5500000, 0x00000000c5600000, 0x00000000c5600000|100%| O|  |TAMS 0x00000000c5500000| PB 0x00000000c5500000| Untracked 
|  86|0x00000000c5600000, 0x00000000c5700000, 0x00000000c5700000|100%| O|  |TAMS 0x00000000c5600000| PB 0x00000000c5600000| Untracked 
|  87|0x00000000c5700000, 0x00000000c5800000, 0x00000000c5800000|100%| O|  |TAMS 0x00000000c5700000| PB 0x00000000c5700000| Untracked 
|  88|0x00000000c5800000, 0x00000000c5900000, 0x00000000c5900000|100%| O|  |TAMS 0x00000000c5800000| PB 0x00000000c5800000| Untracked 
|  89|0x00000000c5900000, 0x00000000c5a00000, 0x00000000c5a00000|100%| O|  |TAMS 0x00000000c5900000| PB 0x00000000c5900000| Untracked 
|  90|0x00000000c5a00000, 0x00000000c5b00000, 0x00000000c5b00000|100%| O|  |TAMS 0x00000000c5a00000| PB 0x00000000c5a00000| Untracked 
|  91|0x00000000c5b00000, 0x00000000c5c00000, 0x00000000c5c00000|100%| O|  |TAMS 0x00000000c5b00000| PB 0x00000000c5b00000| Untracked 
|  92|0x00000000c5c00000, 0x00000000c5d00000, 0x00000000c5d00000|100%| O|  |TAMS 0x00000000c5c00000| PB 0x00000000c5c00000| Untracked 
|  93|0x00000000c5d00000, 0x00000000c5e00000, 0x00000000c5e00000|100%| O|  |TAMS 0x00000000c5d00000| PB 0x00000000c5d00000| Untracked 
|  94|0x00000000c5e00000, 0x00000000c5f00000, 0x00000000c5f00000|100%| O|  |TAMS 0x00000000c5e00000| PB 0x00000000c5e00000| Untracked 
|  95|0x00000000c5f00000, 0x00000000c6000000, 0x00000000c6000000|100%| O|  |TAMS 0x00000000c5f00000| PB 0x00000000c5f00000| Untracked 
|  96|0x00000000c6000000, 0x00000000c6100000, 0x00000000c6100000|100%| O|  |TAMS 0x00000000c6000000| PB 0x00000000c6000000| Untracked 
|  97|0x00000000c6100000, 0x00000000c6200000, 0x00000000c6200000|100%| O|  |TAMS 0x00000000c6100000| PB 0x00000000c6100000| Untracked 
|  98|0x00000000c6200000, 0x00000000c6300000, 0x00000000c6300000|100%| O|  |TAMS 0x00000000c6200000| PB 0x00000000c6200000| Untracked 
|  99|0x00000000c6300000, 0x00000000c6400000, 0x00000000c6400000|100%| O|  |TAMS 0x00000000c6300000| PB 0x00000000c6300000| Untracked 
| 100|0x00000000c6400000, 0x00000000c6500000, 0x00000000c6500000|100%| O|  |TAMS 0x00000000c6400000| PB 0x00000000c6400000| Untracked 
| 101|0x00000000c6500000, 0x00000000c6600000, 0x00000000c6600000|100%| O|  |TAMS 0x00000000c6500000| PB 0x00000000c6500000| Untracked 
| 102|0x00000000c6600000, 0x00000000c6700000, 0x00000000c6700000|100%| O|  |TAMS 0x00000000c6600000| PB 0x00000000c6600000| Untracked 
| 103|0x00000000c6700000, 0x00000000c6800000, 0x00000000c6800000|100%| O|  |TAMS 0x00000000c6700000| PB 0x00000000c6700000| Untracked 
| 104|0x00000000c6800000, 0x00000000c6900000, 0x00000000c6900000|100%| O|  |TAMS 0x00000000c6800000| PB 0x00000000c6800000| Untracked 
| 105|0x00000000c6900000, 0x00000000c6a00000, 0x00000000c6a00000|100%| O|  |TAMS 0x00000000c6900000| PB 0x00000000c6900000| Untracked 
| 106|0x00000000c6a00000, 0x00000000c6b00000, 0x00000000c6b00000|100%| O|  |TAMS 0x00000000c6a00000| PB 0x00000000c6a00000| Untracked 
| 107|0x00000000c6b00000, 0x00000000c6c00000, 0x00000000c6c00000|100%| O|  |TAMS 0x00000000c6b00000| PB 0x00000000c6b00000| Untracked 
| 108|0x00000000c6c00000, 0x00000000c6d00000, 0x00000000c6d00000|100%| O|  |TAMS 0x00000000c6c00000| PB 0x00000000c6c00000| Untracked 
| 109|0x00000000c6d00000, 0x00000000c6e00000, 0x00000000c6e00000|100%| O|  |TAMS 0x00000000c6d00000| PB 0x00000000c6d00000| Untracked 
| 110|0x00000000c6e00000, 0x00000000c6f00000, 0x00000000c6f00000|100%| O|  |TAMS 0x00000000c6e00000| PB 0x00000000c6e00000| Untracked 
| 111|0x00000000c6f00000, 0x00000000c7000000, 0x00000000c7000000|100%| O|  |TAMS 0x00000000c6f00000| PB 0x00000000c6f00000| Untracked 
| 112|0x00000000c7000000, 0x00000000c7100000, 0x00000000c7100000|100%| O|  |TAMS 0x00000000c7000000| PB 0x00000000c7000000| Untracked 
| 113|0x00000000c7100000, 0x00000000c7200000, 0x00000000c7200000|100%| O|  |TAMS 0x00000000c7100000| PB 0x00000000c7100000| Untracked 
| 114|0x00000000c7200000, 0x00000000c7300000, 0x00000000c7300000|100%| O|  |TAMS 0x00000000c7200000| PB 0x00000000c7200000| Untracked 
| 115|0x00000000c7300000, 0x00000000c7400000, 0x00000000c7400000|100%| O|  |TAMS 0x00000000c7300000| PB 0x00000000c7300000| Untracked 
| 116|0x00000000c7400000, 0x00000000c7500000, 0x00000000c7500000|100%| O|  |TAMS 0x00000000c7400000| PB 0x00000000c7400000| Untracked 
| 117|0x00000000c7500000, 0x00000000c7600000, 0x00000000c7600000|100%| O|  |TAMS 0x00000000c7500000| PB 0x00000000c7500000| Untracked 
| 118|0x00000000c7600000, 0x00000000c7700000, 0x00000000c7700000|100%| O|  |TAMS 0x00000000c7600000| PB 0x00000000c7600000| Untracked 
| 119|0x00000000c7700000, 0x00000000c7800000, 0x00000000c7800000|100%| O|  |TAMS 0x00000000c7700000| PB 0x00000000c7700000| Untracked 
| 120|0x00000000c7800000, 0x00000000c7900000, 0x00000000c7900000|100%| O|  |TAMS 0x00000000c7800000| PB 0x00000000c7800000| Untracked 
| 121|0x00000000c7900000, 0x00000000c7a00000, 0x00000000c7a00000|100%| O|  |TAMS 0x00000000c7900000| PB 0x00000000c7900000| Untracked 
| 122|0x00000000c7a00000, 0x00000000c7b00000, 0x00000000c7b00000|100%| O|  |TAMS 0x00000000c7a00000| PB 0x00000000c7a00000| Untracked 
| 123|0x00000000c7b00000, 0x00000000c7c00000, 0x00000000c7c00000|100%|HS|  |TAMS 0x00000000c7b00000| PB 0x00000000c7b00000| Complete 
| 124|0x00000000c7c00000, 0x00000000c7d00000, 0x00000000c7d00000|100%|HS|  |TAMS 0x00000000c7c00000| PB 0x00000000c7c00000| Complete 
| 125|0x00000000c7d00000, 0x00000000c7e00000, 0x00000000c7e00000|100%|HC|  |TAMS 0x00000000c7d00000| PB 0x00000000c7d00000| Complete 
| 126|0x00000000c7e00000, 0x00000000c7f00000, 0x00000000c7f00000|100%| O|  |TAMS 0x00000000c7e00000| PB 0x00000000c7e00000| Untracked 
| 127|0x00000000c7f00000, 0x00000000c8000000, 0x00000000c8000000|100%| O|  |TAMS 0x00000000c7f00000| PB 0x00000000c7f00000| Untracked 
| 128|0x00000000c8000000, 0x00000000c8100000, 0x00000000c8100000|100%| O|  |TAMS 0x00000000c8000000| PB 0x00000000c8000000| Untracked 
| 129|0x00000000c8100000, 0x00000000c8200000, 0x00000000c8200000|100%| O|  |TAMS 0x00000000c8100000| PB 0x00000000c8100000| Untracked 
| 130|0x00000000c8200000, 0x00000000c8300000, 0x00000000c8300000|100%| O|  |TAMS 0x00000000c8200000| PB 0x00000000c8200000| Untracked 
| 131|0x00000000c8300000, 0x00000000c8400000, 0x00000000c8400000|100%| O|  |TAMS 0x00000000c8300000| PB 0x00000000c8300000| Untracked 
| 132|0x00000000c8400000, 0x00000000c8500000, 0x00000000c8500000|100%| O|  |TAMS 0x00000000c8400000| PB 0x00000000c8400000| Untracked 
| 133|0x00000000c8500000, 0x00000000c8600000, 0x00000000c8600000|100%| O|  |TAMS 0x00000000c8500000| PB 0x00000000c8500000| Untracked 
| 134|0x00000000c8600000, 0x00000000c8700000, 0x00000000c8700000|100%| O|  |TAMS 0x00000000c8600000| PB 0x00000000c8600000| Untracked 
| 135|0x00000000c8700000, 0x00000000c8800000, 0x00000000c8800000|100%| O|  |TAMS 0x00000000c8700000| PB 0x00000000c8700000| Untracked 
| 136|0x00000000c8800000, 0x00000000c8900000, 0x00000000c8900000|100%| O|  |TAMS 0x00000000c8800000| PB 0x00000000c8800000| Untracked 
| 137|0x00000000c8900000, 0x00000000c8a00000, 0x00000000c8a00000|100%| O|  |TAMS 0x00000000c8900000| PB 0x00000000c8900000| Untracked 
| 138|0x00000000c8a00000, 0x00000000c8b00000, 0x00000000c8b00000|100%| O|  |TAMS 0x00000000c8a00000| PB 0x00000000c8a00000| Untracked 
| 139|0x00000000c8b00000, 0x00000000c8c00000, 0x00000000c8c00000|100%| O|  |TAMS 0x00000000c8b00000| PB 0x00000000c8b00000| Untracked 
| 140|0x00000000c8c00000, 0x00000000c8d00000, 0x00000000c8d00000|100%| O|  |TAMS 0x00000000c8c00000| PB 0x00000000c8c00000| Untracked 
| 141|0x00000000c8d00000, 0x00000000c8e00000, 0x00000000c8e00000|100%| O|  |TAMS 0x00000000c8d00000| PB 0x00000000c8d00000| Untracked 
| 142|0x00000000c8e00000, 0x00000000c8f00000, 0x00000000c8f00000|100%| O|  |TAMS 0x00000000c8e00000| PB 0x00000000c8e00000| Untracked 
| 143|0x00000000c8f00000, 0x00000000c9000000, 0x00000000c9000000|100%| O|  |TAMS 0x00000000c8f00000| PB 0x00000000c8f00000| Untracked 
| 144|0x00000000c9000000, 0x00000000c9100000, 0x00000000c9100000|100%| O|  |TAMS 0x00000000c9000000| PB 0x00000000c9000000| Untracked 
| 145|0x00000000c9100000, 0x00000000c9200000, 0x00000000c9200000|100%| O|  |TAMS 0x00000000c9100000| PB 0x00000000c9100000| Untracked 
| 146|0x00000000c9200000, 0x00000000c9300000, 0x00000000c9300000|100%| O|  |TAMS 0x00000000c9200000| PB 0x00000000c9200000| Untracked 
| 147|0x00000000c9300000, 0x00000000c9400000, 0x00000000c9400000|100%| O|  |TAMS 0x00000000c9300000| PB 0x00000000c9300000| Untracked 
| 148|0x00000000c9400000, 0x00000000c9500000, 0x00000000c9500000|100%| O|  |TAMS 0x00000000c9400000| PB 0x00000000c9400000| Untracked 
| 149|0x00000000c9500000, 0x00000000c9600000, 0x00000000c9600000|100%| O|  |TAMS 0x00000000c9500000| PB 0x00000000c9500000| Untracked 
| 150|0x00000000c9600000, 0x00000000c9700000, 0x00000000c9700000|100%| O|  |TAMS 0x00000000c9600000| PB 0x00000000c9600000| Untracked 
| 151|0x00000000c9700000, 0x00000000c9800000, 0x00000000c9800000|100%| O|  |TAMS 0x00000000c9700000| PB 0x00000000c9700000| Untracked 
| 152|0x00000000c9800000, 0x00000000c9900000, 0x00000000c9900000|100%| O|  |TAMS 0x00000000c9800000| PB 0x00000000c9800000| Untracked 
| 153|0x00000000c9900000, 0x00000000c9a00000, 0x00000000c9a00000|100%| O|  |TAMS 0x00000000c9900000| PB 0x00000000c9900000| Untracked 
| 154|0x00000000c9a00000, 0x00000000c9b00000, 0x00000000c9b00000|100%| O|  |TAMS 0x00000000c9a00000| PB 0x00000000c9a00000| Untracked 
| 155|0x00000000c9b00000, 0x00000000c9c00000, 0x00000000c9c00000|100%| O|  |TAMS 0x00000000c9b00000| PB 0x00000000c9b00000| Untracked 
| 156|0x00000000c9c00000, 0x00000000c9d00000, 0x00000000c9d00000|100%| O|  |TAMS 0x00000000c9c00000| PB 0x00000000c9c00000| Untracked 
| 157|0x00000000c9d00000, 0x00000000c9e00000, 0x00000000c9e00000|100%| O|  |TAMS 0x00000000c9d00000| PB 0x00000000c9d00000| Untracked 
| 158|0x00000000c9e00000, 0x00000000c9f00000, 0x00000000c9f00000|100%| O|  |TAMS 0x00000000c9e00000| PB 0x00000000c9e00000| Untracked 
| 159|0x00000000c9f00000, 0x00000000ca000000, 0x00000000ca000000|100%| O|  |TAMS 0x00000000c9f00000| PB 0x00000000c9f00000| Untracked 
| 160|0x00000000ca000000, 0x00000000ca100000, 0x00000000ca100000|100%| O|  |TAMS 0x00000000ca000000| PB 0x00000000ca000000| Untracked 
| 161|0x00000000ca100000, 0x00000000ca200000, 0x00000000ca200000|100%| O|  |TAMS 0x00000000ca100000| PB 0x00000000ca100000| Untracked 
| 162|0x00000000ca200000, 0x00000000ca300000, 0x00000000ca300000|100%| O|  |TAMS 0x00000000ca200000| PB 0x00000000ca200000| Untracked 
| 163|0x00000000ca300000, 0x00000000ca400000, 0x00000000ca400000|100%| O|  |TAMS 0x00000000ca300000| PB 0x00000000ca300000| Untracked 
| 164|0x00000000ca400000, 0x00000000ca500000, 0x00000000ca500000|100%| O|  |TAMS 0x00000000ca400000| PB 0x00000000ca400000| Untracked 
| 165|0x00000000ca500000, 0x00000000ca600000, 0x00000000ca600000|100%| O|  |TAMS 0x00000000ca500000| PB 0x00000000ca500000| Untracked 
| 166|0x00000000ca600000, 0x00000000ca700000, 0x00000000ca700000|100%| O|  |TAMS 0x00000000ca600000| PB 0x00000000ca600000| Untracked 
| 167|0x00000000ca700000, 0x00000000ca800000, 0x00000000ca800000|100%| O|  |TAMS 0x00000000ca700000| PB 0x00000000ca700000| Untracked 
| 168|0x00000000ca800000, 0x00000000ca900000, 0x00000000ca900000|100%| O|  |TAMS 0x00000000ca800000| PB 0x00000000ca800000| Untracked 
| 169|0x00000000ca900000, 0x00000000caa00000, 0x00000000caa00000|100%| O|  |TAMS 0x00000000ca900000| PB 0x00000000ca900000| Untracked 
| 170|0x00000000caa00000, 0x00000000cab00000, 0x00000000cab00000|100%| O|  |TAMS 0x00000000caa00000| PB 0x00000000caa00000| Untracked 
| 171|0x00000000cab00000, 0x00000000cac00000, 0x00000000cac00000|100%| O|  |TAMS 0x00000000cab00000| PB 0x00000000cab00000| Untracked 
| 172|0x00000000cac00000, 0x00000000cad00000, 0x00000000cad00000|100%| O|  |TAMS 0x00000000cac00000| PB 0x00000000cac00000| Untracked 
| 173|0x00000000cad00000, 0x00000000cae00000, 0x00000000cae00000|100%| O|  |TAMS 0x00000000cad00000| PB 0x00000000cad00000| Untracked 
| 174|0x00000000cae00000, 0x00000000caf00000, 0x00000000caf00000|100%| O|  |TAMS 0x00000000cae00000| PB 0x00000000cae00000| Untracked 
| 175|0x00000000caf00000, 0x00000000cb000000, 0x00000000cb000000|100%| O|  |TAMS 0x00000000caf00000| PB 0x00000000caf00000| Untracked 
| 176|0x00000000cb000000, 0x00000000cb100000, 0x00000000cb100000|100%| O|  |TAMS 0x00000000cb000000| PB 0x00000000cb000000| Untracked 
| 177|0x00000000cb100000, 0x00000000cb200000, 0x00000000cb200000|100%| O|  |TAMS 0x00000000cb100000| PB 0x00000000cb100000| Untracked 
| 178|0x00000000cb200000, 0x00000000cb300000, 0x00000000cb300000|100%| O|  |TAMS 0x00000000cb200000| PB 0x00000000cb200000| Untracked 
| 179|0x00000000cb300000, 0x00000000cb400000, 0x00000000cb400000|100%| O|  |TAMS 0x00000000cb300000| PB 0x00000000cb300000| Untracked 
| 180|0x00000000cb400000, 0x00000000cb500000, 0x00000000cb500000|100%|HS|  |TAMS 0x00000000cb400000| PB 0x00000000cb400000| Complete 
| 181|0x00000000cb500000, 0x00000000cb600000, 0x00000000cb600000|100%|HC|  |TAMS 0x00000000cb500000| PB 0x00000000cb500000| Complete 
| 182|0x00000000cb600000, 0x00000000cb700000, 0x00000000cb700000|100%| O|  |TAMS 0x00000000cb600000| PB 0x00000000cb600000| Untracked 
| 183|0x00000000cb700000, 0x00000000cb800000, 0x00000000cb800000|100%| O|  |TAMS 0x00000000cb700000| PB 0x00000000cb700000| Untracked 
| 184|0x00000000cb800000, 0x00000000cb900000, 0x00000000cb900000|100%| O|  |TAMS 0x00000000cb800000| PB 0x00000000cb800000| Untracked 
| 185|0x00000000cb900000, 0x00000000cba00000, 0x00000000cba00000|100%| O|  |TAMS 0x00000000cb900000| PB 0x00000000cb900000| Untracked 
| 186|0x00000000cba00000, 0x00000000cbb00000, 0x00000000cbb00000|100%| O|  |TAMS 0x00000000cba00000| PB 0x00000000cba00000| Untracked 
| 187|0x00000000cbb00000, 0x00000000cbc00000, 0x00000000cbc00000|100%| O|  |TAMS 0x00000000cbb00000| PB 0x00000000cbb00000| Untracked 
| 188|0x00000000cbc00000, 0x00000000cbd00000, 0x00000000cbd00000|100%| O|  |TAMS 0x00000000cbc00000| PB 0x00000000cbc00000| Untracked 
| 189|0x00000000cbd00000, 0x00000000cbe00000, 0x00000000cbe00000|100%| O|  |TAMS 0x00000000cbd00000| PB 0x00000000cbd00000| Untracked 
| 190|0x00000000cbe00000, 0x00000000cbf00000, 0x00000000cbf00000|100%| O|  |TAMS 0x00000000cbe00000| PB 0x00000000cbe00000| Untracked 
| 191|0x00000000cbf00000, 0x00000000cc000000, 0x00000000cc000000|100%| O|  |TAMS 0x00000000cbf00000| PB 0x00000000cbf00000| Untracked 
| 192|0x00000000cc000000, 0x00000000cc100000, 0x00000000cc100000|100%| O|  |TAMS 0x00000000cc000000| PB 0x00000000cc000000| Untracked 
| 193|0x00000000cc100000, 0x00000000cc200000, 0x00000000cc200000|100%| O|  |TAMS 0x00000000cc100000| PB 0x00000000cc100000| Untracked 
| 194|0x00000000cc200000, 0x00000000cc300000, 0x00000000cc300000|100%| O|  |TAMS 0x00000000cc200000| PB 0x00000000cc200000| Untracked 
| 195|0x00000000cc300000, 0x00000000cc400000, 0x00000000cc400000|100%| O|  |TAMS 0x00000000cc300000| PB 0x00000000cc300000| Untracked 
| 196|0x00000000cc400000, 0x00000000cc500000, 0x00000000cc500000|100%| O|  |TAMS 0x00000000cc400000| PB 0x00000000cc400000| Untracked 
| 197|0x00000000cc500000, 0x00000000cc600000, 0x00000000cc600000|100%| O|  |TAMS 0x00000000cc500000| PB 0x00000000cc500000| Untracked 
| 198|0x00000000cc600000, 0x00000000cc700000, 0x00000000cc700000|100%| O|  |TAMS 0x00000000cc600000| PB 0x00000000cc600000| Untracked 
| 199|0x00000000cc700000, 0x00000000cc800000, 0x00000000cc800000|100%| O|  |TAMS 0x00000000cc700000| PB 0x00000000cc700000| Untracked 
| 200|0x00000000cc800000, 0x00000000cc900000, 0x00000000cc900000|100%| O|  |TAMS 0x00000000cc800000| PB 0x00000000cc800000| Untracked 
| 201|0x00000000cc900000, 0x00000000cca00000, 0x00000000cca00000|100%| O|  |TAMS 0x00000000cc900000| PB 0x00000000cc900000| Untracked 
| 202|0x00000000cca00000, 0x00000000ccb00000, 0x00000000ccb00000|100%| O|  |TAMS 0x00000000cca00000| PB 0x00000000cca00000| Untracked 
| 203|0x00000000ccb00000, 0x00000000ccc00000, 0x00000000ccc00000|100%| O|  |TAMS 0x00000000ccb00000| PB 0x00000000ccb00000| Untracked 
| 204|0x00000000ccc00000, 0x00000000ccd00000, 0x00000000ccd00000|100%| O|  |TAMS 0x00000000ccc00000| PB 0x00000000ccc00000| Untracked 
| 205|0x00000000ccd00000, 0x00000000cce00000, 0x00000000cce00000|100%| O|  |TAMS 0x00000000ccd00000| PB 0x00000000ccd00000| Untracked 
| 206|0x00000000cce00000, 0x00000000ccf00000, 0x00000000ccf00000|100%| O|  |TAMS 0x00000000cce00000| PB 0x00000000cce00000| Untracked 
| 207|0x00000000ccf00000, 0x00000000cd000000, 0x00000000cd000000|100%| O|  |TAMS 0x00000000ccf00000| PB 0x00000000ccf00000| Untracked 
| 208|0x00000000cd000000, 0x00000000cd100000, 0x00000000cd100000|100%| O|  |TAMS 0x00000000cd000000| PB 0x00000000cd000000| Untracked 
| 209|0x00000000cd100000, 0x00000000cd200000, 0x00000000cd200000|100%| O|  |TAMS 0x00000000cd100000| PB 0x00000000cd100000| Untracked 
| 210|0x00000000cd200000, 0x00000000cd300000, 0x00000000cd300000|100%| O|  |TAMS 0x00000000cd200000| PB 0x00000000cd200000| Untracked 
| 211|0x00000000cd300000, 0x00000000cd400000, 0x00000000cd400000|100%| O|  |TAMS 0x00000000cd300000| PB 0x00000000cd300000| Untracked 
| 212|0x00000000cd400000, 0x00000000cd500000, 0x00000000cd500000|100%| O|  |TAMS 0x00000000cd400000| PB 0x00000000cd400000| Untracked 
| 213|0x00000000cd500000, 0x00000000cd600000, 0x00000000cd600000|100%| O|  |TAMS 0x00000000cd500000| PB 0x00000000cd500000| Untracked 
| 214|0x00000000cd600000, 0x00000000cd700000, 0x00000000cd700000|100%| O|  |TAMS 0x00000000cd600000| PB 0x00000000cd600000| Untracked 
| 215|0x00000000cd700000, 0x00000000cd800000, 0x00000000cd800000|100%| O|  |TAMS 0x00000000cd700000| PB 0x00000000cd700000| Untracked 
| 216|0x00000000cd800000, 0x00000000cd900000, 0x00000000cd900000|100%| O|  |TAMS 0x00000000cd800000| PB 0x00000000cd800000| Untracked 
| 217|0x00000000cd900000, 0x00000000cda00000, 0x00000000cda00000|100%| O|  |TAMS 0x00000000cd900000| PB 0x00000000cd900000| Untracked 
| 218|0x00000000cda00000, 0x00000000cdb00000, 0x00000000cdb00000|100%| O|  |TAMS 0x00000000cda00000| PB 0x00000000cda00000| Untracked 
| 219|0x00000000cdb00000, 0x00000000cdc00000, 0x00000000cdc00000|100%| O|  |TAMS 0x00000000cdb00000| PB 0x00000000cdb00000| Untracked 
| 220|0x00000000cdc00000, 0x00000000cdd00000, 0x00000000cdd00000|100%| O|  |TAMS 0x00000000cdc00000| PB 0x00000000cdc00000| Untracked 
| 221|0x00000000cdd00000, 0x00000000cde00000, 0x00000000cde00000|100%| O|  |TAMS 0x00000000cdd00000| PB 0x00000000cdd00000| Untracked 
| 222|0x00000000cde00000, 0x00000000cdf00000, 0x00000000cdf00000|100%| O|  |TAMS 0x00000000cde00000| PB 0x00000000cde00000| Untracked 
| 223|0x00000000cdf00000, 0x00000000ce000000, 0x00000000ce000000|100%| O|  |TAMS 0x00000000cdf00000| PB 0x00000000cdf00000| Untracked 
| 224|0x00000000ce000000, 0x00000000ce100000, 0x00000000ce100000|100%| O|  |TAMS 0x00000000ce000000| PB 0x00000000ce000000| Untracked 
| 225|0x00000000ce100000, 0x00000000ce200000, 0x00000000ce200000|100%| O|  |TAMS 0x00000000ce100000| PB 0x00000000ce100000| Untracked 
| 226|0x00000000ce200000, 0x00000000ce300000, 0x00000000ce300000|100%| O|  |TAMS 0x00000000ce200000| PB 0x00000000ce200000| Untracked 
| 227|0x00000000ce300000, 0x00000000ce400000, 0x00000000ce400000|100%| O|  |TAMS 0x00000000ce300000| PB 0x00000000ce300000| Untracked 
| 228|0x00000000ce400000, 0x00000000ce500000, 0x00000000ce500000|100%| O|  |TAMS 0x00000000ce400000| PB 0x00000000ce400000| Untracked 
| 229|0x00000000ce500000, 0x00000000ce600000, 0x00000000ce600000|100%| O|  |TAMS 0x00000000ce500000| PB 0x00000000ce500000| Untracked 
| 230|0x00000000ce600000, 0x00000000ce700000, 0x00000000ce700000|100%| O|  |TAMS 0x00000000ce600000| PB 0x00000000ce600000| Untracked 
| 231|0x00000000ce700000, 0x00000000ce800000, 0x00000000ce800000|100%| O|  |TAMS 0x00000000ce700000| PB 0x00000000ce700000| Untracked 
| 232|0x00000000ce800000, 0x00000000ce900000, 0x00000000ce900000|100%| O|  |TAMS 0x00000000ce800000| PB 0x00000000ce800000| Untracked 
| 233|0x00000000ce900000, 0x00000000cea00000, 0x00000000cea00000|100%| O|  |TAMS 0x00000000ce900000| PB 0x00000000ce900000| Untracked 
| 234|0x00000000cea00000, 0x00000000ceb00000, 0x00000000ceb00000|100%| O|  |TAMS 0x00000000cea00000| PB 0x00000000cea00000| Untracked 
| 235|0x00000000ceb00000, 0x00000000cec00000, 0x00000000cec00000|100%| O|  |TAMS 0x00000000ceb00000| PB 0x00000000ceb00000| Untracked 
| 236|0x00000000cec00000, 0x00000000ced00000, 0x00000000ced00000|100%| O|  |TAMS 0x00000000cec00000| PB 0x00000000cec00000| Untracked 
| 237|0x00000000ced00000, 0x00000000cee00000, 0x00000000cee00000|100%| O|  |TAMS 0x00000000ced00000| PB 0x00000000ced00000| Untracked 
| 238|0x00000000cee00000, 0x00000000cef00000, 0x00000000cef00000|100%| O|  |TAMS 0x00000000cee00000| PB 0x00000000cee00000| Untracked 
| 239|0x00000000cef00000, 0x00000000cf000000, 0x00000000cf000000|100%| O|  |TAMS 0x00000000cef00000| PB 0x00000000cef00000| Untracked 
| 240|0x00000000cf000000, 0x00000000cf100000, 0x00000000cf100000|100%| O|  |TAMS 0x00000000cf000000| PB 0x00000000cf000000| Untracked 
| 241|0x00000000cf100000, 0x00000000cf200000, 0x00000000cf200000|100%| O|  |TAMS 0x00000000cf100000| PB 0x00000000cf100000| Untracked 
| 242|0x00000000cf200000, 0x00000000cf300000, 0x00000000cf300000|100%| O|  |TAMS 0x00000000cf200000| PB 0x00000000cf200000| Untracked 
| 243|0x00000000cf300000, 0x00000000cf400000, 0x00000000cf400000|100%| O|  |TAMS 0x00000000cf300000| PB 0x00000000cf300000| Untracked 
| 244|0x00000000cf400000, 0x00000000cf500000, 0x00000000cf500000|100%| O|  |TAMS 0x00000000cf400000| PB 0x00000000cf400000| Untracked 
| 245|0x00000000cf500000, 0x00000000cf600000, 0x00000000cf600000|100%| O|  |TAMS 0x00000000cf500000| PB 0x00000000cf500000| Untracked 
| 246|0x00000000cf600000, 0x00000000cf700000, 0x00000000cf700000|100%| O|  |TAMS 0x00000000cf600000| PB 0x00000000cf600000| Untracked 
| 247|0x00000000cf700000, 0x00000000cf800000, 0x00000000cf800000|100%| O|  |TAMS 0x00000000cf700000| PB 0x00000000cf700000| Untracked 
| 248|0x00000000cf800000, 0x00000000cf900000, 0x00000000cf900000|100%| O|  |TAMS 0x00000000cf800000| PB 0x00000000cf800000| Untracked 
| 249|0x00000000cf900000, 0x00000000cfa00000, 0x00000000cfa00000|100%| O|  |TAMS 0x00000000cf900000| PB 0x00000000cf900000| Untracked 
| 250|0x00000000cfa00000, 0x00000000cfb00000, 0x00000000cfb00000|100%| O|  |TAMS 0x00000000cfa00000| PB 0x00000000cfa00000| Untracked 
| 251|0x00000000cfb00000, 0x00000000cfc00000, 0x00000000cfc00000|100%| O|  |TAMS 0x00000000cfb00000| PB 0x00000000cfb00000| Untracked 
| 252|0x00000000cfc00000, 0x00000000cfd00000, 0x00000000cfd00000|100%| O|  |TAMS 0x00000000cfc00000| PB 0x00000000cfc00000| Untracked 
| 253|0x00000000cfd00000, 0x00000000cfe00000, 0x00000000cfe00000|100%| O|  |TAMS 0x00000000cfd00000| PB 0x00000000cfd00000| Untracked 
| 254|0x00000000cfe00000, 0x00000000cff00000, 0x00000000cff00000|100%| O|  |TAMS 0x00000000cfe00000| PB 0x00000000cfe00000| Untracked 
| 255|0x00000000cff00000, 0x00000000d0000000, 0x00000000d0000000|100%| O|  |TAMS 0x00000000cff00000| PB 0x00000000cff00000| Untracked 
| 256|0x00000000d0000000, 0x00000000d0100000, 0x00000000d0100000|100%| O|  |TAMS 0x00000000d0000000| PB 0x00000000d0000000| Untracked 
| 257|0x00000000d0100000, 0x00000000d0200000, 0x00000000d0200000|100%| O|  |TAMS 0x00000000d0100000| PB 0x00000000d0100000| Untracked 
| 258|0x00000000d0200000, 0x00000000d0300000, 0x00000000d0300000|100%| O|  |TAMS 0x00000000d0200000| PB 0x00000000d0200000| Untracked 
| 259|0x00000000d0300000, 0x00000000d0400000, 0x00000000d0400000|100%| O|  |TAMS 0x00000000d0300000| PB 0x00000000d0300000| Untracked 
| 260|0x00000000d0400000, 0x00000000d0500000, 0x00000000d0500000|100%| O|  |TAMS 0x00000000d0400000| PB 0x00000000d0400000| Untracked 
| 261|0x00000000d0500000, 0x00000000d0600000, 0x00000000d0600000|100%| O|  |TAMS 0x00000000d0500000| PB 0x00000000d0500000| Untracked 
| 262|0x00000000d0600000, 0x00000000d0700000, 0x00000000d0700000|100%| O|  |TAMS 0x00000000d0600000| PB 0x00000000d0600000| Untracked 
| 263|0x00000000d0700000, 0x00000000d0800000, 0x00000000d0800000|100%| O|  |TAMS 0x00000000d0700000| PB 0x00000000d0700000| Untracked 
| 264|0x00000000d0800000, 0x00000000d0900000, 0x00000000d0900000|100%| O|  |TAMS 0x00000000d0800000| PB 0x00000000d0800000| Untracked 
| 265|0x00000000d0900000, 0x00000000d0a00000, 0x00000000d0a00000|100%| O|  |TAMS 0x00000000d0900000| PB 0x00000000d0900000| Untracked 
| 266|0x00000000d0a00000, 0x00000000d0b00000, 0x00000000d0b00000|100%| O|  |TAMS 0x00000000d0a00000| PB 0x00000000d0a00000| Untracked 
| 267|0x00000000d0b00000, 0x00000000d0c00000, 0x00000000d0c00000|100%| O|  |TAMS 0x00000000d0b00000| PB 0x00000000d0b00000| Untracked 
| 268|0x00000000d0c00000, 0x00000000d0d00000, 0x00000000d0d00000|100%| O|  |TAMS 0x00000000d0c00000| PB 0x00000000d0c00000| Untracked 
| 269|0x00000000d0d00000, 0x00000000d0e00000, 0x00000000d0e00000|100%| O|  |TAMS 0x00000000d0d00000| PB 0x00000000d0d00000| Untracked 
| 270|0x00000000d0e00000, 0x00000000d0f00000, 0x00000000d0f00000|100%| O|  |TAMS 0x00000000d0e00000| PB 0x00000000d0e00000| Untracked 
| 271|0x00000000d0f00000, 0x00000000d1000000, 0x00000000d1000000|100%| O|  |TAMS 0x00000000d0f00000| PB 0x00000000d0f00000| Untracked 
| 272|0x00000000d1000000, 0x00000000d1100000, 0x00000000d1100000|100%| O|  |TAMS 0x00000000d1000000| PB 0x00000000d1000000| Untracked 
| 273|0x00000000d1100000, 0x00000000d1200000, 0x00000000d1200000|100%| O|  |TAMS 0x00000000d1100000| PB 0x00000000d1100000| Untracked 
| 274|0x00000000d1200000, 0x00000000d1300000, 0x00000000d1300000|100%| O|  |TAMS 0x00000000d1200000| PB 0x00000000d1200000| Untracked 
| 275|0x00000000d1300000, 0x00000000d1400000, 0x00000000d1400000|100%| O|  |TAMS 0x00000000d1300000| PB 0x00000000d1300000| Untracked 
| 276|0x00000000d1400000, 0x00000000d1500000, 0x00000000d1500000|100%| O|  |TAMS 0x00000000d1400000| PB 0x00000000d1400000| Untracked 
| 277|0x00000000d1500000, 0x00000000d1600000, 0x00000000d1600000|100%| O|  |TAMS 0x00000000d1500000| PB 0x00000000d1500000| Untracked 
| 278|0x00000000d1600000, 0x00000000d1700000, 0x00000000d1700000|100%| O|  |TAMS 0x00000000d1600000| PB 0x00000000d1600000| Untracked 
| 279|0x00000000d1700000, 0x00000000d1800000, 0x00000000d1800000|100%| O|  |TAMS 0x00000000d1700000| PB 0x00000000d1700000| Untracked 
| 280|0x00000000d1800000, 0x00000000d1900000, 0x00000000d1900000|100%| O|  |TAMS 0x00000000d1800000| PB 0x00000000d1800000| Untracked 
| 281|0x00000000d1900000, 0x00000000d1a00000, 0x00000000d1a00000|100%| O|  |TAMS 0x00000000d1900000| PB 0x00000000d1900000| Untracked 
| 282|0x00000000d1a00000, 0x00000000d1b00000, 0x00000000d1b00000|100%| O|  |TAMS 0x00000000d1a00000| PB 0x00000000d1a00000| Untracked 
| 283|0x00000000d1b00000, 0x00000000d1c00000, 0x00000000d1c00000|100%| O|  |TAMS 0x00000000d1b00000| PB 0x00000000d1b00000| Untracked 
| 284|0x00000000d1c00000, 0x00000000d1d00000, 0x00000000d1d00000|100%| O|  |TAMS 0x00000000d1c00000| PB 0x00000000d1c00000| Untracked 
| 285|0x00000000d1d00000, 0x00000000d1e00000, 0x00000000d1e00000|100%| O|  |TAMS 0x00000000d1d00000| PB 0x00000000d1d00000| Untracked 
| 286|0x00000000d1e00000, 0x00000000d1f00000, 0x00000000d1f00000|100%| O|  |TAMS 0x00000000d1e00000| PB 0x00000000d1e00000| Untracked 
| 287|0x00000000d1f00000, 0x00000000d2000000, 0x00000000d2000000|100%| O|  |TAMS 0x00000000d1f00000| PB 0x00000000d1f00000| Untracked 
| 288|0x00000000d2000000, 0x00000000d2100000, 0x00000000d2100000|100%| O|  |TAMS 0x00000000d2000000| PB 0x00000000d2000000| Untracked 
| 289|0x00000000d2100000, 0x00000000d2200000, 0x00000000d2200000|100%| O|  |TAMS 0x00000000d2100000| PB 0x00000000d2100000| Untracked 
| 290|0x00000000d2200000, 0x00000000d2300000, 0x00000000d2300000|100%| O|  |TAMS 0x00000000d2200000| PB 0x00000000d2200000| Untracked 
| 291|0x00000000d2300000, 0x00000000d2400000, 0x00000000d2400000|100%| O|  |TAMS 0x00000000d2300000| PB 0x00000000d2300000| Untracked 
| 292|0x00000000d2400000, 0x00000000d2500000, 0x00000000d2500000|100%| O|  |TAMS 0x00000000d2400000| PB 0x00000000d2400000| Untracked 
| 293|0x00000000d2500000, 0x00000000d2600000, 0x00000000d2600000|100%| O|  |TAMS 0x00000000d2500000| PB 0x00000000d2500000| Untracked 
| 294|0x00000000d2600000, 0x00000000d2700000, 0x00000000d2700000|100%| O|  |TAMS 0x00000000d2600000| PB 0x00000000d2600000| Untracked 
| 295|0x00000000d2700000, 0x00000000d2800000, 0x00000000d2800000|100%| O|  |TAMS 0x00000000d2700000| PB 0x00000000d2700000| Untracked 
| 296|0x00000000d2800000, 0x00000000d2900000, 0x00000000d2900000|100%| O|  |TAMS 0x00000000d2800000| PB 0x00000000d2800000| Untracked 
| 297|0x00000000d2900000, 0x00000000d2a00000, 0x00000000d2a00000|100%| O|  |TAMS 0x00000000d2900000| PB 0x00000000d2900000| Untracked 
| 298|0x00000000d2a00000, 0x00000000d2b00000, 0x00000000d2b00000|100%| O|  |TAMS 0x00000000d2a00000| PB 0x00000000d2a00000| Untracked 
| 299|0x00000000d2b00000, 0x00000000d2c00000, 0x00000000d2c00000|100%| O|  |TAMS 0x00000000d2b00000| PB 0x00000000d2b00000| Untracked 
| 300|0x00000000d2c00000, 0x00000000d2c00000, 0x00000000d2d00000|  0%| F|  |TAMS 0x00000000d2c00000| PB 0x00000000d2c00000| Untracked 
| 301|0x00000000d2d00000, 0x00000000d2d00000, 0x00000000d2e00000|  0%| F|  |TAMS 0x00000000d2d00000| PB 0x00000000d2d00000| Untracked 
| 302|0x00000000d2e00000, 0x00000000d2e00000, 0x00000000d2f00000|  0%| F|  |TAMS 0x00000000d2e00000| PB 0x00000000d2e00000| Untracked 
| 303|0x00000000d2f00000, 0x00000000d2f00000, 0x00000000d3000000|  0%| F|  |TAMS 0x00000000d2f00000| PB 0x00000000d2f00000| Untracked 
| 304|0x00000000d3000000, 0x00000000d3000000, 0x00000000d3100000|  0%| F|  |TAMS 0x00000000d3000000| PB 0x00000000d3000000| Untracked 
| 305|0x00000000d3100000, 0x00000000d3100000, 0x00000000d3200000|  0%| F|  |TAMS 0x00000000d3100000| PB 0x00000000d3100000| Untracked 
| 306|0x00000000d3200000, 0x00000000d3200000, 0x00000000d3300000|  0%| F|  |TAMS 0x00000000d3200000| PB 0x00000000d3200000| Untracked 
| 307|0x00000000d3300000, 0x00000000d3400000, 0x00000000d3400000|100%| E|CS|TAMS 0x00000000d3300000| PB 0x00000000d3300000| Complete 
| 308|0x00000000d3400000, 0x00000000d3500000, 0x00000000d3500000|100%| E|CS|TAMS 0x00000000d3400000| PB 0x00000000d3400000| Complete 
| 309|0x00000000d3500000, 0x00000000d3600000, 0x00000000d3600000|100%| E|CS|TAMS 0x00000000d3500000| PB 0x00000000d3500000| Complete 
| 310|0x00000000d3600000, 0x00000000d3700000, 0x00000000d3700000|100%| E|CS|TAMS 0x00000000d3600000| PB 0x00000000d3600000| Complete 
| 311|0x00000000d3700000, 0x00000000d3800000, 0x00000000d3800000|100%| E|CS|TAMS 0x00000000d3700000| PB 0x00000000d3700000| Complete 
| 312|0x00000000d3800000, 0x00000000d3800000, 0x00000000d3900000|  0%| F|  |TAMS 0x00000000d3800000| PB 0x00000000d3800000| Untracked 
| 313|0x00000000d3900000, 0x00000000d3900000, 0x00000000d3a00000|  0%| F|  |TAMS 0x00000000d3900000| PB 0x00000000d3900000| Untracked 
| 314|0x00000000d3a00000, 0x00000000d3a00000, 0x00000000d3b00000|  0%| F|  |TAMS 0x00000000d3a00000| PB 0x00000000d3a00000| Untracked 
| 315|0x00000000d3b00000, 0x00000000d3b00000, 0x00000000d3c00000|  0%| F|  |TAMS 0x00000000d3b00000| PB 0x00000000d3b00000| Untracked 
| 316|0x00000000d3c00000, 0x00000000d3c00000, 0x00000000d3d00000|  0%| F|  |TAMS 0x00000000d3c00000| PB 0x00000000d3c00000| Untracked 
| 317|0x00000000d3d00000, 0x00000000d3d00000, 0x00000000d3e00000|  0%| F|  |TAMS 0x00000000d3d00000| PB 0x00000000d3d00000| Untracked 
| 318|0x00000000d3e00000, 0x00000000d3e00000, 0x00000000d3f00000|  0%| F|  |TAMS 0x00000000d3e00000| PB 0x00000000d3e00000| Untracked 
| 319|0x00000000d3f00000, 0x00000000d3f00000, 0x00000000d4000000|  0%| F|  |TAMS 0x00000000d3f00000| PB 0x00000000d3f00000| Untracked 
| 320|0x00000000d4000000, 0x00000000d4000000, 0x00000000d4100000|  0%| F|  |TAMS 0x00000000d4000000| PB 0x00000000d4000000| Untracked 
| 321|0x00000000d4100000, 0x00000000d4100000, 0x00000000d4200000|  0%| F|  |TAMS 0x00000000d4100000| PB 0x00000000d4100000| Untracked 
| 322|0x00000000d4200000, 0x00000000d4200000, 0x00000000d4300000|  0%| F|  |TAMS 0x00000000d4200000| PB 0x00000000d4200000| Untracked 
| 323|0x00000000d4300000, 0x00000000d4300000, 0x00000000d4400000|  0%| F|  |TAMS 0x00000000d4300000| PB 0x00000000d4300000| Untracked 
| 324|0x00000000d4400000, 0x00000000d4400000, 0x00000000d4500000|  0%| F|  |TAMS 0x00000000d4400000| PB 0x00000000d4400000| Untracked 
| 325|0x00000000d4500000, 0x00000000d4500000, 0x00000000d4600000|  0%| F|  |TAMS 0x00000000d4500000| PB 0x00000000d4500000| Untracked 
| 326|0x00000000d4600000, 0x00000000d4600000, 0x00000000d4700000|  0%| F|  |TAMS 0x00000000d4600000| PB 0x00000000d4600000| Untracked 
| 327|0x00000000d4700000, 0x00000000d4700000, 0x00000000d4800000|  0%| F|  |TAMS 0x00000000d4700000| PB 0x00000000d4700000| Untracked 
| 328|0x00000000d4800000, 0x00000000d4800000, 0x00000000d4900000|  0%| F|  |TAMS 0x00000000d4800000| PB 0x00000000d4800000| Untracked 
| 329|0x00000000d4900000, 0x00000000d4900000, 0x00000000d4a00000|  0%| F|  |TAMS 0x00000000d4900000| PB 0x00000000d4900000| Untracked 
| 330|0x00000000d4a00000, 0x00000000d4b00000, 0x00000000d4b00000|100%| E|CS|TAMS 0x00000000d4a00000| PB 0x00000000d4a00000| Complete 
| 331|0x00000000d4b00000, 0x00000000d4c00000, 0x00000000d4c00000|100%| E|CS|TAMS 0x00000000d4b00000| PB 0x00000000d4b00000| Complete 
| 332|0x00000000d4c00000, 0x00000000d4d00000, 0x00000000d4d00000|100%| E|CS|TAMS 0x00000000d4c00000| PB 0x00000000d4c00000| Complete 
| 333|0x00000000d4d00000, 0x00000000d4e00000, 0x00000000d4e00000|100%| E|CS|TAMS 0x00000000d4d00000| PB 0x00000000d4d00000| Complete 
| 334|0x00000000d4e00000, 0x00000000d4f00000, 0x00000000d4f00000|100%| E|CS|TAMS 0x00000000d4e00000| PB 0x00000000d4e00000| Complete 
| 335|0x00000000d4f00000, 0x00000000d5000000, 0x00000000d5000000|100%| E|CS|TAMS 0x00000000d4f00000| PB 0x00000000d4f00000| Complete 
| 336|0x00000000d5000000, 0x00000000d5100000, 0x00000000d5100000|100%| E|CS|TAMS 0x00000000d5000000| PB 0x00000000d5000000| Complete 
| 337|0x00000000d5100000, 0x00000000d5200000, 0x00000000d5200000|100%| E|CS|TAMS 0x00000000d5100000| PB 0x00000000d5100000| Complete 
| 338|0x00000000d5200000, 0x00000000d5300000, 0x00000000d5300000|100%| E|CS|TAMS 0x00000000d5200000| PB 0x00000000d5200000| Complete 
| 339|0x00000000d5300000, 0x00000000d5400000, 0x00000000d5400000|100%| E|CS|TAMS 0x00000000d5300000| PB 0x00000000d5300000| Complete 
| 340|0x00000000d5400000, 0x00000000d5500000, 0x00000000d5500000|100%| E|CS|TAMS 0x00000000d5400000| PB 0x00000000d5400000| Complete 
| 341|0x00000000d5500000, 0x00000000d5600000, 0x00000000d5600000|100%| E|CS|TAMS 0x00000000d5500000| PB 0x00000000d5500000| Complete 
| 342|0x00000000d5600000, 0x00000000d5700000, 0x00000000d5700000|100%| E|CS|TAMS 0x00000000d5600000| PB 0x00000000d5600000| Complete 
| 343|0x00000000d5700000, 0x00000000d5800000, 0x00000000d5800000|100%| E|CS|TAMS 0x00000000d5700000| PB 0x00000000d5700000| Complete 
| 344|0x00000000d5800000, 0x00000000d5900000, 0x00000000d5900000|100%| E|CS|TAMS 0x00000000d5800000| PB 0x00000000d5800000| Complete 
| 345|0x00000000d5900000, 0x00000000d5a00000, 0x00000000d5a00000|100%| E|CS|TAMS 0x00000000d5900000| PB 0x00000000d5900000| Complete 
| 346|0x00000000d5a00000, 0x00000000d5b00000, 0x00000000d5b00000|100%| E|CS|TAMS 0x00000000d5a00000| PB 0x00000000d5a00000| Complete 
| 347|0x00000000d5b00000, 0x00000000d5c00000, 0x00000000d5c00000|100%| E|CS|TAMS 0x00000000d5b00000| PB 0x00000000d5b00000| Complete 
| 348|0x00000000d5c00000, 0x00000000d5d00000, 0x00000000d5d00000|100%| E|CS|TAMS 0x00000000d5c00000| PB 0x00000000d5c00000| Complete 
| 349|0x00000000d5d00000, 0x00000000d5d00000, 0x00000000d5e00000|  0%| F|  |TAMS 0x00000000d5d00000| PB 0x00000000d5d00000| Untracked 
| 350|0x00000000d5e00000, 0x00000000d5e00000, 0x00000000d5f00000|  0%| F|  |TAMS 0x00000000d5e00000| PB 0x00000000d5e00000| Untracked 
| 351|0x00000000d5f00000, 0x00000000d5f00000, 0x00000000d6000000|  0%| F|  |TAMS 0x00000000d5f00000| PB 0x00000000d5f00000| Untracked 
| 352|0x00000000d6000000, 0x00000000d6000000, 0x00000000d6100000|  0%| F|  |TAMS 0x00000000d6000000| PB 0x00000000d6000000| Untracked 
| 353|0x00000000d6100000, 0x00000000d6100000, 0x00000000d6200000|  0%| F|  |TAMS 0x00000000d6100000| PB 0x00000000d6100000| Untracked 
| 354|0x00000000d6200000, 0x00000000d6200000, 0x00000000d6300000|  0%| F|  |TAMS 0x00000000d6200000| PB 0x00000000d6200000| Untracked 
| 355|0x00000000d6300000, 0x00000000d6300000, 0x00000000d6400000|  0%| F|  |TAMS 0x00000000d6300000| PB 0x00000000d6300000| Untracked 
| 356|0x00000000d6400000, 0x00000000d6400000, 0x00000000d6500000|  0%| F|  |TAMS 0x00000000d6400000| PB 0x00000000d6400000| Untracked 
| 357|0x00000000d6500000, 0x00000000d6500000, 0x00000000d6600000|  0%| F|  |TAMS 0x00000000d6500000| PB 0x00000000d6500000| Untracked 
| 358|0x00000000d6600000, 0x00000000d6600000, 0x00000000d6700000|  0%| F|  |TAMS 0x00000000d6600000| PB 0x00000000d6600000| Untracked 
| 359|0x00000000d6700000, 0x00000000d6700000, 0x00000000d6800000|  0%| F|  |TAMS 0x00000000d6700000| PB 0x00000000d6700000| Untracked 
| 360|0x00000000d6800000, 0x00000000d6800000, 0x00000000d6900000|  0%| F|  |TAMS 0x00000000d6800000| PB 0x00000000d6800000| Untracked 
| 361|0x00000000d6900000, 0x00000000d6900000, 0x00000000d6a00000|  0%| F|  |TAMS 0x00000000d6900000| PB 0x00000000d6900000| Untracked 
| 362|0x00000000d6a00000, 0x00000000d6a00000, 0x00000000d6b00000|  0%| F|  |TAMS 0x00000000d6a00000| PB 0x00000000d6a00000| Untracked 
| 363|0x00000000d6b00000, 0x00000000d6b00000, 0x00000000d6c00000|  0%| F|  |TAMS 0x00000000d6b00000| PB 0x00000000d6b00000| Untracked 
| 364|0x00000000d6c00000, 0x00000000d6c00000, 0x00000000d6d00000|  0%| F|  |TAMS 0x00000000d6c00000| PB 0x00000000d6c00000| Untracked 
| 365|0x00000000d6d00000, 0x00000000d6d00000, 0x00000000d6e00000|  0%| F|  |TAMS 0x00000000d6d00000| PB 0x00000000d6d00000| Untracked 
| 366|0x00000000d6e00000, 0x00000000d6e00000, 0x00000000d6f00000|  0%| F|  |TAMS 0x00000000d6e00000| PB 0x00000000d6e00000| Untracked 
| 367|0x00000000d6f00000, 0x00000000d6f00000, 0x00000000d7000000|  0%| F|  |TAMS 0x00000000d6f00000| PB 0x00000000d6f00000| Untracked 
| 368|0x00000000d7000000, 0x00000000d7000000, 0x00000000d7100000|  0%| F|  |TAMS 0x00000000d7000000| PB 0x00000000d7000000| Untracked 
| 369|0x00000000d7100000, 0x00000000d7100000, 0x00000000d7200000|  0%| F|  |TAMS 0x00000000d7100000| PB 0x00000000d7100000| Untracked 
| 370|0x00000000d7200000, 0x00000000d7200000, 0x00000000d7300000|  0%| F|  |TAMS 0x00000000d7200000| PB 0x00000000d7200000| Untracked 
| 371|0x00000000d7300000, 0x00000000d7300000, 0x00000000d7400000|  0%| F|  |TAMS 0x00000000d7300000| PB 0x00000000d7300000| Untracked 
| 372|0x00000000d7400000, 0x00000000d7400000, 0x00000000d7500000|  0%| F|  |TAMS 0x00000000d7400000| PB 0x00000000d7400000| Untracked 
| 373|0x00000000d7500000, 0x00000000d7500000, 0x00000000d7600000|  0%| F|  |TAMS 0x00000000d7500000| PB 0x00000000d7500000| Untracked 
| 374|0x00000000d7600000, 0x00000000d7600000, 0x00000000d7700000|  0%| F|  |TAMS 0x00000000d7600000| PB 0x00000000d7600000| Untracked 
| 375|0x00000000d7700000, 0x00000000d7700000, 0x00000000d7800000|  0%| F|  |TAMS 0x00000000d7700000| PB 0x00000000d7700000| Untracked 
| 376|0x00000000d7800000, 0x00000000d7800000, 0x00000000d7900000|  0%| F|  |TAMS 0x00000000d7800000| PB 0x00000000d7800000| Untracked 
| 377|0x00000000d7900000, 0x00000000d7900000, 0x00000000d7a00000|  0%| F|  |TAMS 0x00000000d7900000| PB 0x00000000d7900000| Untracked 
| 378|0x00000000d7a00000, 0x00000000d7a00000, 0x00000000d7b00000|  0%| F|  |TAMS 0x00000000d7a00000| PB 0x00000000d7a00000| Untracked 
| 379|0x00000000d7b00000, 0x00000000d7c00000, 0x00000000d7c00000|100%| S|  |TAMS 0x00000000d7b00000| PB 0x00000000d7b00000| Complete 
| 380|0x00000000d7c00000, 0x00000000d7d00000, 0x00000000d7d00000|100%| S|  |TAMS 0x00000000d7c00000| PB 0x00000000d7c00000| Complete 
| 381|0x00000000d7d00000, 0x00000000d7e00000, 0x00000000d7e00000|100%| S|  |TAMS 0x00000000d7d00000| PB 0x00000000d7d00000| Complete 
| 382|0x00000000d7e00000, 0x00000000d7f00000, 0x00000000d7f00000|100%| S|  |TAMS 0x00000000d7e00000| PB 0x00000000d7e00000| Complete 
| 383|0x00000000d7f00000, 0x00000000d8000000, 0x00000000d8000000|100%| S|  |TAMS 0x00000000d7f00000| PB 0x00000000d7f00000| Complete 
| 384|0x00000000d8000000, 0x00000000d8100000, 0x00000000d8100000|100%| S|  |TAMS 0x00000000d8000000| PB 0x00000000d8000000| Complete 
| 385|0x00000000d8100000, 0x00000000d8200000, 0x00000000d8200000|100%| S|  |TAMS 0x00000000d8100000| PB 0x00000000d8100000| Complete 
| 386|0x00000000d8200000, 0x00000000d8300000, 0x00000000d8300000|100%| S|  |TAMS 0x00000000d8200000| PB 0x00000000d8200000| Complete 
| 387|0x00000000d8300000, 0x00000000d8400000, 0x00000000d8400000|100%| S|  |TAMS 0x00000000d8300000| PB 0x00000000d8300000| Complete 
| 388|0x00000000d8400000, 0x00000000d8500000, 0x00000000d8500000|100%| S|  |TAMS 0x00000000d8400000| PB 0x00000000d8400000| Complete 
| 389|0x00000000d8500000, 0x00000000d8600000, 0x00000000d8600000|100%| S|  |TAMS 0x00000000d8500000| PB 0x00000000d8500000| Complete 
| 390|0x00000000d8600000, 0x00000000d8700000, 0x00000000d8700000|100%| S|  |TAMS 0x00000000d8600000| PB 0x00000000d8600000| Complete 
| 391|0x00000000d8700000, 0x00000000d8800000, 0x00000000d8800000|100%| S|  |TAMS 0x00000000d8700000| PB 0x00000000d8700000| Complete 
| 392|0x00000000d8800000, 0x00000000d8900000, 0x00000000d8900000|100%| S|  |TAMS 0x00000000d8800000| PB 0x00000000d8800000| Complete 
| 393|0x00000000d8900000, 0x00000000d8a00000, 0x00000000d8a00000|100%| S|  |TAMS 0x00000000d8900000| PB 0x00000000d8900000| Complete 
| 394|0x00000000d8a00000, 0x00000000d8b00000, 0x00000000d8b00000|100%| S|  |TAMS 0x00000000d8a00000| PB 0x00000000d8a00000| Complete 
| 395|0x00000000d8b00000, 0x00000000d8c00000, 0x00000000d8c00000|100%| S|  |TAMS 0x00000000d8b00000| PB 0x00000000d8b00000| Complete 
| 396|0x00000000d8c00000, 0x00000000d8d00000, 0x00000000d8d00000|100%| S|  |TAMS 0x00000000d8c00000| PB 0x00000000d8c00000| Complete 
| 397|0x00000000d8d00000, 0x00000000d8e00000, 0x00000000d8e00000|100%| S|  |TAMS 0x00000000d8d00000| PB 0x00000000d8d00000| Complete 
| 398|0x00000000d8e00000, 0x00000000d8f00000, 0x00000000d8f00000|100%| S|  |TAMS 0x00000000d8e00000| PB 0x00000000d8e00000| Complete 
| 399|0x00000000d8f00000, 0x00000000d9000000, 0x00000000d9000000|100%| S|  |TAMS 0x00000000d8f00000| PB 0x00000000d8f00000| Complete 
| 400|0x00000000d9000000, 0x00000000d9100000, 0x00000000d9100000|100%| S|  |TAMS 0x00000000d9000000| PB 0x00000000d9000000| Complete 
| 401|0x00000000d9100000, 0x00000000d9200000, 0x00000000d9200000|100%| S|  |TAMS 0x00000000d9100000| PB 0x00000000d9100000| Complete 
| 402|0x00000000d9200000, 0x00000000d9300000, 0x00000000d9300000|100%| S|  |TAMS 0x00000000d9200000| PB 0x00000000d9200000| Complete 
| 403|0x00000000d9300000, 0x00000000d9400000, 0x00000000d9400000|100%| S|  |TAMS 0x00000000d9300000| PB 0x00000000d9300000| Complete 
| 404|0x00000000d9400000, 0x00000000d9500000, 0x00000000d9500000|100%| S|  |TAMS 0x00000000d9400000| PB 0x00000000d9400000| Complete 
| 405|0x00000000d9500000, 0x00000000d9600000, 0x00000000d9600000|100%| S|  |TAMS 0x00000000d9500000| PB 0x00000000d9500000| Complete 
| 406|0x00000000d9600000, 0x00000000d9700000, 0x00000000d9700000|100%| S|  |TAMS 0x00000000d9600000| PB 0x00000000d9600000| Complete 
| 407|0x00000000d9700000, 0x00000000d9800000, 0x00000000d9800000|100%| S|  |TAMS 0x00000000d9700000| PB 0x00000000d9700000| Complete 
| 408|0x00000000d9800000, 0x00000000d9900000, 0x00000000d9900000|100%| E|CS|TAMS 0x00000000d9800000| PB 0x00000000d9800000| Complete 
| 409|0x00000000d9900000, 0x00000000d9a00000, 0x00000000d9a00000|100%| E|CS|TAMS 0x00000000d9900000| PB 0x00000000d9900000| Complete 
| 410|0x00000000d9a00000, 0x00000000d9b00000, 0x00000000d9b00000|100%| E|CS|TAMS 0x00000000d9a00000| PB 0x00000000d9a00000| Complete 
| 411|0x00000000d9b00000, 0x00000000d9c00000, 0x00000000d9c00000|100%| E|CS|TAMS 0x00000000d9b00000| PB 0x00000000d9b00000| Complete 
| 412|0x00000000d9c00000, 0x00000000d9d00000, 0x00000000d9d00000|100%| E|CS|TAMS 0x00000000d9c00000| PB 0x00000000d9c00000| Complete 
| 413|0x00000000d9d00000, 0x00000000d9e00000, 0x00000000d9e00000|100%| E|CS|TAMS 0x00000000d9d00000| PB 0x00000000d9d00000| Complete 
| 414|0x00000000d9e00000, 0x00000000d9f00000, 0x00000000d9f00000|100%| E|CS|TAMS 0x00000000d9e00000| PB 0x00000000d9e00000| Complete 
| 415|0x00000000d9f00000, 0x00000000da000000, 0x00000000da000000|100%| E|CS|TAMS 0x00000000d9f00000| PB 0x00000000d9f00000| Complete 
| 416|0x00000000da000000, 0x00000000da100000, 0x00000000da100000|100%| E|CS|TAMS 0x00000000da000000| PB 0x00000000da000000| Complete 
| 417|0x00000000da100000, 0x00000000da200000, 0x00000000da200000|100%| E|CS|TAMS 0x00000000da100000| PB 0x00000000da100000| Complete 
| 418|0x00000000da200000, 0x00000000da300000, 0x00000000da300000|100%| E|CS|TAMS 0x00000000da200000| PB 0x00000000da200000| Complete 
| 419|0x00000000da300000, 0x00000000da400000, 0x00000000da400000|100%| E|CS|TAMS 0x00000000da300000| PB 0x00000000da300000| Complete 
| 420|0x00000000da400000, 0x00000000da500000, 0x00000000da500000|100%| E|CS|TAMS 0x00000000da400000| PB 0x00000000da400000| Complete 
| 421|0x00000000da500000, 0x00000000da600000, 0x00000000da600000|100%| E|CS|TAMS 0x00000000da500000| PB 0x00000000da500000| Complete 
| 422|0x00000000da600000, 0x00000000da700000, 0x00000000da700000|100%| E|CS|TAMS 0x00000000da600000| PB 0x00000000da600000| Complete 
| 423|0x00000000da700000, 0x00000000da800000, 0x00000000da800000|100%| E|CS|TAMS 0x00000000da700000| PB 0x00000000da700000| Complete 
| 424|0x00000000da800000, 0x00000000da900000, 0x00000000da900000|100%| E|CS|TAMS 0x00000000da800000| PB 0x00000000da800000| Complete 
| 425|0x00000000da900000, 0x00000000daa00000, 0x00000000daa00000|100%| E|CS|TAMS 0x00000000da900000| PB 0x00000000da900000| Complete 
| 426|0x00000000daa00000, 0x00000000dab00000, 0x00000000dab00000|100%| E|CS|TAMS 0x00000000daa00000| PB 0x00000000daa00000| Complete 
| 427|0x00000000dab00000, 0x00000000dac00000, 0x00000000dac00000|100%| E|CS|TAMS 0x00000000dab00000| PB 0x00000000dab00000| Complete 
| 428|0x00000000dac00000, 0x00000000dad00000, 0x00000000dad00000|100%| E|CS|TAMS 0x00000000dac00000| PB 0x00000000dac00000| Complete 
| 429|0x00000000dad00000, 0x00000000dae00000, 0x00000000dae00000|100%| E|CS|TAMS 0x00000000dad00000| PB 0x00000000dad00000| Complete 
| 430|0x00000000dae00000, 0x00000000daf00000, 0x00000000daf00000|100%| E|CS|TAMS 0x00000000dae00000| PB 0x00000000dae00000| Complete 
| 431|0x00000000daf00000, 0x00000000db000000, 0x00000000db000000|100%| E|CS|TAMS 0x00000000daf00000| PB 0x00000000daf00000| Complete 
| 432|0x00000000db000000, 0x00000000db100000, 0x00000000db100000|100%| E|CS|TAMS 0x00000000db000000| PB 0x00000000db000000| Complete 
| 433|0x00000000db100000, 0x00000000db200000, 0x00000000db200000|100%| E|CS|TAMS 0x00000000db100000| PB 0x00000000db100000| Complete 
| 434|0x00000000db200000, 0x00000000db300000, 0x00000000db300000|100%| E|CS|TAMS 0x00000000db200000| PB 0x00000000db200000| Complete 
| 435|0x00000000db300000, 0x00000000db400000, 0x00000000db400000|100%| E|CS|TAMS 0x00000000db300000| PB 0x00000000db300000| Complete 
| 436|0x00000000db400000, 0x00000000db500000, 0x00000000db500000|100%| E|CS|TAMS 0x00000000db400000| PB 0x00000000db400000| Complete 
| 437|0x00000000db500000, 0x00000000db600000, 0x00000000db600000|100%| E|CS|TAMS 0x00000000db500000| PB 0x00000000db500000| Complete 
| 438|0x00000000db600000, 0x00000000db700000, 0x00000000db700000|100%| E|CS|TAMS 0x00000000db600000| PB 0x00000000db600000| Complete 
| 439|0x00000000db700000, 0x00000000db800000, 0x00000000db800000|100%| E|CS|TAMS 0x00000000db700000| PB 0x00000000db700000| Complete 
| 440|0x00000000db800000, 0x00000000db900000, 0x00000000db900000|100%| E|CS|TAMS 0x00000000db800000| PB 0x00000000db800000| Complete 
| 441|0x00000000db900000, 0x00000000dba00000, 0x00000000dba00000|100%| E|CS|TAMS 0x00000000db900000| PB 0x00000000db900000| Complete 
| 442|0x00000000dba00000, 0x00000000dbb00000, 0x00000000dbb00000|100%| E|CS|TAMS 0x00000000dba00000| PB 0x00000000dba00000| Complete 
| 443|0x00000000dbb00000, 0x00000000dbc00000, 0x00000000dbc00000|100%| E|CS|TAMS 0x00000000dbb00000| PB 0x00000000dbb00000| Complete 
| 444|0x00000000dbc00000, 0x00000000dbd00000, 0x00000000dbd00000|100%| E|CS|TAMS 0x00000000dbc00000| PB 0x00000000dbc00000| Complete 
| 445|0x00000000dbd00000, 0x00000000dbe00000, 0x00000000dbe00000|100%| E|CS|TAMS 0x00000000dbd00000| PB 0x00000000dbd00000| Complete 
| 446|0x00000000dbe00000, 0x00000000dbf00000, 0x00000000dbf00000|100%| E|CS|TAMS 0x00000000dbe00000| PB 0x00000000dbe00000| Complete 
| 447|0x00000000dbf00000, 0x00000000dc000000, 0x00000000dc000000|100%| E|CS|TAMS 0x00000000dbf00000| PB 0x00000000dbf00000| Complete 
| 448|0x00000000dc000000, 0x00000000dc100000, 0x00000000dc100000|100%| E|CS|TAMS 0x00000000dc000000| PB 0x00000000dc000000| Complete 
| 449|0x00000000dc100000, 0x00000000dc200000, 0x00000000dc200000|100%| E|CS|TAMS 0x00000000dc100000| PB 0x00000000dc100000| Complete 
| 450|0x00000000dc200000, 0x00000000dc300000, 0x00000000dc300000|100%| E|CS|TAMS 0x00000000dc200000| PB 0x00000000dc200000| Complete 
| 451|0x00000000dc300000, 0x00000000dc400000, 0x00000000dc400000|100%| E|CS|TAMS 0x00000000dc300000| PB 0x00000000dc300000| Complete 
| 452|0x00000000dc400000, 0x00000000dc500000, 0x00000000dc500000|100%| E|CS|TAMS 0x00000000dc400000| PB 0x00000000dc400000| Complete 
| 453|0x00000000dc500000, 0x00000000dc600000, 0x00000000dc600000|100%| E|CS|TAMS 0x00000000dc500000| PB 0x00000000dc500000| Complete 
| 454|0x00000000dc600000, 0x00000000dc700000, 0x00000000dc700000|100%| E|CS|TAMS 0x00000000dc600000| PB 0x00000000dc600000| Complete 
| 455|0x00000000dc700000, 0x00000000dc800000, 0x00000000dc800000|100%| E|CS|TAMS 0x00000000dc700000| PB 0x00000000dc700000| Complete 
| 456|0x00000000dc800000, 0x00000000dc900000, 0x00000000dc900000|100%| E|CS|TAMS 0x00000000dc800000| PB 0x00000000dc800000| Complete 
| 457|0x00000000dc900000, 0x00000000dca00000, 0x00000000dca00000|100%| E|CS|TAMS 0x00000000dc900000| PB 0x00000000dc900000| Complete 
| 458|0x00000000dca00000, 0x00000000dcb00000, 0x00000000dcb00000|100%| E|CS|TAMS 0x00000000dca00000| PB 0x00000000dca00000| Complete 
| 459|0x00000000dcb00000, 0x00000000dcc00000, 0x00000000dcc00000|100%| E|CS|TAMS 0x00000000dcb00000| PB 0x00000000dcb00000| Complete 
| 460|0x00000000dcc00000, 0x00000000dcd00000, 0x00000000dcd00000|100%| E|CS|TAMS 0x00000000dcc00000| PB 0x00000000dcc00000| Complete 
| 461|0x00000000dcd00000, 0x00000000dce00000, 0x00000000dce00000|100%| E|CS|TAMS 0x00000000dcd00000| PB 0x00000000dcd00000| Complete 
| 462|0x00000000dce00000, 0x00000000dcf00000, 0x00000000dcf00000|100%| E|CS|TAMS 0x00000000dce00000| PB 0x00000000dce00000| Complete 
| 463|0x00000000dcf00000, 0x00000000dd000000, 0x00000000dd000000|100%| E|CS|TAMS 0x00000000dcf00000| PB 0x00000000dcf00000| Complete 
| 464|0x00000000dd000000, 0x00000000dd100000, 0x00000000dd100000|100%| E|CS|TAMS 0x00000000dd000000| PB 0x00000000dd000000| Complete 
| 465|0x00000000dd100000, 0x00000000dd200000, 0x00000000dd200000|100%| E|CS|TAMS 0x00000000dd100000| PB 0x00000000dd100000| Complete 
| 466|0x00000000dd200000, 0x00000000dd300000, 0x00000000dd300000|100%| E|CS|TAMS 0x00000000dd200000| PB 0x00000000dd200000| Complete 
| 467|0x00000000dd300000, 0x00000000dd400000, 0x00000000dd400000|100%| E|CS|TAMS 0x00000000dd300000| PB 0x00000000dd300000| Complete 
| 468|0x00000000dd400000, 0x00000000dd500000, 0x00000000dd500000|100%| E|CS|TAMS 0x00000000dd400000| PB 0x00000000dd400000| Complete 
| 469|0x00000000dd500000, 0x00000000dd600000, 0x00000000dd600000|100%| E|CS|TAMS 0x00000000dd500000| PB 0x00000000dd500000| Complete 
| 470|0x00000000dd600000, 0x00000000dd700000, 0x00000000dd700000|100%| E|CS|TAMS 0x00000000dd600000| PB 0x00000000dd600000| Complete 
| 471|0x00000000dd700000, 0x00000000dd800000, 0x00000000dd800000|100%| E|CS|TAMS 0x00000000dd700000| PB 0x00000000dd700000| Complete 
| 472|0x00000000dd800000, 0x00000000dd900000, 0x00000000dd900000|100%| E|CS|TAMS 0x00000000dd800000| PB 0x00000000dd800000| Complete 
| 473|0x00000000dd900000, 0x00000000dda00000, 0x00000000dda00000|100%| E|CS|TAMS 0x00000000dd900000| PB 0x00000000dd900000| Complete 
| 474|0x00000000dda00000, 0x00000000ddb00000, 0x00000000ddb00000|100%| E|CS|TAMS 0x00000000dda00000| PB 0x00000000dda00000| Complete 
| 475|0x00000000ddb00000, 0x00000000ddc00000, 0x00000000ddc00000|100%| E|CS|TAMS 0x00000000ddb00000| PB 0x00000000ddb00000| Complete 
| 476|0x00000000ddc00000, 0x00000000ddd00000, 0x00000000ddd00000|100%| E|CS|TAMS 0x00000000ddc00000| PB 0x00000000ddc00000| Complete 
| 477|0x00000000ddd00000, 0x00000000dde00000, 0x00000000dde00000|100%| E|CS|TAMS 0x00000000ddd00000| PB 0x00000000ddd00000| Complete 
| 478|0x00000000dde00000, 0x00000000ddf00000, 0x00000000ddf00000|100%| E|CS|TAMS 0x00000000dde00000| PB 0x00000000dde00000| Complete 
| 479|0x00000000ddf00000, 0x00000000de000000, 0x00000000de000000|100%| E|CS|TAMS 0x00000000ddf00000| PB 0x00000000ddf00000| Complete 
| 480|0x00000000de000000, 0x00000000de100000, 0x00000000de100000|100%| E|CS|TAMS 0x00000000de000000| PB 0x00000000de000000| Complete 
| 481|0x00000000de100000, 0x00000000de200000, 0x00000000de200000|100%| E|CS|TAMS 0x00000000de100000| PB 0x00000000de100000| Complete 
| 482|0x00000000de200000, 0x00000000de300000, 0x00000000de300000|100%| E|CS|TAMS 0x00000000de200000| PB 0x00000000de200000| Complete 
| 483|0x00000000de300000, 0x00000000de400000, 0x00000000de400000|100%| E|CS|TAMS 0x00000000de300000| PB 0x00000000de300000| Complete 
| 484|0x00000000de400000, 0x00000000de500000, 0x00000000de500000|100%| E|CS|TAMS 0x00000000de400000| PB 0x00000000de400000| Complete 
| 485|0x00000000de500000, 0x00000000de600000, 0x00000000de600000|100%| E|CS|TAMS 0x00000000de500000| PB 0x00000000de500000| Complete 
| 486|0x00000000de600000, 0x00000000de700000, 0x00000000de700000|100%| E|CS|TAMS 0x00000000de600000| PB 0x00000000de600000| Complete 
| 487|0x00000000de700000, 0x00000000de800000, 0x00000000de800000|100%| E|CS|TAMS 0x00000000de700000| PB 0x00000000de700000| Complete 
| 488|0x00000000de800000, 0x00000000de900000, 0x00000000de900000|100%| E|CS|TAMS 0x00000000de800000| PB 0x00000000de800000| Complete 
| 489|0x00000000de900000, 0x00000000dea00000, 0x00000000dea00000|100%| E|CS|TAMS 0x00000000de900000| PB 0x00000000de900000| Complete 
| 490|0x00000000dea00000, 0x00000000deb00000, 0x00000000deb00000|100%| E|CS|TAMS 0x00000000dea00000| PB 0x00000000dea00000| Complete 
| 491|0x00000000deb00000, 0x00000000dec00000, 0x00000000dec00000|100%| E|CS|TAMS 0x00000000deb00000| PB 0x00000000deb00000| Complete 
| 492|0x00000000dec00000, 0x00000000ded00000, 0x00000000ded00000|100%| E|CS|TAMS 0x00000000dec00000| PB 0x00000000dec00000| Complete 
| 493|0x00000000ded00000, 0x00000000dee00000, 0x00000000dee00000|100%| E|CS|TAMS 0x00000000ded00000| PB 0x00000000ded00000| Complete 
| 494|0x00000000dee00000, 0x00000000def00000, 0x00000000def00000|100%| E|CS|TAMS 0x00000000dee00000| PB 0x00000000dee00000| Complete 
| 495|0x00000000def00000, 0x00000000df000000, 0x00000000df000000|100%| E|CS|TAMS 0x00000000def00000| PB 0x00000000def00000| Complete 
| 496|0x00000000df000000, 0x00000000df100000, 0x00000000df100000|100%| E|CS|TAMS 0x00000000df000000| PB 0x00000000df000000| Complete 
| 497|0x00000000df100000, 0x00000000df200000, 0x00000000df200000|100%| E|CS|TAMS 0x00000000df100000| PB 0x00000000df100000| Complete 
| 498|0x00000000df200000, 0x00000000df300000, 0x00000000df300000|100%| E|CS|TAMS 0x00000000df200000| PB 0x00000000df200000| Complete 
| 499|0x00000000df300000, 0x00000000df400000, 0x00000000df400000|100%| E|CS|TAMS 0x00000000df300000| PB 0x00000000df300000| Complete 
| 500|0x00000000df400000, 0x00000000df500000, 0x00000000df500000|100%| E|CS|TAMS 0x00000000df400000| PB 0x00000000df400000| Complete 
| 501|0x00000000df500000, 0x00000000df600000, 0x00000000df600000|100%| E|CS|TAMS 0x00000000df500000| PB 0x00000000df500000| Complete 
| 502|0x00000000df600000, 0x00000000df700000, 0x00000000df700000|100%| E|CS|TAMS 0x00000000df600000| PB 0x00000000df600000| Complete 
| 503|0x00000000df700000, 0x00000000df800000, 0x00000000df800000|100%| E|CS|TAMS 0x00000000df700000| PB 0x00000000df700000| Complete 
| 504|0x00000000df800000, 0x00000000df900000, 0x00000000df900000|100%| E|CS|TAMS 0x00000000df800000| PB 0x00000000df800000| Complete 
| 505|0x00000000df900000, 0x00000000dfa00000, 0x00000000dfa00000|100%| E|CS|TAMS 0x00000000df900000| PB 0x00000000df900000| Complete 
| 506|0x00000000dfa00000, 0x00000000dfb00000, 0x00000000dfb00000|100%| E|CS|TAMS 0x00000000dfa00000| PB 0x00000000dfa00000| Complete 
| 507|0x00000000dfb00000, 0x00000000dfc00000, 0x00000000dfc00000|100%| E|CS|TAMS 0x00000000dfb00000| PB 0x00000000dfb00000| Complete 
| 508|0x00000000dfc00000, 0x00000000dfd00000, 0x00000000dfd00000|100%| E|CS|TAMS 0x00000000dfc00000| PB 0x00000000dfc00000| Complete 
| 509|0x00000000dfd00000, 0x00000000dfe00000, 0x00000000dfe00000|100%| E|CS|TAMS 0x00000000dfd00000| PB 0x00000000dfd00000| Complete 
| 510|0x00000000dfe00000, 0x00000000dff00000, 0x00000000dff00000|100%| E|CS|TAMS 0x00000000dfe00000| PB 0x00000000dfe00000| Complete 
| 511|0x00000000dff00000, 0x00000000e0000000, 0x00000000e0000000|100%| E|CS|TAMS 0x00000000dff00000| PB 0x00000000dff00000| Complete 
| 512|0x00000000e0000000, 0x00000000e0100000, 0x00000000e0100000|100%| E|CS|TAMS 0x00000000e0000000| PB 0x00000000e0000000| Complete 
| 513|0x00000000e0100000, 0x00000000e0200000, 0x00000000e0200000|100%| E|CS|TAMS 0x00000000e0100000| PB 0x00000000e0100000| Complete 
| 514|0x00000000e0200000, 0x00000000e0300000, 0x00000000e0300000|100%| E|CS|TAMS 0x00000000e0200000| PB 0x00000000e0200000| Complete 
| 515|0x00000000e0300000, 0x00000000e0400000, 0x00000000e0400000|100%| E|CS|TAMS 0x00000000e0300000| PB 0x00000000e0300000| Complete 
| 516|0x00000000e0400000, 0x00000000e0500000, 0x00000000e0500000|100%| E|CS|TAMS 0x00000000e0400000| PB 0x00000000e0400000| Complete 
| 517|0x00000000e0500000, 0x00000000e0600000, 0x00000000e0600000|100%| E|CS|TAMS 0x00000000e0500000| PB 0x00000000e0500000| Complete 
| 518|0x00000000e0600000, 0x00000000e0700000, 0x00000000e0700000|100%| E|CS|TAMS 0x00000000e0600000| PB 0x00000000e0600000| Complete 
| 519|0x00000000e0700000, 0x00000000e0800000, 0x00000000e0800000|100%| E|CS|TAMS 0x00000000e0700000| PB 0x00000000e0700000| Complete 
| 520|0x00000000e0800000, 0x00000000e0900000, 0x00000000e0900000|100%| E|CS|TAMS 0x00000000e0800000| PB 0x00000000e0800000| Complete 
| 521|0x00000000e0900000, 0x00000000e0a00000, 0x00000000e0a00000|100%| E|CS|TAMS 0x00000000e0900000| PB 0x00000000e0900000| Complete 
| 522|0x00000000e0a00000, 0x00000000e0b00000, 0x00000000e0b00000|100%| E|CS|TAMS 0x00000000e0a00000| PB 0x00000000e0a00000| Complete 
| 523|0x00000000e0b00000, 0x00000000e0c00000, 0x00000000e0c00000|100%| E|CS|TAMS 0x00000000e0b00000| PB 0x00000000e0b00000| Complete 
| 524|0x00000000e0c00000, 0x00000000e0d00000, 0x00000000e0d00000|100%| E|CS|TAMS 0x00000000e0c00000| PB 0x00000000e0c00000| Complete 
| 525|0x00000000e0d00000, 0x00000000e0e00000, 0x00000000e0e00000|100%| E|CS|TAMS 0x00000000e0d00000| PB 0x00000000e0d00000| Complete 
| 526|0x00000000e0e00000, 0x00000000e0f00000, 0x00000000e0f00000|100%| E|CS|TAMS 0x00000000e0e00000| PB 0x00000000e0e00000| Complete 
| 527|0x00000000e0f00000, 0x00000000e1000000, 0x00000000e1000000|100%| E|CS|TAMS 0x00000000e0f00000| PB 0x00000000e0f00000| Complete 
| 528|0x00000000e1000000, 0x00000000e1100000, 0x00000000e1100000|100%| E|CS|TAMS 0x00000000e1000000| PB 0x00000000e1000000| Complete 
| 529|0x00000000e1100000, 0x00000000e1200000, 0x00000000e1200000|100%| E|CS|TAMS 0x00000000e1100000| PB 0x00000000e1100000| Complete 
| 530|0x00000000e1200000, 0x00000000e1300000, 0x00000000e1300000|100%| E|CS|TAMS 0x00000000e1200000| PB 0x00000000e1200000| Complete 
| 531|0x00000000e1300000, 0x00000000e1400000, 0x00000000e1400000|100%| E|CS|TAMS 0x00000000e1300000| PB 0x00000000e1300000| Complete 
| 532|0x00000000e1400000, 0x00000000e1500000, 0x00000000e1500000|100%| E|CS|TAMS 0x00000000e1400000| PB 0x00000000e1400000| Complete 
| 533|0x00000000e1500000, 0x00000000e1600000, 0x00000000e1600000|100%| E|CS|TAMS 0x00000000e1500000| PB 0x00000000e1500000| Complete 
| 534|0x00000000e1600000, 0x00000000e1700000, 0x00000000e1700000|100%| E|CS|TAMS 0x00000000e1600000| PB 0x00000000e1600000| Complete 
| 535|0x00000000e1700000, 0x00000000e1800000, 0x00000000e1800000|100%| E|CS|TAMS 0x00000000e1700000| PB 0x00000000e1700000| Complete 
| 536|0x00000000e1800000, 0x00000000e1900000, 0x00000000e1900000|100%| E|CS|TAMS 0x00000000e1800000| PB 0x00000000e1800000| Complete 
| 537|0x00000000e1900000, 0x00000000e1a00000, 0x00000000e1a00000|100%| E|CS|TAMS 0x00000000e1900000| PB 0x00000000e1900000| Complete 
| 538|0x00000000e1a00000, 0x00000000e1b00000, 0x00000000e1b00000|100%| E|CS|TAMS 0x00000000e1a00000| PB 0x00000000e1a00000| Complete 
| 539|0x00000000e1b00000, 0x00000000e1c00000, 0x00000000e1c00000|100%| E|CS|TAMS 0x00000000e1b00000| PB 0x00000000e1b00000| Complete 
| 540|0x00000000e1c00000, 0x00000000e1d00000, 0x00000000e1d00000|100%| E|CS|TAMS 0x00000000e1c00000| PB 0x00000000e1c00000| Complete 
| 541|0x00000000e1d00000, 0x00000000e1e00000, 0x00000000e1e00000|100%| E|CS|TAMS 0x00000000e1d00000| PB 0x00000000e1d00000| Complete 
| 542|0x00000000e1e00000, 0x00000000e1f00000, 0x00000000e1f00000|100%| E|CS|TAMS 0x00000000e1e00000| PB 0x00000000e1e00000| Complete 
| 543|0x00000000e1f00000, 0x00000000e2000000, 0x00000000e2000000|100%| E|CS|TAMS 0x00000000e1f00000| PB 0x00000000e1f00000| Complete 
| 544|0x00000000e2000000, 0x00000000e2100000, 0x00000000e2100000|100%| E|CS|TAMS 0x00000000e2000000| PB 0x00000000e2000000| Complete 
| 545|0x00000000e2100000, 0x00000000e2200000, 0x00000000e2200000|100%| E|CS|TAMS 0x00000000e2100000| PB 0x00000000e2100000| Complete 
| 546|0x00000000e2200000, 0x00000000e2300000, 0x00000000e2300000|100%| E|CS|TAMS 0x00000000e2200000| PB 0x00000000e2200000| Complete 
| 547|0x00000000e2300000, 0x00000000e2400000, 0x00000000e2400000|100%| E|CS|TAMS 0x00000000e2300000| PB 0x00000000e2300000| Complete 
| 548|0x00000000e2400000, 0x00000000e2500000, 0x00000000e2500000|100%| E|CS|TAMS 0x00000000e2400000| PB 0x00000000e2400000| Complete 
| 549|0x00000000e2500000, 0x00000000e2600000, 0x00000000e2600000|100%| E|CS|TAMS 0x00000000e2500000| PB 0x00000000e2500000| Complete 
| 550|0x00000000e2600000, 0x00000000e2700000, 0x00000000e2700000|100%| E|CS|TAMS 0x00000000e2600000| PB 0x00000000e2600000| Complete 
| 551|0x00000000e2700000, 0x00000000e2800000, 0x00000000e2800000|100%| E|CS|TAMS 0x00000000e2700000| PB 0x00000000e2700000| Complete 
| 552|0x00000000e2800000, 0x00000000e2900000, 0x00000000e2900000|100%| E|CS|TAMS 0x00000000e2800000| PB 0x00000000e2800000| Complete 
| 553|0x00000000e2900000, 0x00000000e2a00000, 0x00000000e2a00000|100%| E|CS|TAMS 0x00000000e2900000| PB 0x00000000e2900000| Complete 
| 554|0x00000000e2a00000, 0x00000000e2b00000, 0x00000000e2b00000|100%| E|CS|TAMS 0x00000000e2a00000| PB 0x00000000e2a00000| Complete 
| 555|0x00000000e2b00000, 0x00000000e2c00000, 0x00000000e2c00000|100%| E|CS|TAMS 0x00000000e2b00000| PB 0x00000000e2b00000| Complete 
| 556|0x00000000e2c00000, 0x00000000e2d00000, 0x00000000e2d00000|100%| E|CS|TAMS 0x00000000e2c00000| PB 0x00000000e2c00000| Complete 
| 557|0x00000000e2d00000, 0x00000000e2e00000, 0x00000000e2e00000|100%| E|CS|TAMS 0x00000000e2d00000| PB 0x00000000e2d00000| Complete 
| 558|0x00000000e2e00000, 0x00000000e2f00000, 0x00000000e2f00000|100%| E|CS|TAMS 0x00000000e2e00000| PB 0x00000000e2e00000| Complete 
| 559|0x00000000e2f00000, 0x00000000e3000000, 0x00000000e3000000|100%| E|CS|TAMS 0x00000000e2f00000| PB 0x00000000e2f00000| Complete 
| 560|0x00000000e3000000, 0x00000000e3100000, 0x00000000e3100000|100%| E|CS|TAMS 0x00000000e3000000| PB 0x00000000e3000000| Complete 
| 561|0x00000000e3100000, 0x00000000e3200000, 0x00000000e3200000|100%| E|CS|TAMS 0x00000000e3100000| PB 0x00000000e3100000| Complete 
| 562|0x00000000e3200000, 0x00000000e3300000, 0x00000000e3300000|100%| E|CS|TAMS 0x00000000e3200000| PB 0x00000000e3200000| Complete 
| 563|0x00000000e3300000, 0x00000000e3400000, 0x00000000e3400000|100%| E|CS|TAMS 0x00000000e3300000| PB 0x00000000e3300000| Complete 
| 564|0x00000000e3400000, 0x00000000e3500000, 0x00000000e3500000|100%| E|CS|TAMS 0x00000000e3400000| PB 0x00000000e3400000| Complete 
| 565|0x00000000e3500000, 0x00000000e3600000, 0x00000000e3600000|100%| E|CS|TAMS 0x00000000e3500000| PB 0x00000000e3500000| Complete 
| 566|0x00000000e3600000, 0x00000000e3700000, 0x00000000e3700000|100%| E|CS|TAMS 0x00000000e3600000| PB 0x00000000e3600000| Complete 
| 567|0x00000000e3700000, 0x00000000e3800000, 0x00000000e3800000|100%| E|CS|TAMS 0x00000000e3700000| PB 0x00000000e3700000| Complete 
| 568|0x00000000e3800000, 0x00000000e3900000, 0x00000000e3900000|100%| E|CS|TAMS 0x00000000e3800000| PB 0x00000000e3800000| Complete 
| 569|0x00000000e3900000, 0x00000000e3a00000, 0x00000000e3a00000|100%| E|CS|TAMS 0x00000000e3900000| PB 0x00000000e3900000| Complete 
| 570|0x00000000e3a00000, 0x00000000e3b00000, 0x00000000e3b00000|100%| E|CS|TAMS 0x00000000e3a00000| PB 0x00000000e3a00000| Complete 
| 571|0x00000000e3b00000, 0x00000000e3c00000, 0x00000000e3c00000|100%| E|CS|TAMS 0x00000000e3b00000| PB 0x00000000e3b00000| Complete 
| 572|0x00000000e3c00000, 0x00000000e3d00000, 0x00000000e3d00000|100%| E|CS|TAMS 0x00000000e3c00000| PB 0x00000000e3c00000| Complete 
| 573|0x00000000e3d00000, 0x00000000e3e00000, 0x00000000e3e00000|100%| E|CS|TAMS 0x00000000e3d00000| PB 0x00000000e3d00000| Complete 
| 574|0x00000000e3e00000, 0x00000000e3f00000, 0x00000000e3f00000|100%| E|CS|TAMS 0x00000000e3e00000| PB 0x00000000e3e00000| Complete 
| 575|0x00000000e3f00000, 0x00000000e4000000, 0x00000000e4000000|100%| E|CS|TAMS 0x00000000e3f00000| PB 0x00000000e3f00000| Complete 
| 576|0x00000000e4000000, 0x00000000e4100000, 0x00000000e4100000|100%| E|CS|TAMS 0x00000000e4000000| PB 0x00000000e4000000| Complete 
| 577|0x00000000e4100000, 0x00000000e4200000, 0x00000000e4200000|100%| E|CS|TAMS 0x00000000e4100000| PB 0x00000000e4100000| Complete 
| 578|0x00000000e4200000, 0x00000000e4300000, 0x00000000e4300000|100%| E|CS|TAMS 0x00000000e4200000| PB 0x00000000e4200000| Complete 
| 579|0x00000000e4300000, 0x00000000e4400000, 0x00000000e4400000|100%| E|CS|TAMS 0x00000000e4300000| PB 0x00000000e4300000| Complete 
| 580|0x00000000e4400000, 0x00000000e4500000, 0x00000000e4500000|100%| E|CS|TAMS 0x00000000e4400000| PB 0x00000000e4400000| Complete 
| 581|0x00000000e4500000, 0x00000000e4600000, 0x00000000e4600000|100%| E|CS|TAMS 0x00000000e4500000| PB 0x00000000e4500000| Complete 
| 582|0x00000000e4600000, 0x00000000e4700000, 0x00000000e4700000|100%| E|CS|TAMS 0x00000000e4600000| PB 0x00000000e4600000| Complete 
| 583|0x00000000e4700000, 0x00000000e4800000, 0x00000000e4800000|100%| E|CS|TAMS 0x00000000e4700000| PB 0x00000000e4700000| Complete 
| 584|0x00000000e4800000, 0x00000000e4900000, 0x00000000e4900000|100%| E|CS|TAMS 0x00000000e4800000| PB 0x00000000e4800000| Complete 
| 585|0x00000000e4900000, 0x00000000e4a00000, 0x00000000e4a00000|100%| E|CS|TAMS 0x00000000e4900000| PB 0x00000000e4900000| Complete 
| 586|0x00000000e4a00000, 0x00000000e4b00000, 0x00000000e4b00000|100%| E|CS|TAMS 0x00000000e4a00000| PB 0x00000000e4a00000| Complete 
| 587|0x00000000e4b00000, 0x00000000e4c00000, 0x00000000e4c00000|100%| E|CS|TAMS 0x00000000e4b00000| PB 0x00000000e4b00000| Complete 
| 588|0x00000000e4c00000, 0x00000000e4d00000, 0x00000000e4d00000|100%| E|CS|TAMS 0x00000000e4c00000| PB 0x00000000e4c00000| Complete 
| 589|0x00000000e4d00000, 0x00000000e4e00000, 0x00000000e4e00000|100%| E|CS|TAMS 0x00000000e4d00000| PB 0x00000000e4d00000| Complete 
| 590|0x00000000e4e00000, 0x00000000e4f00000, 0x00000000e4f00000|100%| E|CS|TAMS 0x00000000e4e00000| PB 0x00000000e4e00000| Complete 
| 591|0x00000000e4f00000, 0x00000000e5000000, 0x00000000e5000000|100%| E|CS|TAMS 0x00000000e4f00000| PB 0x00000000e4f00000| Complete 
| 592|0x00000000e5000000, 0x00000000e5100000, 0x00000000e5100000|100%| E|CS|TAMS 0x00000000e5000000| PB 0x00000000e5000000| Complete 
| 593|0x00000000e5100000, 0x00000000e5200000, 0x00000000e5200000|100%| E|CS|TAMS 0x00000000e5100000| PB 0x00000000e5100000| Complete 
| 594|0x00000000e5200000, 0x00000000e5300000, 0x00000000e5300000|100%| E|CS|TAMS 0x00000000e5200000| PB 0x00000000e5200000| Complete 
| 595|0x00000000e5300000, 0x00000000e5400000, 0x00000000e5400000|100%| E|CS|TAMS 0x00000000e5300000| PB 0x00000000e5300000| Complete 
| 596|0x00000000e5400000, 0x00000000e5500000, 0x00000000e5500000|100%| E|CS|TAMS 0x00000000e5400000| PB 0x00000000e5400000| Complete 
| 597|0x00000000e5500000, 0x00000000e5600000, 0x00000000e5600000|100%| E|CS|TAMS 0x00000000e5500000| PB 0x00000000e5500000| Complete 
| 598|0x00000000e5600000, 0x00000000e5700000, 0x00000000e5700000|100%| E|CS|TAMS 0x00000000e5600000| PB 0x00000000e5600000| Complete 
| 599|0x00000000e5700000, 0x00000000e5800000, 0x00000000e5800000|100%| E|CS|TAMS 0x00000000e5700000| PB 0x00000000e5700000| Complete 
| 600|0x00000000e5800000, 0x00000000e5900000, 0x00000000e5900000|100%| E|CS|TAMS 0x00000000e5800000| PB 0x00000000e5800000| Complete 
| 601|0x00000000e5900000, 0x00000000e5a00000, 0x00000000e5a00000|100%| E|CS|TAMS 0x00000000e5900000| PB 0x00000000e5900000| Complete 
| 602|0x00000000e5a00000, 0x00000000e5b00000, 0x00000000e5b00000|100%| E|CS|TAMS 0x00000000e5a00000| PB 0x00000000e5a00000| Complete 
| 603|0x00000000e5b00000, 0x00000000e5c00000, 0x00000000e5c00000|100%| E|CS|TAMS 0x00000000e5b00000| PB 0x00000000e5b00000| Complete 
| 604|0x00000000e5c00000, 0x00000000e5d00000, 0x00000000e5d00000|100%| E|CS|TAMS 0x00000000e5c00000| PB 0x00000000e5c00000| Complete 
| 605|0x00000000e5d00000, 0x00000000e5e00000, 0x00000000e5e00000|100%| E|CS|TAMS 0x00000000e5d00000| PB 0x00000000e5d00000| Complete 
| 606|0x00000000e5e00000, 0x00000000e5f00000, 0x00000000e5f00000|100%| E|CS|TAMS 0x00000000e5e00000| PB 0x00000000e5e00000| Complete 
| 607|0x00000000e5f00000, 0x00000000e6000000, 0x00000000e6000000|100%| E|CS|TAMS 0x00000000e5f00000| PB 0x00000000e5f00000| Complete 
| 608|0x00000000e6000000, 0x00000000e6100000, 0x00000000e6100000|100%| E|CS|TAMS 0x00000000e6000000| PB 0x00000000e6000000| Complete 
| 609|0x00000000e6100000, 0x00000000e6200000, 0x00000000e6200000|100%| E|CS|TAMS 0x00000000e6100000| PB 0x00000000e6100000| Complete 
| 610|0x00000000e6200000, 0x00000000e6300000, 0x00000000e6300000|100%| E|CS|TAMS 0x00000000e6200000| PB 0x00000000e6200000| Complete 
| 611|0x00000000e6300000, 0x00000000e6400000, 0x00000000e6400000|100%| E|CS|TAMS 0x00000000e6300000| PB 0x00000000e6300000| Complete 
| 612|0x00000000e6400000, 0x00000000e6500000, 0x00000000e6500000|100%| E|CS|TAMS 0x00000000e6400000| PB 0x00000000e6400000| Complete 

Card table byte_map: [0x0000022900750000,0x0000022900950000] _byte_map_base: 0x0000022900150000

Marking Bits: (CMBitMap*) 0x000002296892a360
 Bits: [0x0000022900950000, 0x0000022901950000)

Polling page: 0x0000022966690000

Metaspace:

Usage:
  Non-class:     10.98 MB used.
      Class:      1.69 MB used.
       Both:     12.67 MB used.

Virtual space:
  Non-class space:       64.00 MB reserved,      11.12 MB ( 17%) committed,  1 nodes.
      Class space:        1.00 GB reserved,       1.81 MB ( <1%) committed,  1 nodes.
             Both:        1.06 GB reserved,      12.94 MB (  1%) committed. 

Chunk freelists:
   Non-Class:  4.17 MB
       Class:  14.02 MB
        Both:  18.19 MB

MaxMetaspaceSize: unlimited
CompressedClassSpaceSize: 1.00 GB
Initial GC threshold: 21.00 MB
Current GC threshold: 21.00 MB
CDS: on
 - commit_granule_bytes: 65536.
 - commit_granule_words: 8192.
 - virtual_space_node_default_size: 8388608.
 - enlarge_chunks_in_place: 1.
 - use_allocation_guard: 0.


Internal statistics:

num_allocs_failed_limit: 0.
num_arena_births: 244.
num_arena_deaths: 0.
num_vsnodes_births: 2.
num_vsnodes_deaths: 0.
num_space_committed: 207.
num_space_uncommitted: 0.
num_chunks_returned_to_freelist: 0.
num_chunks_taken_from_freelist: 718.
num_chunk_merges: 0.
num_chunk_splits: 457.
num_chunks_enlarged: 301.
num_inconsistent_stats: 0.

CodeHeap 'non-profiled nmethods': size=120000Kb used=2027Kb max_used=2027Kb free=117972Kb
 bounds [0x0000022978a90000, 0x0000022978d00000, 0x000002297ffc0000]
CodeHeap 'profiled nmethods': size=120000Kb used=6308Kb max_used=6308Kb free=113691Kb
 bounds [0x0000022970fc0000, 0x00000229715f0000, 0x00000229784f0000]
CodeHeap 'non-nmethods': size=5760Kb used=1374Kb max_used=1437Kb free=4385Kb
 bounds [0x00000229784f0000, 0x0000022978760000, 0x0000022978a90000]
CodeCache: size=245760Kb, used=9709Kb, max_used=9772Kb, free=236048Kb
 total_blobs=3335, nmethods=2866, adapters=373, full_count=0
Compilation: enabled, stopped_count=0, restarted_count=0

Compilation events (20 events):
Event: 2.299 Thread 0x000002294b7c12b0 2623       4       com.android.tools.r8.internal.de::a (192 bytes)
Event: 2.312 Thread 0x00000229047c5b40 nmethod 2972% 0x0000022978c75010 code [0x0000022978c75d60, 0x0000022978c80b68]
Event: 2.313 Thread 0x00000229047c5b40 2964       3       com.android.tools.r8.graph.C2::a (41 bytes)
Event: 2.313 Thread 0x00000229047c5b40 nmethod 2964 0x00000229715e4590 code [0x00000229715e4740, 0x00000229715e49a0]
Event: 2.313 Thread 0x00000229047c5b40 2965       3       com.android.tools.r8.graph.D2::k0 (51 bytes)
Event: 2.314 Thread 0x00000229047c5b40 nmethod 2965 0x00000229715e4a10 code [0x00000229715e4c60, 0x00000229715e5898]
Event: 2.314 Thread 0x00000229047c5b40 2966       3       java.lang.Boolean::hashCode (8 bytes)
Event: 2.314 Thread 0x00000229047c5b40 nmethod 2966 0x00000229715e5b90 code [0x00000229715e5d40, 0x00000229715e5f20]
Event: 2.314 Thread 0x00000229047c5b40 2967       3       com.android.tools.r8.graph.C2::a (183 bytes)
Event: 2.314 Thread 0x000002294b7c12b0 nmethod 2623 0x0000022978c89090 code [0x0000022978c89360, 0x0000022978c8a630]
Event: 2.314 Thread 0x00000229047c5b40 nmethod 2967 0x00000229715e6010 code [0x00000229715e6260, 0x00000229715e6840]
Event: 2.314 Thread 0x00000229047c5b40 2969       3       com.android.tools.r8.graph.D2::a (118 bytes)
Event: 2.314 Thread 0x000002294b7c12b0 2973       4       com.android.tools.r8.graph.w4::c (165 bytes)
Event: 2.315 Thread 0x00000229047c5b40 nmethod 2969 0x00000229715e6a10 code [0x00000229715e6ce0, 0x00000229715e7910]
Event: 2.315 Thread 0x00000229047c5b40 2968       3       com.android.tools.r8.graph.D2::<init> (25 bytes)
Event: 2.315 Thread 0x00000229047c5b40 nmethod 2968 0x00000229715e7f10 code [0x00000229715e80e0, 0x00000229715e8490]
Event: 2.315 Thread 0x00000229047c5b40 2970       3       com.android.tools.r8.graph.u1::a (25 bytes)
Event: 2.315 Thread 0x00000229047c5b40 nmethod 2970 0x00000229715e8610 code [0x00000229715e87e0, 0x00000229715e8ac8]
Event: 2.315 Thread 0x00000229047c5b40 2974       3       com.android.tools.r8.internal.de::b (22 bytes)
Event: 2.316 Thread 0x00000229047c5b40 nmethod 2974 0x00000229715e8c10 code [0x00000229715e8de0, 0x00000229715e91d8]

GC Heap History (20 events):
Event: 0.627 GC heap after
{Heap after GC invocations=3 (full 0):
 garbage-first heap   total 522240K, used 28182K [0x00000000c0000000, 0x0000000100000000)
  region size 1024K, 7 young (7168K), 7 survivors (7168K)
 Metaspace       used 5698K, committed 5888K, reserved 1114112K
  class space    used 641K, committed 768K, reserved 1048576K
}
Event: 0.756 GC heap before
{Heap before GC invocations=3 (full 0):
 garbage-first heap   total 522240K, used 90646K [0x00000000c0000000, 0x0000000100000000)
  region size 1024K, 68 young (69632K), 7 survivors (7168K)
 Metaspace       used 5699K, committed 5888K, reserved 1114112K
  class space    used 641K, committed 768K, reserved 1048576K
}
Event: 0.760 GC heap after
{Heap after GC invocations=4 (full 0):
 garbage-first heap   total 522240K, used 45912K [0x00000000c0000000, 0x0000000100000000)
  region size 1024K, 9 young (9216K), 9 survivors (9216K)
 Metaspace       used 5699K, committed 5888K, reserved 1114112K
  class space    used 641K, committed 768K, reserved 1048576K
}
Event: 0.965 GC heap before
{Heap before GC invocations=4 (full 0):
 garbage-first heap   total 522240K, used 132952K [0x00000000c0000000, 0x0000000100000000)
  region size 1024K, 92 young (94208K), 9 survivors (9216K)
 Metaspace       used 7496K, committed 7808K, reserved 1114112K
  class space    used 937K, committed 1088K, reserved 1048576K
}
Event: 0.973 GC heap after
{Heap after GC invocations=5 (full 0):
 garbage-first heap   total 522240K, used 70656K [0x00000000c0000000, 0x0000000100000000)
  region size 1024K, 12 young (12288K), 12 survivors (12288K)
 Metaspace       used 7496K, committed 7808K, reserved 1114112K
  class space    used 937K, committed 1088K, reserved 1048576K
}
Event: 1.197 GC heap before
{Heap before GC invocations=5 (full 0):
 garbage-first heap   total 522240K, used 161792K [0x00000000c0000000, 0x0000000100000000)
  region size 1024K, 102 young (104448K), 12 survivors (12288K)
 Metaspace       used 7752K, committed 8000K, reserved 1114112K
  class space    used 968K, committed 1088K, reserved 1048576K
}
Event: 1.214 GC heap after
{Heap after GC invocations=6 (full 0):
 garbage-first heap   total 522240K, used 95180K [0x00000000c0000000, 0x0000000100000000)
  region size 1024K, 13 young (13312K), 13 survivors (13312K)
 Metaspace       used 7752K, committed 8000K, reserved 1114112K
  class space    used 968K, committed 1088K, reserved 1048576K
}
Event: 1.309 GC heap before
{Heap before GC invocations=6 (full 0):
 garbage-first heap   total 522240K, used 181196K [0x00000000c0000000, 0x0000000100000000)
  region size 1024K, 94 young (96256K), 13 survivors (13312K)
 Metaspace       used 7816K, committed 8064K, reserved 1114112K
  class space    used 971K, committed 1088K, reserved 1048576K
}
Event: 1.327 GC heap after
{Heap after GC invocations=7 (full 0):
 garbage-first heap   total 522240K, used 117760K [0x00000000c0000000, 0x0000000100000000)
  region size 1024K, 12 young (12288K), 12 survivors (12288K)
 Metaspace       used 7816K, committed 8064K, reserved 1114112K
  class space    used 971K, committed 1088K, reserved 1048576K
}
Event: 1.375 GC heap before
{Heap before GC invocations=7 (full 0):
 garbage-first heap   total 522240K, used 198656K [0x00000000c0000000, 0x0000000100000000)
  region size 1024K, 92 young (94208K), 12 survivors (12288K)
 Metaspace       used 7827K, committed 8064K, reserved 1114112K
  class space    used 971K, committed 1088K, reserved 1048576K
}
Event: 1.391 GC heap after
{Heap after GC invocations=8 (full 0):
 garbage-first heap   total 522240K, used 137577K [0x00000000c0000000, 0x0000000100000000)
  region size 1024K, 12 young (12288K), 12 survivors (12288K)
 Metaspace       used 7827K, committed 8064K, reserved 1114112K
  class space    used 971K, committed 1088K, reserved 1048576K
}
Event: 1.650 GC heap before
{Heap before GC invocations=8 (full 0):
 garbage-first heap   total 522240K, used 273769K [0x00000000c0000000, 0x0000000100000000)
  region size 1024K, 143 young (146432K), 12 survivors (12288K)
 Metaspace       used 10439K, committed 10752K, reserved 1114112K
  class space    used 1386K, committed 1536K, reserved 1048576K
}
Event: 1.671 GC heap after
{Heap after GC invocations=9 (full 0):
 garbage-first heap   total 522240K, used 169984K [0x00000000c0000000, 0x0000000100000000)
  region size 1024K, 18 young (18432K), 18 survivors (18432K)
 Metaspace       used 10439K, committed 10752K, reserved 1114112K
  class space    used 1386K, committed 1536K, reserved 1048576K
}
Event: 1.800 GC heap before
{Heap before GC invocations=9 (full 0):
 garbage-first heap   total 522240K, used 354304K [0x00000000c0000000, 0x0000000100000000)
  region size 1024K, 198 young (202752K), 18 survivors (18432K)
 Metaspace       used 10469K, committed 10816K, reserved 1114112K
  class space    used 1386K, committed 1536K, reserved 1048576K
}
Event: 1.824 GC heap after
{Heap after GC invocations=10 (full 0):
 garbage-first heap   total 522240K, used 209408K [0x00000000c0000000, 0x0000000100000000)
  region size 1024K, 25 young (25600K), 25 survivors (25600K)
 Metaspace       used 10469K, committed 10816K, reserved 1114112K
  class space    used 1386K, committed 1536K, reserved 1048576K
}
Event: 2.072 GC heap before
{Heap before GC invocations=10 (full 0):
 garbage-first heap   total 522240K, used 394752K [0x00000000c0000000, 0x0000000100000000)
  region size 1024K, 205 young (209920K), 25 survivors (25600K)
 Metaspace       used 12970K, committed 13248K, reserved 1114112K
  class space    used 1728K, committed 1856K, reserved 1048576K
}
Event: 2.099 GC heap after
{Heap after GC invocations=11 (full 0):
 garbage-first heap   total 522240K, used 252416K [0x00000000c0000000, 0x0000000100000000)
  region size 1024K, 26 young (26624K), 26 survivors (26624K)
 Metaspace       used 12970K, committed 13248K, reserved 1114112K
  class space    used 1728K, committed 1856K, reserved 1048576K
}
Event: 2.191 GC heap before
{Heap before GC invocations=11 (full 0):
 garbage-first heap   total 522240K, used 417280K [0x00000000c0000000, 0x0000000100000000)
  region size 1024K, 187 young (191488K), 26 survivors (26624K)
 Metaspace       used 12973K, committed 13248K, reserved 1114112K
  class space    used 1728K, committed 1856K, reserved 1048576K
}
Event: 2.216 GC heap after
{Heap after GC invocations=12 (full 0):
 garbage-first heap   total 627712K, used 290304K [0x00000000c0000000, 0x0000000100000000)
  region size 1024K, 24 young (24576K), 24 survivors (24576K)
 Metaspace       used 12973K, committed 13248K, reserved 1114112K
  class space    used 1728K, committed 1856K, reserved 1048576K
}
Event: 2.325 GC heap before
{Heap before GC invocations=12 (full 0):
 garbage-first heap   total 627712K, used 499200K [0x00000000c0000000, 0x0000000100000000)
  region size 1024K, 229 young (234496K), 24 survivors (24576K)
 Metaspace       used 12973K, committed 13248K, reserved 1114112K
  class space    used 1728K, committed 1856K, reserved 1048576K
}

Dll operation events (7 events):
Event: 0.010 Loaded shared library C:\Program Files\Android\openjdk\jdk-21.0.8\bin\java.dll
Event: 0.035 Loaded shared library C:\Program Files\Android\openjdk\jdk-21.0.8\bin\jsvml.dll
Event: 0.049 Loaded shared library C:\Program Files\Android\openjdk\jdk-21.0.8\bin\net.dll
Event: 0.051 Loaded shared library C:\Program Files\Android\openjdk\jdk-21.0.8\bin\nio.dll
Event: 0.060 Loaded shared library C:\Program Files\Android\openjdk\jdk-21.0.8\bin\zip.dll
Event: 0.188 Loaded shared library C:\Program Files\Android\openjdk\jdk-21.0.8\bin\jimage.dll
Event: 0.863 Loaded shared library C:\Program Files\Android\openjdk\jdk-21.0.8\bin\verify.dll

Deoptimization events (20 events):
Event: 2.291 Thread 0x000002294ac98a30 DEOPT PACKING pc=0x00000229714af084 sp=0x000000d85e3fe9b0
Event: 2.291 Thread 0x000002294ac98a30 DEOPT UNPACKING pc=0x0000022978544e42 sp=0x000000d85e3fe0e8 mode 0
Event: 2.293 Thread 0x000002294b45d710 DEOPT PACKING pc=0x00000229714af042 sp=0x000000d85dffe430
Event: 2.293 Thread 0x000002294b45d710 DEOPT UNPACKING pc=0x0000022978544e42 sp=0x000000d85dffdb68 mode 0
Event: 2.298 Thread 0x000002294ac97680 DEOPT PACKING pc=0x00000229714af0a5 sp=0x000000d85e2fe390
Event: 2.298 Thread 0x000002294ac97680 DEOPT UNPACKING pc=0x0000022978544e42 sp=0x000000d85e2fdac8 mode 0
Event: 2.305 Thread 0x000002294ac98a30 DEOPT PACKING pc=0x00000229714af0a5 sp=0x000000d85e3fe9e0
Event: 2.305 Thread 0x000002294ac98a30 DEOPT UNPACKING pc=0x0000022978544e42 sp=0x000000d85e3fe118 mode 0
Event: 2.307 Thread 0x000002294ac96ff0 DEOPT PACKING pc=0x00000229714af0c6 sp=0x000000d85e5fe1d0
Event: 2.307 Thread 0x000002294ac96ff0 DEOPT UNPACKING pc=0x0000022978544e42 sp=0x000000d85e5fd908 mode 0
Event: 2.308 Thread 0x000002294ac96ff0 DEOPT PACKING pc=0x00000229714af0a5 sp=0x000000d85e5fe200
Event: 2.308 Thread 0x000002294ac96ff0 DEOPT UNPACKING pc=0x0000022978544e42 sp=0x000000d85e5fd938 mode 0
Event: 2.312 Thread 0x000002294ac98a30 DEOPT PACKING pc=0x00000229714af084 sp=0x000000d85e3fe9b0
Event: 2.312 Thread 0x000002294ac98a30 DEOPT UNPACKING pc=0x0000022978544e42 sp=0x000000d85e3fe0e8 mode 0
Event: 2.312 Thread 0x000002294b45d0b0 DEOPT PACKING pc=0x00000229714af0a5 sp=0x000000d85defe770
Event: 2.312 Thread 0x000002294b45d0b0 DEOPT UNPACKING pc=0x0000022978544e42 sp=0x000000d85defdea8 mode 0
Event: 2.314 Thread 0x000002294b042ff0 DEOPT PACKING pc=0x00000229714af0c6 sp=0x000000d85e0fe5b0
Event: 2.314 Thread 0x000002294b042ff0 DEOPT UNPACKING pc=0x0000022978544e42 sp=0x000000d85e0fdce8 mode 0
Event: 2.316 Thread 0x000002294b45d710 DEOPT PACKING pc=0x00000229714af084 sp=0x000000d85dffe430
Event: 2.316 Thread 0x000002294b45d710 DEOPT UNPACKING pc=0x0000022978544e42 sp=0x000000d85dffdb68 mode 0

Classes loaded (20 events):
Event: 0.860 Loading class java/util/concurrent/RunnableFuture done
Event: 0.860 Loading class java/util/concurrent/ForkJoinTask$AdaptedCallable done
Event: 0.872 Loading class java/lang/reflect/GenericSignatureFormatError
Event: 0.872 Loading class java/lang/ClassFormatError
Event: 0.872 Loading class java/lang/ClassFormatError done
Event: 0.872 Loading class java/lang/reflect/GenericSignatureFormatError done
Event: 1.245 Loading class java/util/concurrent/ConcurrentHashMap$TreeNode
Event: 1.245 Loading class java/util/concurrent/ConcurrentHashMap$TreeNode done
Event: 1.245 Loading class java/util/concurrent/ConcurrentHashMap$TreeBin
Event: 1.245 Loading class java/util/concurrent/ConcurrentHashMap$TreeBin done
Event: 1.432 Loading class java/util/concurrent/ConcurrentLinkedQueue$Itr
Event: 1.432 Loading class java/util/concurrent/ConcurrentLinkedQueue$Itr done
Event: 1.514 Loading class java/util/LinkedList
Event: 1.514 Loading class java/util/AbstractSequentialList
Event: 1.514 Loading class java/util/AbstractSequentialList done
Event: 1.514 Loading class java/util/LinkedList done
Event: 1.550 Loading class java/lang/ArrayIndexOutOfBoundsException
Event: 1.550 Loading class java/lang/ArrayIndexOutOfBoundsException done
Event: 1.919 Loading class java/util/Collections$2
Event: 1.919 Loading class java/util/Collections$2 done

Classes unloaded (0 events):
No events

Classes redefined (0 events):
No events

Internal exceptions (20 events):
Event: 1.003 Thread 0x000002294b42f4a0 Exception <a 'java/lang/NoSuchMethodError'{0x00000000dea4a410}: 'void java.lang.invoke.DirectMethodHandle$Holder.invokeSpecial(java.lang.Object, java.lang.Object, java.lang.Object, java.lang.Object, java.lang.Object)'> (0x00000000dea4a410) 
thrown [s\src\hotspot\share\interpreter\linkResolver.cpp, line 773]
Event: 1.003 Thread 0x000002294af88690 Exception <a 'java/lang/NoSuchMethodError'{0x00000000debb34d0}: 'void java.lang.invoke.DirectMethodHandle$Holder.invokeSpecial(java.lang.Object, java.lang.Object, java.lang.Object, java.lang.Object, java.lang.Object)'> (0x00000000debb34d0) 
thrown [s\src\hotspot\share\interpreter\linkResolver.cpp, line 773]
Event: 1.465 Thread 0x00000229664ec580 Exception <a 'java/lang/NoSuchMethodError'{0x00000000dbfab020}: 'java.lang.Object java.lang.invoke.DirectMethodHandle$Holder.invokeVirtual(java.lang.Object, java.lang.Object, java.lang.Object, java.lang.Object)'> (0x00000000dbfab020) 
thrown [s\src\hotspot\share\interpreter\linkResolver.cpp, line 773]
Event: 1.480 Thread 0x00000229664ec580 Exception <a 'java/lang/NoSuchMethodError'{0x00000000dbe5c878}: 'int java.lang.invoke.DirectMethodHandle$Holder.invokeStatic(java.lang.Object, java.lang.Object, java.lang.Object, java.lang.Object)'> (0x00000000dbe5c878) 
thrown [s\src\hotspot\share\interpreter\linkResolver.cpp, line 773]
Event: 1.481 Thread 0x00000229664ec580 Exception <a 'java/lang/NoSuchMethodError'{0x00000000dbe67408}: 'int java.lang.invoke.DirectMethodHandle$Holder.invokeSpecial(java.lang.Object, java.lang.Object, java.lang.Object, java.lang.Object)'> (0x00000000dbe67408) 
thrown [s\src\hotspot\share\interpreter\linkResolver.cpp, line 773]
Event: 1.528 Thread 0x00000229664ec580 Exception <a 'java/lang/NoSuchMethodError'{0x00000000dbc850c0}: 'void java.lang.invoke.DirectMethodHandle$Holder.invokeInterface(java.lang.Object, java.lang.Object, java.lang.Object)'> (0x00000000dbc850c0) 
thrown [s\src\hotspot\share\interpreter\linkResolver.cpp, line 773]
Event: 1.528 Thread 0x00000229664ec580 Exception <a 'java/lang/IncompatibleClassChangeError'{0x00000000dbc881c0}: Found class java.lang.Object, but interface was expected> (0x00000000dbc881c0) 
thrown [s\src\hotspot\share\interpreter\linkResolver.cpp, line 840]
Event: 1.529 Thread 0x00000229664ec580 Exception <a 'java/lang/NoSuchMethodError'{0x00000000dbc8be10}: 'void java.lang.invoke.DirectMethodHandle$Holder.invokeInterface(java.lang.Object, java.lang.Object, java.lang.Object, int)'> (0x00000000dbc8be10) 
thrown [s\src\hotspot\share\interpreter\linkResolver.cpp, line 773]
Event: 1.532 Thread 0x00000229664ec580 Exception <a 'java/lang/NoSuchMethodError'{0x00000000dbca4920}: 'java.lang.Object java.lang.invoke.DirectMethodHandle$Holder.newInvokeSpecial(java.lang.Object, java.lang.Object, java.lang.Object, int)'> (0x00000000dbca4920) 
thrown [s\src\hotspot\share\interpreter\linkResolver.cpp, line 773]
Event: 1.532 Thread 0x00000229664ec580 Exception <a 'java/lang/NoSuchMethodError'{0x00000000dbca8b68}: 'java.lang.Object java.lang.invoke.DirectMethodHandle$Holder.invokeSpecial(java.lang.Object, java.lang.Object, java.lang.Object, java.lang.Object, int)'> (0x00000000dbca8b68) 
thrown [s\src\hotspot\share\interpreter\linkResolver.cpp, line 773]
Event: 1.533 Thread 0x00000229664ec580 Exception <a 'java/lang/NoSuchMethodError'{0x00000000dbcac4d0}: 'java.lang.Object java.lang.invoke.Invokers$Holder.linkToTargetMethod(java.lang.Object, java.lang.Object, int, java.lang.Object)'> (0x00000000dbcac4d0) 
thrown [s\src\hotspot\share\interpreter\linkResolver.cpp, line 773]
Event: 1.535 Thread 0x000002294b45d710 Exception <a 'java/lang/NoSuchMethodError'{0x00000000dc187558}: 'int java.lang.invoke.DirectMethodHandle$Holder.invokeSpecial(java.lang.Object, java.lang.Object, java.lang.Object)'> (0x00000000dc187558) 
thrown [s\src\hotspot\share\interpreter\linkResolver.cpp, line 773]
Event: 1.535 Thread 0x000002294b45dd70 Exception <a 'java/lang/NoSuchMethodError'{0x00000000dc2bdd48}: 'int java.lang.invoke.DirectMethodHandle$Holder.invokeSpecial(java.lang.Object, java.lang.Object, java.lang.Object)'> (0x00000000dc2bdd48) 
thrown [s\src\hotspot\share\interpreter\linkResolver.cpp, line 773]
Event: 1.535 Thread 0x000002294ac96ff0 Exception <a 'java/lang/NoSuchMethodError'{0x00000000dbb025a0}: 'int java.lang.invoke.DirectMethodHandle$Holder.invokeSpecial(java.lang.Object, java.lang.Object, java.lang.Object)'> (0x00000000dbb025a0) 
thrown [s\src\hotspot\share\interpreter\linkResolver.cpp, line 773]
Event: 1.535 Thread 0x000002294ac95c40 Exception <a 'java/lang/NoSuchMethodError'{0x00000000dbb2f3c0}: 'int java.lang.invoke.DirectMethodHandle$Holder.invokeSpecial(java.lang.Object, java.lang.Object, java.lang.Object)'> (0x00000000dbb2f3c0) 
thrown [s\src\hotspot\share\interpreter\linkResolver.cpp, line 773]
Event: 1.561 Thread 0x000002294ac98a30 Implicit null exception at 0x0000022978b8cffc to 0x0000022978b8d0b4
Event: 1.932 Thread 0x00000229664ec580 Exception <a 'java/lang/NoSuchMethodError'{0x00000000dafe0840}: 'java.lang.Object java.lang.invoke.DirectMethodHandle$Holder.invokeStaticInit(java.lang.Object, java.lang.Object, java.lang.Object)'> (0x00000000dafe0840) 
thrown [s\src\hotspot\share\interpreter\linkResolver.cpp, line 773]
Event: 1.943 Thread 0x00000229664ec580 Exception <a 'java/lang/NoSuchMethodError'{0x00000000dae8fc98}: 'java.lang.Object java.lang.invoke.DirectMethodHandle$Holder.invokeStatic(java.lang.Object, java.lang.Object, int, java.lang.Object, java.lang.Object)'> (0x00000000dae8fc98) 
thrown [s\src\hotspot\share\interpreter\linkResolver.cpp, line 773]
Event: 1.943 Thread 0x00000229664ec580 Exception <a 'java/lang/NoSuchMethodError'{0x00000000dae961b8}: 'java.lang.Object java.lang.invoke.DirectMethodHandle$Holder.newInvokeSpecial(java.lang.Object, java.lang.Object, int)'> (0x00000000dae961b8) 
thrown [s\src\hotspot\share\interpreter\linkResolver.cpp, line 773]
Event: 1.957 Thread 0x00000229664ec580 Exception <a 'java/lang/NoSuchMethodError'{0x00000000dad376d0}: 'java.lang.Object java.lang.invoke.DirectMethodHandle$Holder.invokeInterface(java.lang.Object, java.lang.Object, java.lang.Object)'> (0x00000000dad376d0) 
thrown [s\src\hotspot\share\interpreter\linkResolver.cpp, line 773]

ZGC Phase Switch (0 events):
No events

VM Operations (20 events):
Event: 1.672 Executing VM operation: G1CollectForAllocation (G1 Evacuation Pause) done
Event: 1.799 Executing VM operation: G1CollectForAllocation (G1 Evacuation Pause)
Event: 1.824 Executing VM operation: G1CollectForAllocation (G1 Evacuation Pause) done
Event: 1.892 Executing VM operation: HandshakeAllThreads (Deoptimize)
Event: 1.892 Executing VM operation: HandshakeAllThreads (Deoptimize) done
Event: 1.895 Executing VM operation: HandshakeAllThreads (Deoptimize)
Event: 1.895 Executing VM operation: HandshakeAllThreads (Deoptimize) done
Event: 1.972 Executing VM operation: HandshakeAllThreads (Deoptimize)
Event: 1.972 Executing VM operation: HandshakeAllThreads (Deoptimize) done
Event: 1.979 Executing VM operation: HandshakeAllThreads (Deoptimize)
Event: 1.979 Executing VM operation: HandshakeAllThreads (Deoptimize) done
Event: 1.979 Executing VM operation: HandshakeAllThreads (Deoptimize)
Event: 1.979 Executing VM operation: HandshakeAllThreads (Deoptimize) done
Event: 1.991 Executing VM operation: HandshakeAllThreads (Deoptimize)
Event: 1.991 Executing VM operation: HandshakeAllThreads (Deoptimize) done
Event: 2.072 Executing VM operation: G1CollectForAllocation (G1 Evacuation Pause)
Event: 2.099 Executing VM operation: G1CollectForAllocation (G1 Evacuation Pause) done
Event: 2.191 Executing VM operation: G1CollectForAllocation (G1 Evacuation Pause)
Event: 2.217 Executing VM operation: G1CollectForAllocation (G1 Evacuation Pause) done
Event: 2.325 Executing VM operation: G1CollectForAllocation (G1 Evacuation Pause)

Memory protections (0 events):
No events

Nmethod flushes (0 events):
No events

Events (20 events):
Event: 0.045 Thread 0x00000229664ec580 Thread added: 0x00000229048f7ce0
Event: 0.047 Thread 0x00000229664ec580 Thread added: 0x0000022904905d60
Event: 0.080 Thread 0x00000229047c5b40 Thread added: 0x00000229049c5ff0
Event: 0.082 Thread 0x00000229047c5b40 Thread added: 0x00000229049c66c0
Event: 0.844 Thread 0x00000229049c66c0 Thread exited: 0x00000229049c66c0
Event: 0.850 Thread 0x00000229049c5ff0 Thread exited: 0x00000229049c5ff0
Event: 0.861 Thread 0x00000229664ec580 Thread added: 0x000002294ace80c0
Event: 0.861 Thread 0x00000229664ec580 Thread added: 0x000002294b42f4a0
Event: 0.861 Thread 0x000002294ace80c0 Thread added: 0x000002294af88690
Event: 0.861 Thread 0x000002294b42f4a0 Thread added: 0x000002294b45d0b0
Event: 0.861 Thread 0x000002294af88690 Thread added: 0x000002294b45d710
Event: 0.861 Thread 0x000002294b45d0b0 Thread added: 0x000002294b042ff0
Event: 0.861 Thread 0x000002294b45d710 Thread added: 0x000002294b45dd70
Event: 0.862 Thread 0x00000229664ec580 Thread added: 0x000002294ac97680
Event: 0.862 Thread 0x000002294b042ff0 Thread added: 0x000002294ac98a30
Event: 0.862 Thread 0x000002294b45dd70 Thread added: 0x000002294ac990c0
Event: 0.862 Thread 0x000002294ac97680 Thread added: 0x000002294ac96ff0
Event: 0.862 Thread 0x000002294ac98a30 Thread added: 0x000002294ac95c40
Event: 0.868 Thread 0x00000229047c5b40 Thread added: 0x000002294b7c3b90
Event: 0.869 Thread 0x00000229047b41a0 Thread added: 0x000002294b7c12b0


Dynamic libraries:
0x00007ff602700000 - 0x00007ff60270e000 	C:\Program Files\Android\openjdk\jdk-21.0.8\bin\java.exe
0x00007fff71360000 - 0x00007fff715c7000 	C:\WINDOWS\SYSTEM32\ntdll.dll
0x00007fff710b0000 - 0x00007fff7117b000 	C:\WINDOWS\System32\KERNEL32.DLL
0x00007fff6e890000 - 0x00007fff6ec92000 	C:\WINDOWS\System32\KERNELBASE.dll
0x00007fff6ee30000 - 0x00007fff6ef7c000 	C:\WINDOWS\System32\ucrtbase.dll
0x00007fff4ae30000 - 0x00007fff4ae48000 	C:\Program Files\Android\openjdk\jdk-21.0.8\bin\jli.dll
0x00007fff2fea0000 - 0x00007fff2febe000 	C:\Program Files\Android\openjdk\jdk-21.0.8\bin\VCRUNTIME140.dll
0x00007fff6f6d0000 - 0x00007fff6f89f000 	C:\WINDOWS\System32\USER32.dll
0x00007fff6f050000 - 0x00007fff6f077000 	C:\WINDOWS\System32\win32u.dll
0x00007fff6fd90000 - 0x00007fff6fdbb000 	C:\WINDOWS\System32\GDI32.dll
0x00007fff5b3f0000 - 0x00007fff5b680000 	C:\WINDOWS\WinSxS\amd64_microsoft.windows.common-controls_6595b64144ccf1df_6.0.26100.9278_none_3e0d1ba8e3303201\COMCTL32.dll
0x00007fff6e610000 - 0x00007fff6e739000 	C:\WINDOWS\System32\gdi32full.dll
0x00007fff6fae0000 - 0x00007fff6fb89000 	C:\WINDOWS\System32\msvcrt.dll
0x00007fff6e560000 - 0x00007fff6e603000 	C:\WINDOWS\System32\msvcp_win.dll
0x00007fff712e0000 - 0x00007fff71311000 	C:\WINDOWS\System32\IMM32.DLL
0x0000000065e10000 - 0x0000000065e1d000 	C:\Program Files (x86)\360\Total Security\safemon\SafeWrapper.dll
0x00007fff71210000 - 0x00007fff712cc000 	C:\WINDOWS\System32\ADVAPI32.dll
0x00007fff6f100000 - 0x00007fff6f1a9000 	C:\WINDOWS\System32\sechost.dll
0x00007fff70f20000 - 0x00007fff71038000 	C:\WINDOWS\System32\RPCRT4.dll
0x00007fff6be30000 - 0x00007fff6bf35000 	C:\Program Files (x86)\360\Total Security\safemon\libzdtp64.dll
0x00007fff70020000 - 0x00007fff707b8000 	C:\WINDOWS\System32\SHELL32.dll
0x00007fff71040000 - 0x00007fff710a6000 	C:\WINDOWS\System32\SHLWAPI.dll
0x00007fff6de00000 - 0x00007fff6de0b000 	C:\WINDOWS\SYSTEM32\VERSION.dll
0x00007fff4ae20000 - 0x00007fff4ae2c000 	C:\Program Files\Android\openjdk\jdk-21.0.8\bin\vcruntime140_1.dll
0x00007ffec5390000 - 0x00007ffec5419000 	C:\Program Files\Android\openjdk\jdk-21.0.8\bin\msvcp140.dll
0x00007ffdda140000 - 0x00007ffddaeec000 	C:\Program Files\Android\openjdk\jdk-21.0.8\bin\server\jvm.dll
0x00007fff70960000 - 0x00007fff709e0000 	C:\WINDOWS\System32\WS2_32.dll
0x00007fff6e3c0000 - 0x00007fff6e41e000 	C:\WINDOWS\SYSTEM32\POWRPROF.dll
0x00007fff63a30000 - 0x00007fff63a66000 	C:\WINDOWS\SYSTEM32\WINMM.dll
0x00007fff6e3a0000 - 0x00007fff6e3b5000 	C:\WINDOWS\SYSTEM32\UMPDC.dll
0x00007fff6d1b0000 - 0x00007fff6d1cb000 	C:\WINDOWS\SYSTEM32\kernel.appcore.dll
0x00007fff2fe90000 - 0x00007fff2fe9a000 	C:\Program Files\Android\openjdk\jdk-21.0.8\bin\jimage.dll
0x00007fff6b630000 - 0x00007fff6b87c000 	C:\WINDOWS\SYSTEM32\DBGHELP.DLL
0x00007fff70b90000 - 0x00007fff70f15000 	C:\WINDOWS\System32\combase.dll
0x00007fff70a20000 - 0x00007fff70af9000 	C:\WINDOWS\System32\OLEAUT32.dll
0x00007fff59fd0000 - 0x00007fff5a00b000 	C:\WINDOWS\SYSTEM32\dbgcore.DLL
0x00007fff6ef90000 - 0x00007fff6f03c000 	C:\WINDOWS\System32\bcryptPrimitives.dll
0x00007ffef7d40000 - 0x00007ffef7d61000 	C:\Program Files\Android\openjdk\jdk-21.0.8\bin\java.dll
0x00007fff6bf60000 - 0x00007fff6c80e000 	C:\WINDOWS\SYSTEM32\windows.storage.dll
0x00007fff6fb90000 - 0x00007fff6fc8b000 	C:\WINDOWS\System32\SHCORE.dll
0x00007fff6e480000 - 0x00007fff6e4a9000 	C:\WINDOWS\SYSTEM32\profapi.dll
0x00007ffec52b0000 - 0x00007ffec5386000 	C:\Program Files\Android\openjdk\jdk-21.0.8\bin\jsvml.dll
0x00007fff2ec30000 - 0x00007fff2ec41000 	C:\Program Files\Android\openjdk\jdk-21.0.8\bin\net.dll
0x00007fff67670000 - 0x00007fff6779a000 	C:\WINDOWS\SYSTEM32\WINHTTP.dll
0x00007fff6d770000 - 0x00007fff6d7dc000 	C:\WINDOWS\system32\mswsock.dll
0x00007ffee7190000 - 0x00007ffee71a6000 	C:\Program Files\Android\openjdk\jdk-21.0.8\bin\nio.dll
0x00007ffed6fb0000 - 0x00007ffed6fc8000 	C:\Program Files\Android\openjdk\jdk-21.0.8\bin\zip.dll
0x00007fff2fe80000 - 0x00007fff2fe90000 	C:\Program Files\Android\openjdk\jdk-21.0.8\bin\verify.dll

JVMTI agents: none

dbghelp: loaded successfully - version: 4.0.5 - missing functions: none
symbol engine: initialized successfully - sym options: 0x614 - pdb path: .;C:\Program Files\Android\openjdk\jdk-21.0.8\bin;C:\WINDOWS\SYSTEM32;C:\WINDOWS\WinSxS\amd64_microsoft.windows.common-controls_6595b64144ccf1df_6.0.26100.9278_none_3e0d1ba8e3303201;C:\Program Files (x86)\360\Total Security\safemon;C:\Program Files\Android\openjdk\jdk-21.0.8\bin\server

VM Arguments:
jvm_args: -Xmx1G 
java_command: com.android.tools.r8.D8 --debug --min-api 21 --output obj\Debug\net10.0-android\android\bin\ --lib C:\Program Files (x86)\Android\android-sdk\platforms\android-36\android.jar obj\Debug\net10.0-android\android\bin\classes.zip C:\Program Files\dotnet\packs\Microsoft.Android.Ref.36\36.1.69\ref\net10.0\mono.android.jar C:\Program Files\dotnet\packs\Microsoft.Android.Sdk.Windows\36.1.69\tools\\java_runtime_net6.jar C:\Users\WINDOWS11\.nuget\packages\xamarin.androidx.annotation.jvm\1.9.1.5\buildTransitive\net10.0-android35.0\..\..\jar\androidx.annotation.annotation-jvm.jar C:\Users\WINDOWS11\.nuget\packages\xamarin.androidx.collection.jvm\1.5.0.3\buildTransitive\net10.0-android35.0\..\..\jar\androidx.collection.collection-jvm.jar C:\Users\WINDOWS11\.nuget\packages\xamarin.androidx.annotation\1.9.1.5\buildTransitive\net10.0-android35.0\..\..\jar\androidx.annotation.annotation.jar C:\Users\WINDOWS11\.nuget\packages\xamarin.androidx.collection\1.5.0.3\buildTransitive\net10.0-android35.0\..\..\jar\androidx.collection.collection.jar C:\Users\WINDOWS11\.nuget\packages\xamarin.androidx.concurrent.futures\1.3.0.1\buildTransitive\net10.0-android35.0\..\..\jar\androidx.concurrent.concurrent-futures.jar C:\Users\WINDOWS11\.nuget\packages\xamarin.androidx.lifecycle.common.jvm\2.9.2.1\buildTransitive\net10.0-android35.0\..\..\jar\androidx.lifecycle.lifecycle-common-jvm.jar C:\Users\WINDOWS11\.nuget\packages\xamarin.androidx.lifecycle.common\2.9.2.1\buildTransitive\net10.0-android35.0\..\..\jar\androidx.lifecycle.lifecycle-common.jar C:\Users\WINDOWS11\.nuget\packages\xamarin.androidx.arch.core.common\2.2.0.18\buildTransitive\net10.0-android35.0\..\..\jar\androidx.arch.core.core-common.jar C:\Users\WINDOWS11\.nuget\packages\xamarin.androidx.resourceinspection.annotation\1.0.1.22\buildTransitive\net10.0-android35.0\..\..\jar\androidx.resourceinspection.resourceinspection-annotation.jar C:\Users\WINDOWS11\.nuget\packages\xamarin.androidx.constraintlayout.core\1.1.1.3\buil
java_class_path (initial): C:\Program Files\dotnet\packs\Microsoft.Android.Sdk.Windows\36.1.69\tools\r8.jar
Launcher Type: SUN_STANDARD

[Global flags]
     intx CICompilerCount                          = 4                                         {product} {ergonomic}
     uint ConcGCThreads                            = 3                                         {product} {ergonomic}
     uint G1ConcRefinementThreads                  = 10                                        {product} {ergonomic}
   size_t G1HeapRegionSize                         = 1048576                                   {product} {ergonomic}
    uintx GCDrainStackTargetSize                   = 64                                        {product} {ergonomic}
   size_t InitialHeapSize                          = 534773760                                 {product} {ergonomic}
   size_t MarkStackSize                            = 4194304                                   {product} {ergonomic}
   size_t MaxHeapSize                              = 1073741824                                {product} {command line}
   size_t MaxNewSize                               = 643825664                                 {product} {ergonomic}
   size_t MinHeapDeltaBytes                        = 1048576                                   {product} {ergonomic}
   size_t MinHeapSize                              = 8388608                                   {product} {ergonomic}
    uintx NonNMethodCodeHeapSize                   = 5839372                                {pd product} {ergonomic}
    uintx NonProfiledCodeHeapSize                  = 122909434                              {pd product} {ergonomic}
    uintx ProfiledCodeHeapSize                     = 122909434                              {pd product} {ergonomic}
    uintx ReservedCodeCacheSize                    = 251658240                              {pd product} {ergonomic}
     bool SegmentedCodeCache                       = true                                      {product} {ergonomic}
   size_t SoftMaxHeapSize                          = 1073741824                             {manageable} {ergonomic}
     bool UseCompressedOops                        = true                           {product lp64_product} {ergonomic}
     bool UseG1GC                                  = true                                      {product} {ergonomic}
     bool UseLargePagesIndividualAllocation        = false                                  {pd product} {ergonomic}

Logging:
Log output configuration:
 #0: stdout all=warning uptime,level,tags foldmultilines=false
 #1: stderr all=off uptime,level,tags foldmultilines=false

Environment Variables:
PATH=C:\Program Files\Android\openjdk\jdk-21.0.8\bin;C:\Program Files\Java\jdk-23\bin;C:\php83;C:\Program Files\Common Files\Oracle\Java\javapath;C:\Program Files (x86)\Common Files\Oracle\Java\javapath;C:\WINDOWS\system32;C:\WINDOWS;C:\WINDOWS\System32\Wbem;C:\WINDOWS\System32\WindowsPowerShell\v1.0\;C:\WINDOWS\System32\OpenSSH\;C:\Program Files\dotnet\;C:\Program Files\Git\cmd;C:\Users\WINDOWS11\AppData\Local\Muse Hub\lib;C:\xampp\php;C:\ProgramData\ComposerSetup\bin;C:\Program Files\Docker\Docker\resources\bin;C:\Program Files (x86)\Windows Kits\10\Windows Performance Toolkit\;C:\Program Files\nodejs\;C:\WINDOWS\system32\config\systemprofile\AppData\Local\Muse Hub\lib;C:\Program Files\Microsoft SQL Server\170\Tools\Binn\;C:\Program Files\Microsoft SQL Server\Client SDK\ODBC\170\Tools\Binn\;C:\php83;C:\Users\WINDOWS11\AppData\Local\Microsoft\WindowsApps;C:\Users\WINDOWS11\AppData\Local\Programs\cursor\resources\app\bin;C:\Users\WINDOWS11\AppData\Local\Programs\Microsoft VS Code\bin;C:\src\flutter\bin;C:\Users\WINDOWS11\AppData\Local\Muse Hub\lib;C:\Users\WINDOWS11\AppData\Roaming\Composer\vendor\bin;C:\Users\WINDOWS11\AppData\Local\PowerToys\DSCModules\;C:\Users\WINDOWS11\AppData\Local\Kingsoft\WPS Office\12.1.0.27458\clitool;C:\Users\WINDOWS11\AppData\Local\Programs\Antigravity IDE\bin;C:\Users\WINDOWS11\.dotnet\tools;C:\Users\WINDOWS11\AppData\Roaming\npm;C:\Users\WINDOWS11\.dotnet\tools;C:\Program Files\Microsoft Visual Studio\18\Community\Common7\IDE\PrivateAssemblies\runtimes\win-x64\native
USERNAME=WINDOWS11
OS=Windows_NT
PROCESSOR_IDENTIFIER=AMD64 Family 25 Model 80 Stepping 0, AuthenticAMD
TMP=C:\Users\WINDOWS11\AppData\Local\Temp
TEMP=C:\Users\WINDOWS11\AppData\Local\Temp




Periodic native trim disabled

---------------  S Y S T E M  ---------------

OS:
 Windows 11 , 64 bit Build 26100 (10.0.26100.9444)
OS uptime: 0 days 5:22 hours
Hyper-V role detected

CPU: total 12 (initial active 12) (12 cores per cpu, 2 threads per core) family 25 model 80 stepping 0 microcode 0xa50000f, cx8, cmov, fxsr, ht, mmx, 3dnowpref, sse, sse2, sse3, ssse3, sse4a, sse4.1, sse4.2, popcnt, lzcnt, tsc, tscinvbit, avx, avx2, aes, erms, clmul, bmi1, bmi2, adx, sha, fma, vzeroupper, clflush, clflushopt, hv, rdtscp, rdpid, fsrm, f16c, cet_ss
Processor Information for the first 12 processors :
  Max Mhz: 3600, Current Mhz: 3600, Mhz Limit: 3600

Memory: 4k page, system-wide physical 32636M (10238M free)
TotalPageFile size 38524M (AvailPageFile size 6099M)
current process WorkingSet (physical memory assigned to process): 720M, peak: 720M
current process commit charge ("private bytes"): 790M, peak: 798M

vm_info: OpenJDK 64-Bit Server VM (21.0.8+9-LTS) for windows-amd64 JRE (21.0.8+9-LTS), built on 2025-07-10T20:22:44Z by "MicrosoftCorporation" with unknown MS VC++:1944

END.
