#
# A fatal error has been detected by the Java Runtime Environment:
#
#  EXCEPTION_ACCESS_VIOLATION (0xc0000005) at pc=0x0000000000010000, pid=37528, tid=18384
#
# JRE version: OpenJDK Runtime Environment Microsoft-11933218 (21.0.8+9) (build 21.0.8+9-LTS)
# Java VM: OpenJDK 64-Bit Server VM Microsoft-11933218 (21.0.8+9-LTS, mixed mode, sharing, tiered, compressed oops, compressed class ptrs, g1 gc, windows-amd64)
# Problematic frame:
# V  [jvm.dll+0x327b05]
#
# No core dump will be written. Minidumps are not enabled by default on client versions of Windows
#
# If you would like to submit a bug report, please visit:
#   https://github.com/microsoft/openjdk/issues
#

---------------  S U M M A R Y ------------

Command Line: -Xmx1G com.android.tools.r8.D8 --debug --min-api 21 --output obj\Debug\net10.0-android\android\bin\ --lib C:\Program Files (x86)\Android\android-sdk\platforms\android-36\android.jar obj\Debug\net10.0-android\android\bin\classes.zip C:\Program Files\dotnet\packs\Microsoft.Android.Ref.36\36.1.69\ref\net10.0\mono.android.jar C:\Program Files\dotnet\packs\Microsoft.Android.Sdk.Windows\36.1.69\tools\\java_runtime_net6.jar C:\Users\WINDOWS11\.nuget\packages\xamarin.google.j2objc.annotations\3.0.0.11\buildTransitive\net10.0-android35.0\..\..\jar\j2objc-annotations.jar C:\Users\WINDOWS11\.nuget\packages\xamarin.androidx.annotation.jvm\1.9.1.5\buildTransitive\net10.0-android35.0\..\..\jar\androidx.annotation.annotation-jvm.jar C:\Users\WINDOWS11\.nuget\packages\xamarin.androidx.collection.jvm\1.5.0.3\buildTransitive\net10.0-android35.0\..\..\jar\androidx.collection.collection-jvm.jar C:\Users\WINDOWS11\.nuget\packages\xamarin.androidx.annotation\1.9.1.5\buildTransitive\net10.0-android35.0\..\..\jar\androidx.annotation.annotation.jar C:\Users\WINDOWS11\.nuget\packages\xamarin.androidx.collection\1.5.0.3\buildTransitive\net10.0-android35.0\..\..\jar\androidx.collection.collection.jar C:\Users\WINDOWS11\.nuget\packages\xamarin.androidx.concurrent.futures\1.3.0.1\buildTransitive\net10.0-android35.0\..\..\jar\androidx.concurrent.concurrent-futures.jar C:\Users\WINDOWS11\.nuget\packages\xamarin.androidx.lifecycle.common.jvm\2.9.2.1\buildTransitive\net10.0-android35.0\..\..\jar\androidx.lifecycle.lifecycle-common-jvm.jar C:\Users\WINDOWS11\.nuget\packages\xamarin.androidx.lifecycle.common\2.9.2.1\buildTransitive\net10.0-android35.0\..\..\jar\androidx.lifecycle.lifecycle-common.jar C:\Users\WINDOWS11\.nuget\packages\xamarin.androidx.arch.core.common\2.2.0.18\buildTransitive\net10.0-android35.0\..\..\jar\androidx.arch.core.core-common.jar C:\Users\WINDOWS11\.nuget\packages\xamarin.androidx.resourceinspection.annotation\1.0.1.22\buildTransitive\net10.0-android35.0\..\..\jar\androidx.resourceinspection.resourceinspection-annotation.jar C:\Users\WINDOWS11\.nuget\packages\xamarin.androidx.constraintlayout.core\1.1.1.3\buildTransitive\net10.0-android35.0\..\..\jar\androidx.constraintlayout.constraintlayout-core.jar C:\Users\WINDOWS11\.nuget\packages\xamarin.androidx.window.windowcore.jvm\1.4.0.1\buildTransitive\net10.0-android35.0\..\..\jar\androidx.window.window-core-jvm.jar C:\Users\WINDOWS11\.nuget\packages\xamarin.androidx.window.windowcore\1.4.0.1\buildTransitive\net10.0-android35.0\..\..\jar\androidx.window.window-core.jar C:\Users\WINDOWS11\.nuget\packages\xamarin.androidx.collection.ktx\1.5.0.3\buildTransitive\net10.0-android35.0\..\..\jar\androidx.collection.collection-ktx.jar C:\Program Files\dotnet\packs\Microsoft.NETCore.App.Runtime.Mono.android-arm64\10.0.12\runtimes\android-arm64\native\libSystem.Security.Cryptography.Native.Android.jar obj\Debug\net10.0-android\lp\119\jl\classes.jar obj\Debug\net10.0-android\lp\120\jl\classes.jar obj\Debug\net10.0-android\lp\122\jl\classes.jar obj\Debug\net10.0-android\lp\123\jl\classes.jar obj\Debug\net10.0-android\lp\124\jl\classes.jar obj\Debug\net10.0-android\lp\125\jl\classes.jar obj\Debug\net10.0-android\lp\126\jl\classes.jar obj\Debug\net10.0-android\lp\128\jl\classes.jar obj\Debug\net10.0-android\lp\129\jl\classes.jar obj\Debug\net10.0-android\lp\130\jl\classes.jar obj\Debug\net10.0-android\lp\131\jl\classes.jar obj\Debug\net10.0-android\lp\132\jl\classes.jar obj\Debug\net10.0-android\lp\133\jl\classes.jar obj\Debug\net10.0-android\lp\134\jl\classes.jar obj\Debug\net10.0-android\lp\136\jl\classes.jar obj\Debug\net10.0-android\lp\137\jl\classes.jar obj\Debug\net10.0-android\lp\138\jl\classes.jar obj\Debug\net10.0-android\lp\140\jl\classes.jar obj\Debug\net10.0-android\lp\141\jl\classes.jar obj\Debug\net10.0-android\lp\142\jl\classes.jar obj\Debug\net10.0-android\lp\144\jl\classes.jar obj\Debug\net10.0-android\lp\145\jl\classes.jar obj\Debug\net10.0-android\lp\146\jl\classes.jar obj\Debug\net10.0-android\lp\147\jl\classes.jar obj\Debug\net10.0-android\lp\148\jl\classes.jar obj\Debug\net10.0-android\lp\149\jl\classes.jar obj\Debug\net10.0-android\lp\150\jl\classes.jar obj\Debug\net10.0-android\lp\151\jl\classes.jar obj\Debug\net10.0-android\lp\152\jl\classes.jar obj\Debug\net10.0-android\lp\152\jl\libs\repackaged.jar obj\Debug\net10.0-android\lp\153\jl\classes.jar obj\Debug\net10.0-android\lp\154\jl\classes.jar obj\Debug\net10.0-android\lp\155\jl\classes.jar obj\Debug\net10.0-android\lp\156\jl\classes.jar obj\Debug\net10.0-android\lp\157\jl\classes.jar obj\Debug\net10.0-android\lp\158\jl\classes.jar obj\Debug\net10.0-android\lp\159\jl\classes.jar obj\Debug\net10.0-android\lp\160\jl\classes.jar obj\Debug\net10.0-android\lp\161\jl\classes.jar obj\Debug\net10.0-android\lp\162\jl\classes.jar obj\Debug\net10.0-android\lp\163\jl\classes.jar obj\Debug\net10.0-android\lp\164\jl\classes.jar obj\Debug\net10.0-android\lp\165\jl\classes.jar obj\Debug\net10.0-android\lp\166\jl\classes.jar obj\Debug\net10.0-android\lp\167\jl\classes.jar obj\Debug\net10.0-android\lp\169\jl\classes.jar obj\Debug\net10.0-android\lp\170\jl\classes.jar obj\Debug\net10.0-android\lp\172\jl\classes.jar obj\Debug\net10.0-android\lp\173\jl\classes.jar obj\Debug\net10.0-android\lp\175\jl\classes.jar obj\Debug\net10.0-android\lp\176\jl\classes.jar obj\Debug\net10.0-android\lp\177\jl\classes.jar obj\Debug\net10.0-android\lp\178\jl\classes.jar obj\Debug\net10.0-android\lp\179\jl\classes.jar obj\Debug\net10.0-android\lp\180\jl\classes.jar obj\Debug\net10.0-android\lp\181\jl\classes.jar obj\Debug\net10.0-android\lp\182\jl\classes.jar obj\Debug\net10.0-android\lp\183\jl\classes.jar obj\Debug\net10.0-android\lp\184\jl\classes.jar obj\Debug\net10.0-android\lp\185\jl\classes.jar obj\Debug\net10.0-android\lp\186\jl\classes.jar obj\Debug\net10.0-android\lp\187\jl\classes.jar obj\Debug\net10.0-android\lp\188\jl\classes.jar obj\Debug\net10.0-android\lp\189\jl\classes.jar obj\Debug\net10.0-android\lp\190\jl\classes.jar obj\Debug\net10.0-android\lp\191\jl\classes.jar obj\Debug\net10.0-android\lp\192\jl\classes.jar obj\Debug\net10.0-android\lp\193\jl\classes.jar obj\Debug\net10.0-android\lp\194\jl\classes.jar obj\Debug\net10.0-android\lp\196\jl\libs\ED64959F88B22E6D.jar obj\Debug\net10.0-android\lp\197\jl\libs\2E7FD15AFA9B216B.jar obj\Debug\net10.0-android\lp\200\jl\classes.jar obj\Debug\net10.0-android\lp\204\jl\libs\659D48BEBA477FDD.jar obj\Debug\net10.0-android\lp\205\jl\libs\95D547F40BE4687C.jar obj\Debug\net10.0-android\lp\206\jl\classes.jar obj\Debug\net10.0-android\lp\207\jl\classes.jar obj\Debug\net10.0-android\lp\208\jl\libs\F975D0960055A5E3.jar obj\Debug\net10.0-android\lp\209\jl\libs\B71CFF5D5A0B3AEB.jar obj\Debug\net10.0-android\lp\210\jl\libs\D32451BA8E08B29F.jar obj\Debug\net10.0-android\lp\211\jl\libs\4D0D95ADE3E6F6C7.jar obj\Debug\net10.0-android\lp\212\jl\libs\05D34BA5CA8637CF.jar obj\Debug\net10.0-android\lp\213\jl\libs\DCFB018199B59345.jar obj\Debug\net10.0-android\lp\214\jl\libs\F91D79B39A269A7E.jar obj\Debug\net10.0-android\lp\215\jl\libs\F01C7EADE990A004.jar obj\Debug\net10.0-android\lp\216\jl\libs\F6DB49E0CC905A9A.jar obj\Debug\net10.0-android\lp\217\jl\libs\A1A754E9E8693F85.jar obj\Debug\net10.0-android\lp\218\jl\libs\B7446A23346A729D.jar obj\Debug\net10.0-android\lp\219\jl\libs\623E6E29E2058512.jar --map-diagnostics warning info

Host: AMD Ryzen 5 5500                               , 12 cores, 31G,  Windows 11 , 64 bit Build 26100 (10.0.26100.9444)
Time: Fri Sep 25 19:59:36 2026 Malay Peninsula Standard Time elapsed time: 10.925937 seconds (0d 0h 0m 10s)

---------------  T H R E A D  ---------------

Current thread (0x000001767288f8e0):  WorkerThread "G1 Conc#1"      [id=18384, stack(0x00000031d2400000,0x00000031d2500000) (1024K)]

Stack: [0x00000031d2400000,0x00000031d2500000],  sp=0x00000031d24ff8d0,  free space=1022k
Native frames: (J=compiled Java code, j=interpreted, Vv=VM code, C=native code)
C  0x0000000000010000


siginfo: EXCEPTION_ACCESS_VIOLATION (0xc0000005), data execution prevention violation at address 0x0000000000010000


Registers:
RAX=0x0000000000000234, RBX=0x0000000000000234, RCX=0x00000031d24ff9e0, RDX=0x00000000c3dfcf08
RSP=0x00000031d24ff8c8, RBP=0x00000031d24ff9e0, RSI=0x00000000c3dfcf08, RDI=0x000001760117d1e0
R8 =0x000001760117d1e0, R9 =0x0000000000010000, R10=0x0000017600000000, R11=0x0000000000000234
R12=0x0000000000000000, R13=0xaaaaaaaaaaaaaaab, R14=0x0000000000000000, R15=0x00000031d24ff9c0
RIP=0x0000000000010000, EFLAGS=0x0000000000010212

XMM[0]=0x0000000000000000 0x0000000000000000
XMM[1]=0x0000000000000000 0x0000000000000000
XMM[2]=0x0000000000000000 0x0000000000000000
XMM[3]=0x0000000000000000 0x0000000000000000
XMM[4]=0x0000000000000000 0x0000000000000000
XMM[5]=0x0000000000000000 0x0000000000000000
XMM[6]=0x0000000000000000 0x3fcb6fb0a2ab5380
XMM[7]=0x0000000000000000 0x408f400000000000
XMM[8]=0x0000000000000000 0x0000000000000000
XMM[9]=0x0000000000000000 0x0000000000000000
XMM[10]=0x0000000000000000 0x0000000000000000
XMM[11]=0x0000000000000000 0x0000000000000000
XMM[12]=0x0000000000000000 0x0000000000000000
XMM[13]=0x0000000000000000 0x0000000000000000
XMM[14]=0x0000000000000000 0x0000000000000000
XMM[15]=0x0000000000000000 0x0000000000000000
  MXCSR=0x00001fa0


Register to memory mapping:

RAX=0x0000000000000234 is an unknown value
RBX=0x0000000000000234 is an unknown value
RCX=0x00000031d24ff9e0 points into unknown readable memory: 0x00007ffc98b5ed78 | 78 ed b5 98 fc 7f 00 00
RDX=0x00000000c3dfcf08 points into unknown readable memory: 0x0000000000000009 | 09 00 00 00 00 00 00 00
RSP=0x00000031d24ff8c8 points into unknown readable memory: 0x00007ffc98447b05 | 05 7b 44 98 fc 7f 00 00
RBP=0x00000031d24ff9e0 points into unknown readable memory: 0x00007ffc98b5ed78 | 78 ed b5 98 fc 7f 00 00
RSI=0x00000000c3dfcf08 points into unknown readable memory: 0x0000000000000009 | 09 00 00 00 00 00 00 00
RDI=0x000001760117d1e0 is pointing into metadata
R8 =0x000001760117d1e0 is pointing into metadata
R9 =0x0000000000010000 is an unknown value
R10=0x0000017600000000 is pointing into metadata
R11=0x0000000000000234 is an unknown value
R12=0x0 is null
R13=0xaaaaaaaaaaaaaaab is an unknown value
R14=0x0 is null
R15=0x00000031d24ff9c0 points into unknown readable memory: 0x000001765178c9e0 | e0 c9 78 51 76 01 00 00

Top of Stack: (sp=0x00000031d24ff8c8)
0x00000031d24ff8c8:   00007ffc98447b05 0000000000000027
0x00000031d24ff8d8:   00000000c3dfc998 00000031d24ff9e0
0x00000031d24ff8e8:   0000000000000000 00000176517bae60
0x00000031d24ff8f8:   00007ffc98465775 00000000c3dfcf08
0x00000031d24ff908:   0000000000000000 0000000000000040
0x00000031d24ff918:   00007ffc987fa14c 00000000c9f35540
0x00000031d24ff928:   00007ffc984642bc 00000000c3dfcf08
0x00000031d24ff938:   00000000013e6aa8 000001765178c9f0
0x00000031d24ff948:   00000031d24ff9c0 0000000001400000
0x00000031d24ff958:   00007ffc98465f3c 00000000c9f35528
0x00000031d24ff968:   00000000013e6aa8 0000000002350d52
0x00000031d24ff978:   0000000000098968 0000000000000001
0x00000031d24ff988:   0000000000000000 00000176517bae60
0x00000031d24ff998:   00007ffc98464b77 00000176517baef8
0x00000031d24ff9a8:   0000017674736401 00000176517baef8
0x00000031d24ff9b8:   00000176517baef8 000001765178c9e0
0x00000031d24ff9c8:   00000176517bae60 00000000c9f00000
0x00000031d24ff9d8:   0000000000020000 00007ffc98b5ed78
0x00000031d24ff9e8:   000001766d1dd5c0 00007ffc00000003
0x00000031d24ff9f8:   0000017651763720 00000176517bae60
0x00000031d24ffa08:   00007ffc987fa14c c215b08487f14ed9
0x00000031d24ffa18:   0000000000000000 0000000000000000
0x00000031d24ffa28:   0000000000000000 00000176723c8fe0
0x00000031d24ffa38:   00000031cfdff4c0 00000176723c8ff0
0x00000031d24ffa48:   0000000000000000 00000176517baf30
0x00000031d24ffa58:   00007ffc98468446 00000056459b5048
0x00000031d24ffa68:   00000176747364c0 00000176517bae60
0x00000031d24ffa78:   0000000000000000 0000000000000000
0x00000031d24ffa88:   0000000000000000 0000000000000000
0x00000031d24ffa98:   0000017675041f40 0000000000000000
0x00000031d24ffaa8:   0000000000000000 0000000000000000
0x00000031d24ffab8:   0000017675041f80 000001767288f8e0 

Instructions: (pc=0x00007ffc98447b05)
0x00007ffc98447a05:   0b 00 00 49 0f 45 c1 48 89 05 4d e1 91 00 49 3b
0x00007ffc98447a15:   c2 0f 84 74 0a 00 00 48 ff e0 cc 48 83 ec 38 80
0x00007ffc98447a25:   3d f5 a2 98 00 00 4c 8d 1d 4e 11 ce ff 41 0f 10
0x00007ffc98447a35:   01 49 8b c3 4c 8d 15 40 11 ce ff 49 0f 45 c2 48
0x00007ffc98447a45:   89 05 d5 e0 91 00 0f 29 44 24 20 49 3b c3 74 07
0x00007ffc98447a55:   4c 8d 4c 24 20 ff d0 48 83 c4 38 c3 cc cc cc cc
0x00007ffc98447a65:   cc cc cc cc cc cc cc cc cc cc cc 80 3d a9 a2 98
0x00007ffc98447a75:   00 00 4c 8d 15 02 11 ce ff 49 8b c2 4c 8d 0d f8
0x00007ffc98447a85:   10 ce ff 49 0f 45 c1 48 89 05 c5 e0 91 00 49 3b
0x00007ffc98447a95:   c2 74 03 48 ff e0 c3 cc cc cc cc 48 89 5c 24 08
0x00007ffc98447aa5:   48 89 6c 24 10 48 89 74 24 18 57 48 83 ec 20 80
0x00007ffc98447ab5:   3d fd e8 91 00 00 48 8b ea 48 8b f1 74 15 8b 79
0x00007ffc98447ac5:   08 8b 0d 6c d5 91 00 48 d3 e7 48 03 3d 5a d5 91
0x00007ffc98447ad5:   00 eb 04 48 8b 79 08 48 8b d7 48 8b ce e8 f9 48
0x00007ffc98447ae5:   ce ff 48 63 4f 0c 4c 8d 0d 3e e0 91 00 4c 8b c7
0x00007ffc98447af5:   48 8b d6 48 8b d8 4d 8b 0c c9 48 8b cd 41 ff d1
0x00007ffc98447b05:   48 8b 6c 24 38 48 8b c3 48 8b 5c 24 30 48 8b 74
0x00007ffc98447b15:   24 40 48 83 c4 20 5f c3 cc cc cc 40 55 48 83 ec
0x00007ffc98447b25:   30 48 89 5c 24 40 48 8b e9 49 8b d8 48 89 74 24
0x00007ffc98447b35:   48 44 8b 41 10 45 33 c9 4c 89 74 24 28 4c 89 7c
0x00007ffc98447b45:   24 20 4c 8b fa 48 8b d1 48 8b 8b 98 00 00 00 e8
0x00007ffc98447b55:   a7 41 f0 ff 4c 63 93 ac 00 00 00 4c 63 8b 24 01
0x00007ffc98447b65:   00 00 49 83 c2 3a 8b 83 20 01 00 00 4d 03 d1 49
0x00007ffc98447b75:   03 c2 4a 8d 34 d3 4c 8d 34 c3 49 3b f6 73 4d 48
0x00007ffc98447b85:   89 7c 24 50 0f 1f 80 00 00 00 00 48 63 1e 8b 46
0x00007ffc98447b95:   04 49 03 df 48 8d 3c c3 48 3b df 73 21 48 8b 4d
0x00007ffc98447ba5:   20 48 ff 81 b8 00 00 00 48 8b 13 48 85 d2 74 05
0x00007ffc98447bb5:   e8 26 29 00 00 48 83 c3 08 48 3b df 72 df 48 83
0x00007ffc98447bc5:   c6 08 49 3b f6 72 c4 48 8b 7c 24 50 49 8b cf e8
0x00007ffc98447bd5:   b7 1f 0d 00 4c 8b 7c 24 20 4c 8b 74 24 28 48 8b
0x00007ffc98447be5:   74 24 48 48 8b 5c 24 40 48 85 c0 74 17 44 8b 45
0x00007ffc98447bf5:   10 45 33 c9 48 8b d5 48 8b c8 48 83 c4 30 5d e9 


Stack slot to memory mapping:

stack at sp + 0 slots: 0x0000000000000027 is an unknown value
stack at sp + 1 slots: 0x00000000c3dfc998 is an oop: [Ljava.lang.Object; 
{0x00000000c3dfc998} - klass: 'java/lang/Object'[]
 - length: 73
stack at sp + 2 slots: 0x00000031d24ff9e0 points into unknown readable memory: 0x00007ffc98b5ed78 | 78 ed b5 98 fc 7f 00 00
stack at sp + 3 slots: 0x0 is null
stack at sp + 4 slots: 0x00000176517bae60 points into unknown readable memory: 0x00007ffc98b5ed58 | 58 ed b5 98 fc 7f 00 00
stack at sp + 5 slots: 0x00007ffc98465775 jvm.dll
stack at sp + 6 slots: 0x00000000c3dfcf08 points into unknown readable memory: 0x0000000000000009 | 09 00 00 00 00 00 00 00
stack at sp + 7 slots: 0x0 is null


---------------  P R O C E S S  ---------------

Threads class SMR info:
_java_thread_list=0x0000017673462990, length=25, elements={
0x000001764f20af00, 0x000001766d5abed0, 0x000001766d5ac730, 0x000001766d5b6a60,
0x000001766d5ba6c0, 0x000001766d5b7240, 0x000001766d5b8c80, 0x000001766d5d0320,
0x000001766d5d3750, 0x000001766d5b78d0, 0x000001766d5b7f60, 0x000001766d5b85f0,
0x000001766d5b9310, 0x000001766d5b99a0, 0x000001766d5ba030, 0x00000176722b2bd0,
0x00000176722b0470, 0x00000176722b0b00, 0x00000176722b1190, 0x00000176722b3260,
0x00000176722b1820, 0x00000176722b1eb0, 0x00000176722b2540, 0x0000017672ea0370,
0x0000017672c5ed70
}

Java Threads: ( => current thread )
  0x000001764f20af00 JavaThread "main"                              [_thread_blocked, id=32124, stack(0x00000031cfb00000,0x00000031cfc00000) (1024K)]
  0x000001766d5abed0 JavaThread "Reference Handler"          daemon [_thread_blocked, id=46640, stack(0x00000031d0300000,0x00000031d0400000) (1024K)]
  0x000001766d5ac730 JavaThread "Finalizer"                  daemon [_thread_blocked, id=21988, stack(0x00000031d0400000,0x00000031d0500000) (1024K)]
  0x000001766d5b6a60 JavaThread "Signal Dispatcher"          daemon [_thread_blocked, id=25532, stack(0x00000031d0500000,0x00000031d0600000) (1024K)]
  0x000001766d5ba6c0 JavaThread "Attach Listener"            daemon [_thread_blocked, id=44212, stack(0x00000031d0600000,0x00000031d0700000) (1024K)]
  0x000001766d5b7240 JavaThread "Service Thread"             daemon [_thread_blocked, id=32272, stack(0x00000031d0700000,0x00000031d0800000) (1024K)]
  0x000001766d5b8c80 JavaThread "Monitor Deflation Thread"   daemon [_thread_blocked, id=35584, stack(0x00000031d0800000,0x00000031d0900000) (1024K)]
  0x000001766d5d0320 JavaThread "C2 CompilerThread0"         daemon [_thread_in_native, id=45844, stack(0x00000031d0900000,0x00000031d0a00000) (1024K)]
  0x000001766d5d3750 JavaThread "C1 CompilerThread0"         daemon [_thread_blocked, id=38376, stack(0x00000031d0a00000,0x00000031d0b00000) (1024K)]
  0x000001766d5b78d0 JavaThread "Notification Thread"        daemon [_thread_blocked, id=38864, stack(0x00000031d0b00000,0x00000031d0c00000) (1024K)]
  0x000001766d5b7f60 JavaThread "Common-Cleaner"             daemon [_thread_blocked, id=41036, stack(0x00000031d0c00000,0x00000031d0d00000) (1024K)]
  0x000001766d5b85f0 JavaThread "ForkJoinPool-1-worker-1"    daemon [_thread_in_Java, id=38532, stack(0x00000031d0d00000,0x00000031d0e00000) (1024K)]
  0x000001766d5b9310 JavaThread "ForkJoinPool-1-worker-2"    daemon [_thread_in_Java, id=44676, stack(0x00000031d0e00000,0x00000031d0f00000) (1024K)]
  0x000001766d5b99a0 JavaThread "ForkJoinPool-1-worker-3"    daemon [_thread_in_Java, id=43568, stack(0x00000031d1800000,0x00000031d1900000) (1024K)]
  0x000001766d5ba030 JavaThread "ForkJoinPool-1-worker-4"    daemon [_thread_in_Java, id=44472, stack(0x00000031d1900000,0x00000031d1a00000) (1024K)]
  0x00000176722b2bd0 JavaThread "ForkJoinPool-1-worker-5"    daemon [_thread_in_Java, id=8116, stack(0x00000031d1a00000,0x00000031d1b00000) (1024K)]
  0x00000176722b0470 JavaThread "ForkJoinPool-1-worker-6"    daemon [_thread_in_Java, id=39872, stack(0x00000031d1b00000,0x00000031d1c00000) (1024K)]
  0x00000176722b0b00 JavaThread "ForkJoinPool-1-worker-7"    daemon [_thread_in_Java, id=44040, stack(0x00000031d1c00000,0x00000031d1d00000) (1024K)]
  0x00000176722b1190 JavaThread "ForkJoinPool-1-worker-8"    daemon [_thread_in_Java, id=39996, stack(0x00000031d1d00000,0x00000031d1e00000) (1024K)]
  0x00000176722b3260 JavaThread "ForkJoinPool-1-worker-9"    daemon [_thread_in_Java, id=35456, stack(0x00000031d1e00000,0x00000031d1f00000) (1024K)]
  0x00000176722b1820 JavaThread "ForkJoinPool-1-worker-10"   daemon [_thread_in_Java, id=39048, stack(0x00000031d1f00000,0x00000031d2000000) (1024K)]
  0x00000176722b1eb0 JavaThread "ForkJoinPool-1-worker-11"   daemon [_thread_in_Java, id=37692, stack(0x00000031d2000000,0x00000031d2100000) (1024K)]
  0x00000176722b2540 JavaThread "ForkJoinPool-1-worker-12"   daemon [_thread_in_Java, id=40804, stack(0x00000031d2100000,0x00000031d2200000) (1024K)]
  0x0000017672ea0370 JavaThread "C2 CompilerThread1"         daemon [_thread_in_native, id=34844, stack(0x00000031d2200000,0x00000031d2300000) (1024K)]
  0x0000017672c5ed70 JavaThread "C2 CompilerThread2"         daemon [_thread_in_native, id=28176, stack(0x00000031d2300000,0x00000031d2400000) (1024K)]
Total: 25

Other Threads:
  0x000001766d591600 VMThread "VM Thread"                           [id=27132, stack(0x00000031d0200000,0x00000031d0300000) (1024K)]
  0x000001766d57f960 WatcherThread "VM Periodic Task Thread"        [id=33768, stack(0x00000031d0100000,0x00000031d0200000) (1024K)]
  0x000001765178c3e0 WorkerThread "GC Thread#0"                     [id=43564, stack(0x00000031cfc00000,0x00000031cfd00000) (1024K)]
  0x000001767286fc80 WorkerThread "GC Thread#1"                     [id=28984, stack(0x00000031d0f00000,0x00000031d1000000) (1024K)]
  0x0000017672748210 WorkerThread "GC Thread#2"                     [id=28884, stack(0x00000031d1000000,0x00000031d1100000) (1024K)]
  0x00000176727485b0 WorkerThread "GC Thread#3"                     [id=39720, stack(0x00000031d1100000,0x00000031d1200000) (1024K)]
  0x000001767276e6f0 WorkerThread "GC Thread#4"                     [id=17520, stack(0x00000031d1200000,0x00000031d1300000) (1024K)]
  0x000001767276ea90 WorkerThread "GC Thread#5"                     [id=43284, stack(0x00000031d1300000,0x00000031d1400000) (1024K)]
  0x000001767276ee30 WorkerThread "GC Thread#6"                     [id=47076, stack(0x00000031d1400000,0x00000031d1500000) (1024K)]
  0x000001767276f1d0 WorkerThread "GC Thread#7"                     [id=44952, stack(0x00000031d1500000,0x00000031d1600000) (1024K)]
  0x00000176724da560 WorkerThread "GC Thread#8"                     [id=29216, stack(0x00000031d1600000,0x00000031d1700000) (1024K)]
  0x00000176728903c0 WorkerThread "GC Thread#9"                     [id=32596, stack(0x00000031d1700000,0x00000031d1800000) (1024K)]
  0x00000176517b48d0 ConcurrentGCThread "G1 Main Marker"            [id=29232, stack(0x00000031cfd00000,0x00000031cfe00000) (1024K)]
  0x00000176517b6190 WorkerThread "G1 Conc#0"                       [id=28280, stack(0x00000031cfe00000,0x00000031cff00000) (1024K)]
=>0x000001767288f8e0 WorkerThread "G1 Conc#1"                       [id=18384, stack(0x00000031d2400000,0x00000031d2500000) (1024K)]
  0x0000017672890020 WorkerThread "G1 Conc#2"                       [id=35992, stack(0x00000031d2500000,0x00000031d2600000) (1024K)]
  0x000001766d462010 ConcurrentGCThread "G1 Refine#0"               [id=46380, stack(0x00000031cff00000,0x00000031d0000000) (1024K)]
  0x000001766d1e9040 ConcurrentGCThread "G1 Service"                [id=38064, stack(0x00000031d0000000,0x00000031d0100000) (1024K)]
Total: 18

Threads with active compile tasks:
C2 CompilerThread0  10975 5995 %     4       com.android.tools.r8.internal.US::b @ 654 (2119 bytes)
C2 CompilerThread1  10975 5954       4       com.android.tools.r8.internal.US::a (3042 bytes)
C2 CompilerThread2  10975 9250       4       com.android.tools.r8.internal.nB::a (3928 bytes)
Total: 3

VM state: not at safepoint (normal execution)

VM Mutex/Monitor currently owned by a thread: None

Heap address: 0x00000000c0000000, size: 1024 MB, Compressed Oops mode: 32-bit

CDS archive(s) mapped at: [0x0000017600000000-0x0000017600c80000-0x0000017600c80000), size 13107200, SharedBaseAddress: 0x0000017600000000, ArchiveRelocationMode: 1.
Compressed class space mapped at: 0x0000017601000000-0x0000017641000000, reserved size: 1073741824
Narrow klass base: 0x0000017600000000, Narrow klass shift: 0, Narrow klass range: 0x100000000

GC Precious Log:
 CardTable entry size: 512
 Card Set container configuration: InlinePtr #cards 5 size 8 Array Of Cards #cards 12 size 40 Howl #buckets 4 coarsen threshold 1843 Howl Bitmap #cards 512 size 80 coarsen threshold 460 Card regions per heap region 1 cards per card region 2048
 CPUs: 12 total, 12 available
 Memory: 32636M
 Large Page Support: Disabled
 NUMA Support: Disabled
 Compressed Oops: Enabled (32-bit)
 Heap Region Size: 1M
 Heap Min Capacity: 8M
 Heap Initial Capacity: 510M
 Heap Max Capacity: 1G
 Pre-touch: Disabled
 Parallel Workers: 10
 Concurrent Workers: 3
 Concurrent Refinement Workers: 10
 Periodic GC: Disabled

Heap:
 garbage-first heap   total 856064K, used 676960K [0x00000000c0000000, 0x0000000100000000)
  region size 1024K, 295 young (302080K), 25 survivors (25600K)
 Metaspace       used 22612K, committed 23040K, reserved 1114112K
  class space    used 3195K, committed 3392K, reserved 1048576K

Heap Regions: E=young(eden), S=young(survivor), O=old, HS=humongous(starts), HC=humongous(continues), CS=collection set, F=free, TAMS=top-at-mark-start, PB=parsable bottom
|   0|0x00000000c0000000, 0x00000000c0100000, 0x00000000c0100000|100%|HS|  |TAMS 0x00000000c0100000| PB 0x00000000c0000000| Complete 
|   1|0x00000000c0100000, 0x00000000c0200000, 0x00000000c0200000|100%| O|  |TAMS 0x00000000c0200000| PB 0x00000000c0100000| Untracked 
|   2|0x00000000c0200000, 0x00000000c0300000, 0x00000000c0300000|100%| O|  |TAMS 0x00000000c0300000| PB 0x00000000c0200000| Untracked 
|   3|0x00000000c0300000, 0x00000000c0400000, 0x00000000c0400000|100%| O|  |TAMS 0x00000000c0400000| PB 0x00000000c0300000| Untracked 
|   4|0x00000000c0400000, 0x00000000c0500000, 0x00000000c0500000|100%| O|  |TAMS 0x00000000c0500000| PB 0x00000000c0400000| Untracked 
|   5|0x00000000c0500000, 0x00000000c0600000, 0x00000000c0600000|100%| O|  |TAMS 0x00000000c0600000| PB 0x00000000c0500000| Untracked 
|   6|0x00000000c0600000, 0x00000000c0700000, 0x00000000c0700000|100%|HS|  |TAMS 0x00000000c0700000| PB 0x00000000c0600000| Complete 
|   7|0x00000000c0700000, 0x00000000c0800000, 0x00000000c0800000|100%|HC|  |TAMS 0x00000000c0800000| PB 0x00000000c0700000| Complete 
|   8|0x00000000c0800000, 0x00000000c0900000, 0x00000000c0900000|100%| O|  |TAMS 0x00000000c0900000| PB 0x00000000c0800000| Untracked 
|   9|0x00000000c0900000, 0x00000000c0a00000, 0x00000000c0a00000|100%| O|  |TAMS 0x00000000c0a00000| PB 0x00000000c0900000| Untracked 
|  10|0x00000000c0a00000, 0x00000000c0b00000, 0x00000000c0b00000|100%| O|  |TAMS 0x00000000c0b00000| PB 0x00000000c0a00000| Untracked 
|  11|0x00000000c0b00000, 0x00000000c0c00000, 0x00000000c0c00000|100%| O|  |TAMS 0x00000000c0c00000| PB 0x00000000c0b00000| Untracked 
|  12|0x00000000c0c00000, 0x00000000c0d00000, 0x00000000c0d00000|100%| O|  |TAMS 0x00000000c0d00000| PB 0x00000000c0c00000| Untracked 
|  13|0x00000000c0d00000, 0x00000000c0e00000, 0x00000000c0e00000|100%| O|  |TAMS 0x00000000c0e00000| PB 0x00000000c0d00000| Untracked 
|  14|0x00000000c0e00000, 0x00000000c0f00000, 0x00000000c0f00000|100%| O|  |TAMS 0x00000000c0f00000| PB 0x00000000c0e00000| Untracked 
|  15|0x00000000c0f00000, 0x00000000c1000000, 0x00000000c1000000|100%| O|  |TAMS 0x00000000c1000000| PB 0x00000000c0f00000| Untracked 
|  16|0x00000000c1000000, 0x00000000c1100000, 0x00000000c1100000|100%| O|  |TAMS 0x00000000c1100000| PB 0x00000000c1000000| Untracked 
|  17|0x00000000c1100000, 0x00000000c1200000, 0x00000000c1200000|100%| O|  |TAMS 0x00000000c1200000| PB 0x00000000c1100000| Untracked 
|  18|0x00000000c1200000, 0x00000000c1300000, 0x00000000c1300000|100%| O|  |TAMS 0x00000000c1300000| PB 0x00000000c1200000| Untracked 
|  19|0x00000000c1300000, 0x00000000c1400000, 0x00000000c1400000|100%| O|  |TAMS 0x00000000c1400000| PB 0x00000000c1300000| Untracked 
|  20|0x00000000c1400000, 0x00000000c1500000, 0x00000000c1500000|100%| O|  |TAMS 0x00000000c1500000| PB 0x00000000c1400000| Untracked 
|  21|0x00000000c1500000, 0x00000000c1600000, 0x00000000c1600000|100%| O|  |TAMS 0x00000000c1600000| PB 0x00000000c1500000| Untracked 
|  22|0x00000000c1600000, 0x00000000c1700000, 0x00000000c1700000|100%| O|  |TAMS 0x00000000c1700000| PB 0x00000000c1600000| Untracked 
|  23|0x00000000c1700000, 0x00000000c1800000, 0x00000000c1800000|100%| O|  |TAMS 0x00000000c1800000| PB 0x00000000c1700000| Untracked 
|  24|0x00000000c1800000, 0x00000000c1900000, 0x00000000c1900000|100%| O|  |TAMS 0x00000000c1900000| PB 0x00000000c1800000| Untracked 
|  25|0x00000000c1900000, 0x00000000c1a00000, 0x00000000c1a00000|100%| O|  |TAMS 0x00000000c1a00000| PB 0x00000000c1900000| Untracked 
|  26|0x00000000c1a00000, 0x00000000c1b00000, 0x00000000c1b00000|100%| O|  |TAMS 0x00000000c1b00000| PB 0x00000000c1a00000| Untracked 
|  27|0x00000000c1b00000, 0x00000000c1c00000, 0x00000000c1c00000|100%| O|  |TAMS 0x00000000c1c00000| PB 0x00000000c1b00000| Untracked 
|  28|0x00000000c1c00000, 0x00000000c1d00000, 0x00000000c1d00000|100%| O|  |TAMS 0x00000000c1d00000| PB 0x00000000c1c00000| Untracked 
|  29|0x00000000c1d00000, 0x00000000c1e00000, 0x00000000c1e00000|100%| O|  |TAMS 0x00000000c1e00000| PB 0x00000000c1d00000| Untracked 
|  30|0x00000000c1e00000, 0x00000000c1f00000, 0x00000000c1f00000|100%| O|  |TAMS 0x00000000c1f00000| PB 0x00000000c1e00000| Untracked 
|  31|0x00000000c1f00000, 0x00000000c2000000, 0x00000000c2000000|100%| O|  |TAMS 0x00000000c2000000| PB 0x00000000c1f00000| Untracked 
|  32|0x00000000c2000000, 0x00000000c2100000, 0x00000000c2100000|100%| O|  |TAMS 0x00000000c2100000| PB 0x00000000c2000000| Untracked 
|  33|0x00000000c2100000, 0x00000000c2200000, 0x00000000c2200000|100%| O|  |TAMS 0x00000000c2200000| PB 0x00000000c2100000| Untracked 
|  34|0x00000000c2200000, 0x00000000c2300000, 0x00000000c2300000|100%| O|  |TAMS 0x00000000c2300000| PB 0x00000000c2200000| Untracked 
|  35|0x00000000c2300000, 0x00000000c2400000, 0x00000000c2400000|100%| O|  |TAMS 0x00000000c2400000| PB 0x00000000c2300000| Untracked 
|  36|0x00000000c2400000, 0x00000000c2500000, 0x00000000c2500000|100%| O|  |TAMS 0x00000000c2500000| PB 0x00000000c2400000| Untracked 
|  37|0x00000000c2500000, 0x00000000c2600000, 0x00000000c2600000|100%| O|  |TAMS 0x00000000c2600000| PB 0x00000000c2500000| Untracked 
|  38|0x00000000c2600000, 0x00000000c2700000, 0x00000000c2700000|100%| O|  |TAMS 0x00000000c2700000| PB 0x00000000c2600000| Untracked 
|  39|0x00000000c2700000, 0x00000000c2800000, 0x00000000c2800000|100%| O|  |TAMS 0x00000000c2800000| PB 0x00000000c2700000| Untracked 
|  40|0x00000000c2800000, 0x00000000c2900000, 0x00000000c2900000|100%| O|  |TAMS 0x00000000c2900000| PB 0x00000000c2800000| Untracked 
|  41|0x00000000c2900000, 0x00000000c2a00000, 0x00000000c2a00000|100%| O|  |TAMS 0x00000000c2a00000| PB 0x00000000c2900000| Untracked 
|  42|0x00000000c2a00000, 0x00000000c2b00000, 0x00000000c2b00000|100%| O|  |TAMS 0x00000000c2b00000| PB 0x00000000c2a00000| Untracked 
|  43|0x00000000c2b00000, 0x00000000c2c00000, 0x00000000c2c00000|100%| O|  |TAMS 0x00000000c2c00000| PB 0x00000000c2b00000| Untracked 
|  44|0x00000000c2c00000, 0x00000000c2d00000, 0x00000000c2d00000|100%| O|  |TAMS 0x00000000c2d00000| PB 0x00000000c2c00000| Untracked 
|  45|0x00000000c2d00000, 0x00000000c2e00000, 0x00000000c2e00000|100%| O|  |TAMS 0x00000000c2e00000| PB 0x00000000c2d00000| Untracked 
|  46|0x00000000c2e00000, 0x00000000c2f00000, 0x00000000c2f00000|100%| O|  |TAMS 0x00000000c2f00000| PB 0x00000000c2e00000| Untracked 
|  47|0x00000000c2f00000, 0x00000000c3000000, 0x00000000c3000000|100%| O|  |TAMS 0x00000000c3000000| PB 0x00000000c2f00000| Untracked 
|  48|0x00000000c3000000, 0x00000000c3100000, 0x00000000c3100000|100%| O|  |TAMS 0x00000000c3100000| PB 0x00000000c3000000| Untracked 
|  49|0x00000000c3100000, 0x00000000c3200000, 0x00000000c3200000|100%| O|  |TAMS 0x00000000c3200000| PB 0x00000000c3100000| Untracked 
|  50|0x00000000c3200000, 0x00000000c3300000, 0x00000000c3300000|100%| O|  |TAMS 0x00000000c3200000| PB 0x00000000c3200000| Untracked 
|  51|0x00000000c3300000, 0x00000000c3400000, 0x00000000c3400000|100%| O|  |TAMS 0x00000000c3300000| PB 0x00000000c3300000| Untracked 
|  52|0x00000000c3400000, 0x00000000c34a72c8, 0x00000000c3500000| 65%| O|  |TAMS 0x00000000c3400000| PB 0x00000000c3400000| Untracked 
|  53|0x00000000c3500000, 0x00000000c3600000, 0x00000000c3600000|100%| O|  |TAMS 0x00000000c3600000| PB 0x00000000c3500000| Untracked 
|  54|0x00000000c3600000, 0x00000000c3600000, 0x00000000c3700000|  0%| F|  |TAMS 0x00000000c3600000| PB 0x00000000c3600000| Untracked 
|  55|0x00000000c3700000, 0x00000000c3800000, 0x00000000c3800000|100%| O|  |TAMS 0x00000000c3800000| PB 0x00000000c3700000| Untracked 
|  56|0x00000000c3800000, 0x00000000c3900000, 0x00000000c3900000|100%| O|  |TAMS 0x00000000c3900000| PB 0x00000000c3800000| Untracked 
|  57|0x00000000c3900000, 0x00000000c3a00000, 0x00000000c3a00000|100%| O|  |TAMS 0x00000000c3a00000| PB 0x00000000c3900000| Untracked 
|  58|0x00000000c3a00000, 0x00000000c3b00000, 0x00000000c3b00000|100%| O|  |TAMS 0x00000000c3b00000| PB 0x00000000c3a00000| Untracked 
|  59|0x00000000c3b00000, 0x00000000c3c00000, 0x00000000c3c00000|100%| O|  |TAMS 0x00000000c3c00000| PB 0x00000000c3b00000| Untracked 
|  60|0x00000000c3c00000, 0x00000000c3d00000, 0x00000000c3d00000|100%| O|  |TAMS 0x00000000c3d00000| PB 0x00000000c3c00000| Untracked 
|  61|0x00000000c3d00000, 0x00000000c3e00000, 0x00000000c3e00000|100%| O|  |TAMS 0x00000000c3e00000| PB 0x00000000c3d00000| Untracked 
|  62|0x00000000c3e00000, 0x00000000c3f00000, 0x00000000c3f00000|100%| O|  |TAMS 0x00000000c3f00000| PB 0x00000000c3e00000| Untracked 
|  63|0x00000000c3f00000, 0x00000000c4000000, 0x00000000c4000000|100%| O|  |TAMS 0x00000000c4000000| PB 0x00000000c3f00000| Untracked 
|  64|0x00000000c4000000, 0x00000000c4100000, 0x00000000c4100000|100%| O|  |TAMS 0x00000000c4100000| PB 0x00000000c4000000| Untracked 
|  65|0x00000000c4100000, 0x00000000c4200000, 0x00000000c4200000|100%| O|  |TAMS 0x00000000c4200000| PB 0x00000000c4100000| Untracked 
|  66|0x00000000c4200000, 0x00000000c4300000, 0x00000000c4300000|100%| O|  |TAMS 0x00000000c4300000| PB 0x00000000c4200000| Untracked 
|  67|0x00000000c4300000, 0x00000000c4300000, 0x00000000c4400000|  0%| F|  |TAMS 0x00000000c4300000| PB 0x00000000c4300000| Untracked 
|  68|0x00000000c4400000, 0x00000000c4500000, 0x00000000c4500000|100%| O|  |TAMS 0x00000000c4500000| PB 0x00000000c4400000| Untracked 
|  69|0x00000000c4500000, 0x00000000c4600000, 0x00000000c4600000|100%| O|  |TAMS 0x00000000c4600000| PB 0x00000000c4500000| Untracked 
|  70|0x00000000c4600000, 0x00000000c4700000, 0x00000000c4700000|100%| O|  |TAMS 0x00000000c4700000| PB 0x00000000c4600000| Untracked 
|  71|0x00000000c4700000, 0x00000000c4800000, 0x00000000c4800000|100%| O|  |TAMS 0x00000000c4800000| PB 0x00000000c4700000| Untracked 
|  72|0x00000000c4800000, 0x00000000c4900000, 0x00000000c4900000|100%| O|  |TAMS 0x00000000c4900000| PB 0x00000000c4800000| Untracked 
|  73|0x00000000c4900000, 0x00000000c4a00000, 0x00000000c4a00000|100%| O|  |TAMS 0x00000000c4a00000| PB 0x00000000c4900000| Untracked 
|  74|0x00000000c4a00000, 0x00000000c4b00000, 0x00000000c4b00000|100%| O|  |TAMS 0x00000000c4b00000| PB 0x00000000c4a00000| Untracked 
|  75|0x00000000c4b00000, 0x00000000c4c00000, 0x00000000c4c00000|100%| O|  |TAMS 0x00000000c4c00000| PB 0x00000000c4b00000| Untracked 
|  76|0x00000000c4c00000, 0x00000000c4d00000, 0x00000000c4d00000|100%| O|  |TAMS 0x00000000c4d00000| PB 0x00000000c4c00000| Untracked 
|  77|0x00000000c4d00000, 0x00000000c4e00000, 0x00000000c4e00000|100%| O|  |TAMS 0x00000000c4e00000| PB 0x00000000c4d00000| Untracked 
|  78|0x00000000c4e00000, 0x00000000c4f00000, 0x00000000c4f00000|100%| O|  |TAMS 0x00000000c4f00000| PB 0x00000000c4e00000| Untracked 
|  79|0x00000000c4f00000, 0x00000000c5000000, 0x00000000c5000000|100%| O|  |TAMS 0x00000000c5000000| PB 0x00000000c4f00000| Untracked 
|  80|0x00000000c5000000, 0x00000000c5100000, 0x00000000c5100000|100%| O|  |TAMS 0x00000000c5100000| PB 0x00000000c5000000| Untracked 
|  81|0x00000000c5100000, 0x00000000c5200000, 0x00000000c5200000|100%| O|  |TAMS 0x00000000c5200000| PB 0x00000000c5100000| Untracked 
|  82|0x00000000c5200000, 0x00000000c5300000, 0x00000000c5300000|100%| O|  |TAMS 0x00000000c5300000| PB 0x00000000c5200000| Untracked 
|  83|0x00000000c5300000, 0x00000000c5400000, 0x00000000c5400000|100%| O|  |TAMS 0x00000000c5400000| PB 0x00000000c5300000| Untracked 
|  84|0x00000000c5400000, 0x00000000c5500000, 0x00000000c5500000|100%| O|  |TAMS 0x00000000c5500000| PB 0x00000000c5400000| Untracked 
|  85|0x00000000c5500000, 0x00000000c5600000, 0x00000000c5600000|100%| O|  |TAMS 0x00000000c5600000| PB 0x00000000c5500000| Untracked 
|  86|0x00000000c5600000, 0x00000000c5700000, 0x00000000c5700000|100%| O|  |TAMS 0x00000000c5700000| PB 0x00000000c5600000| Untracked 
|  87|0x00000000c5700000, 0x00000000c5800000, 0x00000000c5800000|100%| O|  |TAMS 0x00000000c5800000| PB 0x00000000c5700000| Untracked 
|  88|0x00000000c5800000, 0x00000000c5900000, 0x00000000c5900000|100%| O|  |TAMS 0x00000000c5900000| PB 0x00000000c5800000| Untracked 
|  89|0x00000000c5900000, 0x00000000c5a00000, 0x00000000c5a00000|100%| O|  |TAMS 0x00000000c5a00000| PB 0x00000000c5900000| Untracked 
|  90|0x00000000c5a00000, 0x00000000c5b00000, 0x00000000c5b00000|100%| O|  |TAMS 0x00000000c5b00000| PB 0x00000000c5a00000| Untracked 
|  91|0x00000000c5b00000, 0x00000000c5c00000, 0x00000000c5c00000|100%| O|  |TAMS 0x00000000c5c00000| PB 0x00000000c5b00000| Untracked 
|  92|0x00000000c5c00000, 0x00000000c5d00000, 0x00000000c5d00000|100%| O|  |TAMS 0x00000000c5d00000| PB 0x00000000c5c00000| Untracked 
|  93|0x00000000c5d00000, 0x00000000c5e00000, 0x00000000c5e00000|100%| O|  |TAMS 0x00000000c5e00000| PB 0x00000000c5d00000| Untracked 
|  94|0x00000000c5e00000, 0x00000000c5f00000, 0x00000000c5f00000|100%| O|  |TAMS 0x00000000c5f00000| PB 0x00000000c5e00000| Untracked 
|  95|0x00000000c5f00000, 0x00000000c6000000, 0x00000000c6000000|100%| O|  |TAMS 0x00000000c6000000| PB 0x00000000c5f00000| Untracked 
|  96|0x00000000c6000000, 0x00000000c6100000, 0x00000000c6100000|100%| O|  |TAMS 0x00000000c6100000| PB 0x00000000c6000000| Untracked 
|  97|0x00000000c6100000, 0x00000000c6200000, 0x00000000c6200000|100%| O|  |TAMS 0x00000000c6200000| PB 0x00000000c6100000| Untracked 
|  98|0x00000000c6200000, 0x00000000c6300000, 0x00000000c6300000|100%| O|  |TAMS 0x00000000c6300000| PB 0x00000000c6200000| Untracked 
|  99|0x00000000c6300000, 0x00000000c6400000, 0x00000000c6400000|100%| O|  |TAMS 0x00000000c6400000| PB 0x00000000c6300000| Untracked 
| 100|0x00000000c6400000, 0x00000000c6500000, 0x00000000c6500000|100%| O|  |TAMS 0x00000000c64dc6e0| PB 0x00000000c6400000| Untracked 
| 101|0x00000000c6500000, 0x00000000c6500000, 0x00000000c6600000|  0%| F|  |TAMS 0x00000000c6500000| PB 0x00000000c6500000| Untracked 
| 102|0x00000000c6600000, 0x00000000c6700000, 0x00000000c6700000|100%|HS|  |TAMS 0x00000000c6700000| PB 0x00000000c6600000| Complete 
| 103|0x00000000c6700000, 0x00000000c6800000, 0x00000000c6800000|100%|HC|  |TAMS 0x00000000c6800000| PB 0x00000000c6700000| Complete 
| 104|0x00000000c6800000, 0x00000000c6800000, 0x00000000c6900000|  0%| F|  |TAMS 0x00000000c6800000| PB 0x00000000c6800000| Untracked 
| 105|0x00000000c6900000, 0x00000000c6a00000, 0x00000000c6a00000|100%|HS|  |TAMS 0x00000000c6a00000| PB 0x00000000c6900000| Complete 
| 106|0x00000000c6a00000, 0x00000000c6b00000, 0x00000000c6b00000|100%| O|  |TAMS 0x00000000c6b00000| PB 0x00000000c6a00000| Untracked 
| 107|0x00000000c6b00000, 0x00000000c6c00000, 0x00000000c6c00000|100%| O|  |TAMS 0x00000000c6c00000| PB 0x00000000c6b00000| Untracked 
| 108|0x00000000c6c00000, 0x00000000c6d00000, 0x00000000c6d00000|100%| O|  |TAMS 0x00000000c6d00000| PB 0x00000000c6c00000| Untracked 
| 109|0x00000000c6d00000, 0x00000000c6e00000, 0x00000000c6e00000|100%| O|  |TAMS 0x00000000c6e00000| PB 0x00000000c6d00000| Untracked 
| 110|0x00000000c6e00000, 0x00000000c6f00000, 0x00000000c6f00000|100%| O|  |TAMS 0x00000000c6f00000| PB 0x00000000c6e00000| Untracked 
| 111|0x00000000c6f00000, 0x00000000c7000000, 0x00000000c7000000|100%| O|  |TAMS 0x00000000c7000000| PB 0x00000000c6f00000| Untracked 
| 112|0x00000000c7000000, 0x00000000c7100000, 0x00000000c7100000|100%| O|  |TAMS 0x00000000c7100000| PB 0x00000000c7000000| Untracked 
| 113|0x00000000c7100000, 0x00000000c7200000, 0x00000000c7200000|100%| O|  |TAMS 0x00000000c7200000| PB 0x00000000c7100000| Untracked 
| 114|0x00000000c7200000, 0x00000000c7300000, 0x00000000c7300000|100%| O|  |TAMS 0x00000000c7300000| PB 0x00000000c7200000| Untracked 
| 115|0x00000000c7300000, 0x00000000c7400000, 0x00000000c7400000|100%| O|  |TAMS 0x00000000c7400000| PB 0x00000000c7300000| Untracked 
| 116|0x00000000c7400000, 0x00000000c7500000, 0x00000000c7500000|100%| O|  |TAMS 0x00000000c7500000| PB 0x00000000c7400000| Untracked 
| 117|0x00000000c7500000, 0x00000000c7600000, 0x00000000c7600000|100%| O|  |TAMS 0x00000000c7600000| PB 0x00000000c7500000| Untracked 
| 118|0x00000000c7600000, 0x00000000c7700000, 0x00000000c7700000|100%| O|  |TAMS 0x00000000c7700000| PB 0x00000000c7600000| Untracked 
| 119|0x00000000c7700000, 0x00000000c7800000, 0x00000000c7800000|100%| O|  |TAMS 0x00000000c7800000| PB 0x00000000c7700000| Untracked 
| 120|0x00000000c7800000, 0x00000000c7900000, 0x00000000c7900000|100%| O|  |TAMS 0x00000000c7900000| PB 0x00000000c7800000| Untracked 
| 121|0x00000000c7900000, 0x00000000c7a00000, 0x00000000c7a00000|100%| O|  |TAMS 0x00000000c7a00000| PB 0x00000000c7900000| Untracked 
| 122|0x00000000c7a00000, 0x00000000c7b00000, 0x00000000c7b00000|100%| O|  |TAMS 0x00000000c7b00000| PB 0x00000000c7a00000| Untracked 
| 123|0x00000000c7b00000, 0x00000000c7c00000, 0x00000000c7c00000|100%| O|  |TAMS 0x00000000c7c00000| PB 0x00000000c7b00000| Untracked 
| 124|0x00000000c7c00000, 0x00000000c7c00000, 0x00000000c7d00000|  0%| F|  |TAMS 0x00000000c7c00000| PB 0x00000000c7c00000| Untracked 
| 125|0x00000000c7d00000, 0x00000000c7d00000, 0x00000000c7e00000|  0%| F|  |TAMS 0x00000000c7d00000| PB 0x00000000c7d00000| Untracked 
| 126|0x00000000c7e00000, 0x00000000c7f00000, 0x00000000c7f00000|100%| O|  |TAMS 0x00000000c7f00000| PB 0x00000000c7e00000| Untracked 
| 127|0x00000000c7f00000, 0x00000000c8000000, 0x00000000c8000000|100%| O|  |TAMS 0x00000000c8000000| PB 0x00000000c7f00000| Untracked 
| 128|0x00000000c8000000, 0x00000000c8100000, 0x00000000c8100000|100%| O|  |TAMS 0x00000000c8100000| PB 0x00000000c8000000| Untracked 
| 129|0x00000000c8100000, 0x00000000c8200000, 0x00000000c8200000|100%| O|  |TAMS 0x00000000c8200000| PB 0x00000000c8100000| Untracked 
| 130|0x00000000c8200000, 0x00000000c8300000, 0x00000000c8300000|100%| O|  |TAMS 0x00000000c8300000| PB 0x00000000c8200000| Untracked 
| 131|0x00000000c8300000, 0x00000000c8400000, 0x00000000c8400000|100%| O|  |TAMS 0x00000000c8400000| PB 0x00000000c8300000| Untracked 
| 132|0x00000000c8400000, 0x00000000c8500000, 0x00000000c8500000|100%| O|  |TAMS 0x00000000c8500000| PB 0x00000000c8400000| Untracked 
| 133|0x00000000c8500000, 0x00000000c8600000, 0x00000000c8600000|100%| O|  |TAMS 0x00000000c8600000| PB 0x00000000c8500000| Untracked 
| 134|0x00000000c8600000, 0x00000000c8700000, 0x00000000c8700000|100%| O|  |TAMS 0x00000000c8700000| PB 0x00000000c8600000| Untracked 
| 135|0x00000000c8700000, 0x00000000c8800000, 0x00000000c8800000|100%| O|  |TAMS 0x00000000c8800000| PB 0x00000000c8700000| Untracked 
| 136|0x00000000c8800000, 0x00000000c8900000, 0x00000000c8900000|100%| O|  |TAMS 0x00000000c8900000| PB 0x00000000c8800000| Untracked 
| 137|0x00000000c8900000, 0x00000000c8a00000, 0x00000000c8a00000|100%| O|  |TAMS 0x00000000c8a00000| PB 0x00000000c8900000| Untracked 
| 138|0x00000000c8a00000, 0x00000000c8b00000, 0x00000000c8b00000|100%| O|  |TAMS 0x00000000c8b00000| PB 0x00000000c8a00000| Untracked 
| 139|0x00000000c8b00000, 0x00000000c8c00000, 0x00000000c8c00000|100%| O|  |TAMS 0x00000000c8c00000| PB 0x00000000c8b00000| Untracked 
| 140|0x00000000c8c00000, 0x00000000c8d00000, 0x00000000c8d00000|100%| O|  |TAMS 0x00000000c8d00000| PB 0x00000000c8c00000| Untracked 
| 141|0x00000000c8d00000, 0x00000000c8e00000, 0x00000000c8e00000|100%| O|  |TAMS 0x00000000c8e00000| PB 0x00000000c8d00000| Untracked 
| 142|0x00000000c8e00000, 0x00000000c8f00000, 0x00000000c8f00000|100%| O|  |TAMS 0x00000000c8f00000| PB 0x00000000c8e00000| Untracked 
| 143|0x00000000c8f00000, 0x00000000c9000000, 0x00000000c9000000|100%| O|  |TAMS 0x00000000c9000000| PB 0x00000000c8f00000| Untracked 
| 144|0x00000000c9000000, 0x00000000c9100000, 0x00000000c9100000|100%| O|  |TAMS 0x00000000c9100000| PB 0x00000000c9000000| Untracked 
| 145|0x00000000c9100000, 0x00000000c9100000, 0x00000000c9200000|  0%| F|  |TAMS 0x00000000c9100000| PB 0x00000000c9100000| Untracked 
| 146|0x00000000c9200000, 0x00000000c9200000, 0x00000000c9300000|  0%| F|  |TAMS 0x00000000c9200000| PB 0x00000000c9200000| Untracked 
| 147|0x00000000c9300000, 0x00000000c9300000, 0x00000000c9400000|  0%| F|  |TAMS 0x00000000c9300000| PB 0x00000000c9300000| Untracked 
| 148|0x00000000c9400000, 0x00000000c9500000, 0x00000000c9500000|100%|HS|  |TAMS 0x00000000c9500000| PB 0x00000000c9400000| Complete 
| 149|0x00000000c9500000, 0x00000000c9600000, 0x00000000c9600000|100%|HC|  |TAMS 0x00000000c9600000| PB 0x00000000c9500000| Complete 
| 150|0x00000000c9600000, 0x00000000c9700000, 0x00000000c9700000|100%|HS|  |TAMS 0x00000000c9700000| PB 0x00000000c9600000| Complete 
| 151|0x00000000c9700000, 0x00000000c9800000, 0x00000000c9800000|100%|HC|  |TAMS 0x00000000c9800000| PB 0x00000000c9700000| Complete 
| 152|0x00000000c9800000, 0x00000000c9900000, 0x00000000c9900000|100%|HS|  |TAMS 0x00000000c9900000| PB 0x00000000c9800000| Complete 
| 153|0x00000000c9900000, 0x00000000c9a00000, 0x00000000c9a00000|100%|HC|  |TAMS 0x00000000c9a00000| PB 0x00000000c9900000| Complete 
| 154|0x00000000c9a00000, 0x00000000c9b00000, 0x00000000c9b00000|100%| O|  |TAMS 0x00000000c9b00000| PB 0x00000000c9a00000| Untracked 
| 155|0x00000000c9b00000, 0x00000000c9c00000, 0x00000000c9c00000|100%| O|  |TAMS 0x00000000c9c00000| PB 0x00000000c9b00000| Untracked 
| 156|0x00000000c9c00000, 0x00000000c9d00000, 0x00000000c9d00000|100%| O|  |TAMS 0x00000000c9d00000| PB 0x00000000c9c00000| Untracked 
| 157|0x00000000c9d00000, 0x00000000c9e00000, 0x00000000c9e00000|100%| O|  |TAMS 0x00000000c9e00000| PB 0x00000000c9d00000| Untracked 
| 158|0x00000000c9e00000, 0x00000000c9f00000, 0x00000000c9f00000|100%| O|  |TAMS 0x00000000c9f00000| PB 0x00000000c9e00000| Untracked 
| 159|0x00000000c9f00000, 0x00000000ca000000, 0x00000000ca000000|100%| O|  |TAMS 0x00000000ca000000| PB 0x00000000c9f00000| Untracked 
| 160|0x00000000ca000000, 0x00000000ca100000, 0x00000000ca100000|100%| O|  |TAMS 0x00000000ca100000| PB 0x00000000ca000000| Untracked 
| 161|0x00000000ca100000, 0x00000000ca200000, 0x00000000ca200000|100%| O|  |TAMS 0x00000000ca200000| PB 0x00000000ca100000| Untracked 
| 162|0x00000000ca200000, 0x00000000ca300000, 0x00000000ca300000|100%| O|  |TAMS 0x00000000ca300000| PB 0x00000000ca200000| Untracked 
| 163|0x00000000ca300000, 0x00000000ca400000, 0x00000000ca400000|100%| O|  |TAMS 0x00000000ca400000| PB 0x00000000ca300000| Untracked 
| 164|0x00000000ca400000, 0x00000000ca500000, 0x00000000ca500000|100%| O|  |TAMS 0x00000000ca500000| PB 0x00000000ca400000| Untracked 
| 165|0x00000000ca500000, 0x00000000ca600000, 0x00000000ca600000|100%| O|  |TAMS 0x00000000ca600000| PB 0x00000000ca500000| Untracked 
| 166|0x00000000ca600000, 0x00000000ca700000, 0x00000000ca700000|100%| O|  |TAMS 0x00000000ca700000| PB 0x00000000ca600000| Untracked 
| 167|0x00000000ca700000, 0x00000000ca800000, 0x00000000ca800000|100%| O|  |TAMS 0x00000000ca800000| PB 0x00000000ca700000| Untracked 
| 168|0x00000000ca800000, 0x00000000ca900000, 0x00000000ca900000|100%| O|  |TAMS 0x00000000ca900000| PB 0x00000000ca800000| Untracked 
| 169|0x00000000ca900000, 0x00000000caa00000, 0x00000000caa00000|100%| O|  |TAMS 0x00000000caa00000| PB 0x00000000ca900000| Untracked 
| 170|0x00000000caa00000, 0x00000000cab00000, 0x00000000cab00000|100%| O|  |TAMS 0x00000000cab00000| PB 0x00000000caa00000| Untracked 
| 171|0x00000000cab00000, 0x00000000cab00000, 0x00000000cac00000|  0%| F|  |TAMS 0x00000000cab00000| PB 0x00000000cab00000| Untracked 
| 172|0x00000000cac00000, 0x00000000cac00000, 0x00000000cad00000|  0%| F|  |TAMS 0x00000000cac00000| PB 0x00000000cac00000| Untracked 
| 173|0x00000000cad00000, 0x00000000cae00000, 0x00000000cae00000|100%| O|  |TAMS 0x00000000cae00000| PB 0x00000000cad00000| Untracked 
| 174|0x00000000cae00000, 0x00000000caf00000, 0x00000000caf00000|100%| O|  |TAMS 0x00000000caf00000| PB 0x00000000cae00000| Untracked 
| 175|0x00000000caf00000, 0x00000000cb000000, 0x00000000cb000000|100%| O|  |TAMS 0x00000000cb000000| PB 0x00000000caf00000| Untracked 
| 176|0x00000000cb000000, 0x00000000cb100000, 0x00000000cb100000|100%| O|  |TAMS 0x00000000cb100000| PB 0x00000000cb000000| Untracked 
| 177|0x00000000cb100000, 0x00000000cb200000, 0x00000000cb200000|100%| O|  |TAMS 0x00000000cb200000| PB 0x00000000cb100000| Untracked 
| 178|0x00000000cb200000, 0x00000000cb300000, 0x00000000cb300000|100%| O|  |TAMS 0x00000000cb300000| PB 0x00000000cb200000| Untracked 
| 179|0x00000000cb300000, 0x00000000cb400000, 0x00000000cb400000|100%| O|  |TAMS 0x00000000cb400000| PB 0x00000000cb300000| Untracked 
| 180|0x00000000cb400000, 0x00000000cb500000, 0x00000000cb500000|100%| O|  |TAMS 0x00000000cb500000| PB 0x00000000cb400000| Untracked 
| 181|0x00000000cb500000, 0x00000000cb600000, 0x00000000cb600000|100%| O|  |TAMS 0x00000000cb600000| PB 0x00000000cb500000| Untracked 
| 182|0x00000000cb600000, 0x00000000cb700000, 0x00000000cb700000|100%| O|  |TAMS 0x00000000cb700000| PB 0x00000000cb600000| Untracked 
| 183|0x00000000cb700000, 0x00000000cb800000, 0x00000000cb800000|100%| O|  |TAMS 0x00000000cb800000| PB 0x00000000cb700000| Untracked 
| 184|0x00000000cb800000, 0x00000000cb900000, 0x00000000cb900000|100%| O|  |TAMS 0x00000000cb900000| PB 0x00000000cb800000| Untracked 
| 185|0x00000000cb900000, 0x00000000cba00000, 0x00000000cba00000|100%| O|  |TAMS 0x00000000cba00000| PB 0x00000000cb900000| Untracked 
| 186|0x00000000cba00000, 0x00000000cbb00000, 0x00000000cbb00000|100%| O|  |TAMS 0x00000000cbb00000| PB 0x00000000cba00000| Untracked 
| 187|0x00000000cbb00000, 0x00000000cbc00000, 0x00000000cbc00000|100%| O|  |TAMS 0x00000000cbc00000| PB 0x00000000cbb00000| Untracked 
| 188|0x00000000cbc00000, 0x00000000cbd00000, 0x00000000cbd00000|100%| O|  |TAMS 0x00000000cbd00000| PB 0x00000000cbc00000| Untracked 
| 189|0x00000000cbd00000, 0x00000000cbe00000, 0x00000000cbe00000|100%| O|  |TAMS 0x00000000cbe00000| PB 0x00000000cbd00000| Untracked 
| 190|0x00000000cbe00000, 0x00000000cbf00000, 0x00000000cbf00000|100%| O|  |TAMS 0x00000000cbf00000| PB 0x00000000cbe00000| Untracked 
| 191|0x00000000cbf00000, 0x00000000cc000000, 0x00000000cc000000|100%| O|  |TAMS 0x00000000cc000000| PB 0x00000000cbf00000| Untracked 
| 192|0x00000000cc000000, 0x00000000cc100000, 0x00000000cc100000|100%| O|  |TAMS 0x00000000cc100000| PB 0x00000000cc000000| Untracked 
| 193|0x00000000cc100000, 0x00000000cc200000, 0x00000000cc200000|100%| O|  |TAMS 0x00000000cc200000| PB 0x00000000cc100000| Untracked 
| 194|0x00000000cc200000, 0x00000000cc300000, 0x00000000cc300000|100%| O|  |TAMS 0x00000000cc300000| PB 0x00000000cc200000| Untracked 
| 195|0x00000000cc300000, 0x00000000cc400000, 0x00000000cc400000|100%| O|  |TAMS 0x00000000cc400000| PB 0x00000000cc300000| Untracked 
| 196|0x00000000cc400000, 0x00000000cc500000, 0x00000000cc500000|100%| O|  |TAMS 0x00000000cc500000| PB 0x00000000cc400000| Untracked 
| 197|0x00000000cc500000, 0x00000000cc600000, 0x00000000cc600000|100%| O|  |TAMS 0x00000000cc600000| PB 0x00000000cc500000| Untracked 
| 198|0x00000000cc600000, 0x00000000cc700000, 0x00000000cc700000|100%| O|  |TAMS 0x00000000cc700000| PB 0x00000000cc600000| Untracked 
| 199|0x00000000cc700000, 0x00000000cc800000, 0x00000000cc800000|100%| O|  |TAMS 0x00000000cc800000| PB 0x00000000cc700000| Untracked 
| 200|0x00000000cc800000, 0x00000000cc800000, 0x00000000cc900000|  0%| F|  |TAMS 0x00000000cc800000| PB 0x00000000cc800000| Untracked 
| 201|0x00000000cc900000, 0x00000000cc900000, 0x00000000cca00000|  0%| F|  |TAMS 0x00000000cc900000| PB 0x00000000cc900000| Untracked 
| 202|0x00000000cca00000, 0x00000000cca00000, 0x00000000ccb00000|  0%| F|  |TAMS 0x00000000cca00000| PB 0x00000000cca00000| Untracked 
| 203|0x00000000ccb00000, 0x00000000ccc00000, 0x00000000ccc00000|100%| O|  |TAMS 0x00000000ccc00000| PB 0x00000000ccb00000| Untracked 
| 204|0x00000000ccc00000, 0x00000000ccd00000, 0x00000000ccd00000|100%| O|  |TAMS 0x00000000ccd00000| PB 0x00000000ccc00000| Untracked 
| 205|0x00000000ccd00000, 0x00000000ccd00000, 0x00000000cce00000|  0%| F|  |TAMS 0x00000000ccd00000| PB 0x00000000ccd00000| Untracked 
| 206|0x00000000cce00000, 0x00000000ccf00000, 0x00000000ccf00000|100%| O|  |TAMS 0x00000000ccf00000| PB 0x00000000cce00000| Untracked 
| 207|0x00000000ccf00000, 0x00000000cd000000, 0x00000000cd000000|100%| O|  |TAMS 0x00000000cd000000| PB 0x00000000ccf00000| Untracked 
| 208|0x00000000cd000000, 0x00000000cd100000, 0x00000000cd100000|100%| O|  |TAMS 0x00000000cd100000| PB 0x00000000cd000000| Untracked 
| 209|0x00000000cd100000, 0x00000000cd200000, 0x00000000cd200000|100%| O|  |TAMS 0x00000000cd200000| PB 0x00000000cd100000| Untracked 
| 210|0x00000000cd200000, 0x00000000cd200000, 0x00000000cd300000|  0%| F|  |TAMS 0x00000000cd200000| PB 0x00000000cd200000| Untracked 
| 211|0x00000000cd300000, 0x00000000cd400000, 0x00000000cd400000|100%| O|  |TAMS 0x00000000cd400000| PB 0x00000000cd300000| Untracked 
| 212|0x00000000cd400000, 0x00000000cd400000, 0x00000000cd500000|  0%| F|  |TAMS 0x00000000cd400000| PB 0x00000000cd400000| Untracked 
| 213|0x00000000cd500000, 0x00000000cd600000, 0x00000000cd600000|100%| O|  |TAMS 0x00000000cd600000| PB 0x00000000cd500000| Untracked 
| 214|0x00000000cd600000, 0x00000000cd600000, 0x00000000cd700000|  0%| F|  |TAMS 0x00000000cd600000| PB 0x00000000cd600000| Untracked 
| 215|0x00000000cd700000, 0x00000000cd700000, 0x00000000cd800000|  0%| F|  |TAMS 0x00000000cd700000| PB 0x00000000cd700000| Untracked 
| 216|0x00000000cd800000, 0x00000000cd900000, 0x00000000cd900000|100%| O|  |TAMS 0x00000000cd900000| PB 0x00000000cd800000| Untracked 
| 217|0x00000000cd900000, 0x00000000cd900000, 0x00000000cda00000|  0%| F|  |TAMS 0x00000000cd900000| PB 0x00000000cd900000| Untracked 
| 218|0x00000000cda00000, 0x00000000cdb00000, 0x00000000cdb00000|100%| O|  |TAMS 0x00000000cdb00000| PB 0x00000000cda00000| Untracked 
| 219|0x00000000cdb00000, 0x00000000cdb00000, 0x00000000cdc00000|  0%| F|  |TAMS 0x00000000cdb00000| PB 0x00000000cdb00000| Untracked 
| 220|0x00000000cdc00000, 0x00000000cdc00000, 0x00000000cdd00000|  0%| F|  |TAMS 0x00000000cdc00000| PB 0x00000000cdc00000| Untracked 
| 221|0x00000000cdd00000, 0x00000000cdd00000, 0x00000000cde00000|  0%| F|  |TAMS 0x00000000cdd00000| PB 0x00000000cdd00000| Untracked 
| 222|0x00000000cde00000, 0x00000000cde00000, 0x00000000cdf00000|  0%| F|  |TAMS 0x00000000cde00000| PB 0x00000000cde00000| Untracked 
| 223|0x00000000cdf00000, 0x00000000ce000000, 0x00000000ce000000|100%| O|  |TAMS 0x00000000ce000000| PB 0x00000000cdf00000| Untracked 
| 224|0x00000000ce000000, 0x00000000ce100000, 0x00000000ce100000|100%| O|  |TAMS 0x00000000ce100000| PB 0x00000000ce000000| Untracked 
| 225|0x00000000ce100000, 0x00000000ce200000, 0x00000000ce200000|100%| O|  |TAMS 0x00000000ce200000| PB 0x00000000ce100000| Untracked 
| 226|0x00000000ce200000, 0x00000000ce300000, 0x00000000ce300000|100%| O|  |TAMS 0x00000000ce300000| PB 0x00000000ce200000| Untracked 
| 227|0x00000000ce300000, 0x00000000ce400000, 0x00000000ce400000|100%| O|  |TAMS 0x00000000ce400000| PB 0x00000000ce300000| Untracked 
| 228|0x00000000ce400000, 0x00000000ce500000, 0x00000000ce500000|100%| O|  |TAMS 0x00000000ce500000| PB 0x00000000ce400000| Untracked 
| 229|0x00000000ce500000, 0x00000000ce600000, 0x00000000ce600000|100%| O|  |TAMS 0x00000000ce600000| PB 0x00000000ce500000| Untracked 
| 230|0x00000000ce600000, 0x00000000ce700000, 0x00000000ce700000|100%| O|  |TAMS 0x00000000ce700000| PB 0x00000000ce600000| Untracked 
| 231|0x00000000ce700000, 0x00000000ce800000, 0x00000000ce800000|100%| O|  |TAMS 0x00000000ce800000| PB 0x00000000ce700000| Untracked 
| 232|0x00000000ce800000, 0x00000000ce800000, 0x00000000ce900000|  0%| F|  |TAMS 0x00000000ce800000| PB 0x00000000ce800000| Untracked 
| 233|0x00000000ce900000, 0x00000000ce900000, 0x00000000cea00000|  0%| F|  |TAMS 0x00000000ce900000| PB 0x00000000ce900000| Untracked 
| 234|0x00000000cea00000, 0x00000000cea00000, 0x00000000ceb00000|  0%| F|  |TAMS 0x00000000cea00000| PB 0x00000000cea00000| Untracked 
| 235|0x00000000ceb00000, 0x00000000ceb00000, 0x00000000cec00000|  0%| F|  |TAMS 0x00000000ceb00000| PB 0x00000000ceb00000| Untracked 
| 236|0x00000000cec00000, 0x00000000cec00000, 0x00000000ced00000|  0%| F|  |TAMS 0x00000000cec00000| PB 0x00000000cec00000| Untracked 
| 237|0x00000000ced00000, 0x00000000cee00000, 0x00000000cee00000|100%| O|  |TAMS 0x00000000cee00000| PB 0x00000000ced00000| Untracked 
| 238|0x00000000cee00000, 0x00000000cef00000, 0x00000000cef00000|100%| O|  |TAMS 0x00000000cef00000| PB 0x00000000cee00000| Untracked 
| 239|0x00000000cef00000, 0x00000000cf000000, 0x00000000cf000000|100%| O|  |TAMS 0x00000000cf000000| PB 0x00000000cef00000| Untracked 
| 240|0x00000000cf000000, 0x00000000cf100000, 0x00000000cf100000|100%| O|  |TAMS 0x00000000cf100000| PB 0x00000000cf000000| Untracked 
| 241|0x00000000cf100000, 0x00000000cf200000, 0x00000000cf200000|100%| O|  |TAMS 0x00000000cf200000| PB 0x00000000cf100000| Untracked 
| 242|0x00000000cf200000, 0x00000000cf300000, 0x00000000cf300000|100%| O|  |TAMS 0x00000000cf300000| PB 0x00000000cf200000| Untracked 
| 243|0x00000000cf300000, 0x00000000cf400000, 0x00000000cf400000|100%| O|  |TAMS 0x00000000cf400000| PB 0x00000000cf300000| Untracked 
| 244|0x00000000cf400000, 0x00000000cf500000, 0x00000000cf500000|100%| O|  |TAMS 0x00000000cf500000| PB 0x00000000cf400000| Untracked 
| 245|0x00000000cf500000, 0x00000000cf600000, 0x00000000cf600000|100%| O|  |TAMS 0x00000000cf600000| PB 0x00000000cf500000| Untracked 
| 246|0x00000000cf600000, 0x00000000cf700000, 0x00000000cf700000|100%| O|  |TAMS 0x00000000cf700000| PB 0x00000000cf600000| Untracked 
| 247|0x00000000cf700000, 0x00000000cf800000, 0x00000000cf800000|100%| O|  |TAMS 0x00000000cf800000| PB 0x00000000cf700000| Untracked 
| 248|0x00000000cf800000, 0x00000000cf900000, 0x00000000cf900000|100%| O|  |TAMS 0x00000000cf900000| PB 0x00000000cf800000| Untracked 
| 249|0x00000000cf900000, 0x00000000cfa00000, 0x00000000cfa00000|100%| O|  |TAMS 0x00000000cfa00000| PB 0x00000000cf900000| Untracked 
| 250|0x00000000cfa00000, 0x00000000cfb00000, 0x00000000cfb00000|100%| O|  |TAMS 0x00000000cfb00000| PB 0x00000000cfa00000| Untracked 
| 251|0x00000000cfb00000, 0x00000000cfc00000, 0x00000000cfc00000|100%| O|  |TAMS 0x00000000cfc00000| PB 0x00000000cfb00000| Untracked 
| 252|0x00000000cfc00000, 0x00000000cfd00000, 0x00000000cfd00000|100%| O|  |TAMS 0x00000000cfd00000| PB 0x00000000cfc00000| Untracked 
| 253|0x00000000cfd00000, 0x00000000cfe00000, 0x00000000cfe00000|100%| O|  |TAMS 0x00000000cfe00000| PB 0x00000000cfd00000| Untracked 
| 254|0x00000000cfe00000, 0x00000000cff00000, 0x00000000cff00000|100%| O|  |TAMS 0x00000000cff00000| PB 0x00000000cfe00000| Untracked 
| 255|0x00000000cff00000, 0x00000000d0000000, 0x00000000d0000000|100%| O|  |TAMS 0x00000000d0000000| PB 0x00000000cff00000| Untracked 
| 256|0x00000000d0000000, 0x00000000d0000000, 0x00000000d0100000|  0%| F|  |TAMS 0x00000000d0000000| PB 0x00000000d0000000| Untracked 
| 257|0x00000000d0100000, 0x00000000d0200000, 0x00000000d0200000|100%| O|  |TAMS 0x00000000d0200000| PB 0x00000000d0100000| Untracked 
| 258|0x00000000d0200000, 0x00000000d0300000, 0x00000000d0300000|100%| O|  |TAMS 0x00000000d0300000| PB 0x00000000d0200000| Untracked 
| 259|0x00000000d0300000, 0x00000000d0400000, 0x00000000d0400000|100%| O|  |TAMS 0x00000000d0400000| PB 0x00000000d0300000| Untracked 
| 260|0x00000000d0400000, 0x00000000d0500000, 0x00000000d0500000|100%| O|  |TAMS 0x00000000d0500000| PB 0x00000000d0400000| Untracked 
| 261|0x00000000d0500000, 0x00000000d0600000, 0x00000000d0600000|100%| O|  |TAMS 0x00000000d0600000| PB 0x00000000d0500000| Untracked 
| 262|0x00000000d0600000, 0x00000000d0600000, 0x00000000d0700000|  0%| F|  |TAMS 0x00000000d0600000| PB 0x00000000d0600000| Untracked 
| 263|0x00000000d0700000, 0x00000000d0700000, 0x00000000d0800000|  0%| F|  |TAMS 0x00000000d0700000| PB 0x00000000d0700000| Untracked 
| 264|0x00000000d0800000, 0x00000000d0800000, 0x00000000d0900000|  0%| F|  |TAMS 0x00000000d0800000| PB 0x00000000d0800000| Untracked 
| 265|0x00000000d0900000, 0x00000000d0a00000, 0x00000000d0a00000|100%| O|  |TAMS 0x00000000d0a00000| PB 0x00000000d0900000| Untracked 
| 266|0x00000000d0a00000, 0x00000000d0b00000, 0x00000000d0b00000|100%| O|  |TAMS 0x00000000d0b00000| PB 0x00000000d0a00000| Untracked 
| 267|0x00000000d0b00000, 0x00000000d0c00000, 0x00000000d0c00000|100%| O|  |TAMS 0x00000000d0c00000| PB 0x00000000d0b00000| Untracked 
| 268|0x00000000d0c00000, 0x00000000d0d00000, 0x00000000d0d00000|100%| O|  |TAMS 0x00000000d0d00000| PB 0x00000000d0c00000| Untracked 
| 269|0x00000000d0d00000, 0x00000000d0e00000, 0x00000000d0e00000|100%| O|  |TAMS 0x00000000d0e00000| PB 0x00000000d0d00000| Untracked 
| 270|0x00000000d0e00000, 0x00000000d0f00000, 0x00000000d0f00000|100%| O|  |TAMS 0x00000000d0f00000| PB 0x00000000d0e00000| Untracked 
| 271|0x00000000d0f00000, 0x00000000d1000000, 0x00000000d1000000|100%| O|  |TAMS 0x00000000d1000000| PB 0x00000000d0f00000| Untracked 
| 272|0x00000000d1000000, 0x00000000d1100000, 0x00000000d1100000|100%| O|  |TAMS 0x00000000d1100000| PB 0x00000000d1000000| Untracked 
| 273|0x00000000d1100000, 0x00000000d1200000, 0x00000000d1200000|100%| O|  |TAMS 0x00000000d1200000| PB 0x00000000d1100000| Untracked 
| 274|0x00000000d1200000, 0x00000000d1300000, 0x00000000d1300000|100%| O|  |TAMS 0x00000000d1300000| PB 0x00000000d1200000| Untracked 
| 275|0x00000000d1300000, 0x00000000d1400000, 0x00000000d1400000|100%| O|  |TAMS 0x00000000d1400000| PB 0x00000000d1300000| Untracked 
| 276|0x00000000d1400000, 0x00000000d1500000, 0x00000000d1500000|100%| O|  |TAMS 0x00000000d1500000| PB 0x00000000d1400000| Untracked 
| 277|0x00000000d1500000, 0x00000000d1500000, 0x00000000d1600000|  0%| F|  |TAMS 0x00000000d1500000| PB 0x00000000d1500000| Untracked 
| 278|0x00000000d1600000, 0x00000000d1600000, 0x00000000d1700000|  0%| F|  |TAMS 0x00000000d1600000| PB 0x00000000d1600000| Untracked 
| 279|0x00000000d1700000, 0x00000000d1700000, 0x00000000d1800000|  0%| F|  |TAMS 0x00000000d1700000| PB 0x00000000d1700000| Untracked 
| 280|0x00000000d1800000, 0x00000000d1800000, 0x00000000d1900000|  0%| F|  |TAMS 0x00000000d1800000| PB 0x00000000d1800000| Untracked 
| 281|0x00000000d1900000, 0x00000000d1a00000, 0x00000000d1a00000|100%| O|  |TAMS 0x00000000d1a00000| PB 0x00000000d1900000| Untracked 
| 282|0x00000000d1a00000, 0x00000000d1b00000, 0x00000000d1b00000|100%| O|  |TAMS 0x00000000d1b00000| PB 0x00000000d1a00000| Untracked 
| 283|0x00000000d1b00000, 0x00000000d1c00000, 0x00000000d1c00000|100%| O|  |TAMS 0x00000000d1c00000| PB 0x00000000d1b00000| Untracked 
| 284|0x00000000d1c00000, 0x00000000d1d00000, 0x00000000d1d00000|100%| O|  |TAMS 0x00000000d1d00000| PB 0x00000000d1c00000| Untracked 
| 285|0x00000000d1d00000, 0x00000000d1e00000, 0x00000000d1e00000|100%| O|  |TAMS 0x00000000d1e00000| PB 0x00000000d1d00000| Untracked 
| 286|0x00000000d1e00000, 0x00000000d1f00000, 0x00000000d1f00000|100%| O|  |TAMS 0x00000000d1f00000| PB 0x00000000d1e00000| Untracked 
| 287|0x00000000d1f00000, 0x00000000d2000000, 0x00000000d2000000|100%| O|  |TAMS 0x00000000d2000000| PB 0x00000000d1f00000| Untracked 
| 288|0x00000000d2000000, 0x00000000d2100000, 0x00000000d2100000|100%| O|  |TAMS 0x00000000d2100000| PB 0x00000000d2000000| Untracked 
| 289|0x00000000d2100000, 0x00000000d2200000, 0x00000000d2200000|100%| O|  |TAMS 0x00000000d2200000| PB 0x00000000d2100000| Untracked 
| 290|0x00000000d2200000, 0x00000000d2300000, 0x00000000d2300000|100%| O|  |TAMS 0x00000000d2300000| PB 0x00000000d2200000| Untracked 
| 291|0x00000000d2300000, 0x00000000d2400000, 0x00000000d2400000|100%| O|  |TAMS 0x00000000d2400000| PB 0x00000000d2300000| Untracked 
| 292|0x00000000d2400000, 0x00000000d2500000, 0x00000000d2500000|100%| O|  |TAMS 0x00000000d2500000| PB 0x00000000d2400000| Untracked 
| 293|0x00000000d2500000, 0x00000000d2600000, 0x00000000d2600000|100%| O|  |TAMS 0x00000000d2600000| PB 0x00000000d2500000| Untracked 
| 294|0x00000000d2600000, 0x00000000d2700000, 0x00000000d2700000|100%| O|  |TAMS 0x00000000d2700000| PB 0x00000000d2600000| Untracked 
| 295|0x00000000d2700000, 0x00000000d2800000, 0x00000000d2800000|100%| O|  |TAMS 0x00000000d2800000| PB 0x00000000d2700000| Untracked 
| 296|0x00000000d2800000, 0x00000000d2900000, 0x00000000d2900000|100%| O|  |TAMS 0x00000000d2900000| PB 0x00000000d2800000| Untracked 
| 297|0x00000000d2900000, 0x00000000d2a00000, 0x00000000d2a00000|100%| O|  |TAMS 0x00000000d2a00000| PB 0x00000000d2900000| Untracked 
| 298|0x00000000d2a00000, 0x00000000d2b00000, 0x00000000d2b00000|100%| O|  |TAMS 0x00000000d2b00000| PB 0x00000000d2a00000| Untracked 
| 299|0x00000000d2b00000, 0x00000000d2b00000, 0x00000000d2c00000|  0%| F|  |TAMS 0x00000000d2b00000| PB 0x00000000d2b00000| Untracked 
| 300|0x00000000d2c00000, 0x00000000d2d00000, 0x00000000d2d00000|100%| O|  |TAMS 0x00000000d2d00000| PB 0x00000000d2c00000| Untracked 
| 301|0x00000000d2d00000, 0x00000000d2d00000, 0x00000000d2e00000|  0%| F|  |TAMS 0x00000000d2d00000| PB 0x00000000d2d00000| Untracked 
| 302|0x00000000d2e00000, 0x00000000d2e70f10, 0x00000000d2f00000| 44%| S|CS|TAMS 0x00000000d2e00000| PB 0x00000000d2e00000| Complete 
| 303|0x00000000d2f00000, 0x00000000d3000000, 0x00000000d3000000|100%| S|CS|TAMS 0x00000000d2f00000| PB 0x00000000d2f00000| Complete 
| 304|0x00000000d3000000, 0x00000000d3100000, 0x00000000d3100000|100%| S|CS|TAMS 0x00000000d3000000| PB 0x00000000d3000000| Complete 
| 305|0x00000000d3100000, 0x00000000d3200000, 0x00000000d3200000|100%| S|CS|TAMS 0x00000000d3100000| PB 0x00000000d3100000| Complete 
| 306|0x00000000d3200000, 0x00000000d3300000, 0x00000000d3300000|100%| O|  |TAMS 0x00000000d3300000| PB 0x00000000d3200000| Untracked 
| 307|0x00000000d3300000, 0x00000000d3400000, 0x00000000d3400000|100%| S|CS|TAMS 0x00000000d3300000| PB 0x00000000d3300000| Complete 
| 308|0x00000000d3400000, 0x00000000d3400000, 0x00000000d3500000|  0%| F|  |TAMS 0x00000000d3400000| PB 0x00000000d3400000| Untracked 
| 309|0x00000000d3500000, 0x00000000d3500000, 0x00000000d3600000|  0%| F|  |TAMS 0x00000000d3500000| PB 0x00000000d3500000| Untracked 
| 310|0x00000000d3600000, 0x00000000d3700000, 0x00000000d3700000|100%| O|  |TAMS 0x00000000d3700000| PB 0x00000000d3600000| Untracked 
| 311|0x00000000d3700000, 0x00000000d3800000, 0x00000000d3800000|100%| O|  |TAMS 0x00000000d3800000| PB 0x00000000d3700000| Untracked 
| 312|0x00000000d3800000, 0x00000000d3900000, 0x00000000d3900000|100%| S|CS|TAMS 0x00000000d3800000| PB 0x00000000d3800000| Complete 
| 313|0x00000000d3900000, 0x00000000d3900000, 0x00000000d3a00000|  0%| F|  |TAMS 0x00000000d3900000| PB 0x00000000d3900000| Untracked 
| 314|0x00000000d3a00000, 0x00000000d3b00000, 0x00000000d3b00000|100%| O|  |TAMS 0x00000000d3b00000| PB 0x00000000d3a00000| Untracked 
| 315|0x00000000d3b00000, 0x00000000d3b00000, 0x00000000d3c00000|  0%| F|  |TAMS 0x00000000d3b00000| PB 0x00000000d3b00000| Untracked 
| 316|0x00000000d3c00000, 0x00000000d3c00000, 0x00000000d3d00000|  0%| F|  |TAMS 0x00000000d3c00000| PB 0x00000000d3c00000| Untracked 
| 317|0x00000000d3d00000, 0x00000000d3d00000, 0x00000000d3e00000|  0%| F|  |TAMS 0x00000000d3d00000| PB 0x00000000d3d00000| Untracked 
| 318|0x00000000d3e00000, 0x00000000d3e00000, 0x00000000d3f00000|  0%| F|  |TAMS 0x00000000d3e00000| PB 0x00000000d3e00000| Untracked 
| 319|0x00000000d3f00000, 0x00000000d4000000, 0x00000000d4000000|100%| S|CS|TAMS 0x00000000d3f00000| PB 0x00000000d3f00000| Complete 
| 320|0x00000000d4000000, 0x00000000d4100000, 0x00000000d4100000|100%| S|CS|TAMS 0x00000000d4000000| PB 0x00000000d4000000| Complete 
| 321|0x00000000d4100000, 0x00000000d4200000, 0x00000000d4200000|100%| S|CS|TAMS 0x00000000d4100000| PB 0x00000000d4100000| Complete 
| 322|0x00000000d4200000, 0x00000000d4200000, 0x00000000d4300000|  0%| F|  |TAMS 0x00000000d4200000| PB 0x00000000d4200000| Untracked 
| 323|0x00000000d4300000, 0x00000000d4300000, 0x00000000d4400000|  0%| F|  |TAMS 0x00000000d4300000| PB 0x00000000d4300000| Untracked 
| 324|0x00000000d4400000, 0x00000000d4400000, 0x00000000d4500000|  0%| F|  |TAMS 0x00000000d4400000| PB 0x00000000d4400000| Untracked 
| 325|0x00000000d4500000, 0x00000000d4600000, 0x00000000d4600000|100%| S|CS|TAMS 0x00000000d4500000| PB 0x00000000d4500000| Complete 
| 326|0x00000000d4600000, 0x00000000d4600000, 0x00000000d4700000|  0%| F|  |TAMS 0x00000000d4600000| PB 0x00000000d4600000| Untracked 
| 327|0x00000000d4700000, 0x00000000d4800000, 0x00000000d4800000|100%| S|CS|TAMS 0x00000000d4700000| PB 0x00000000d4700000| Complete 
| 328|0x00000000d4800000, 0x00000000d4900000, 0x00000000d4900000|100%| O|  |TAMS 0x00000000d4900000| PB 0x00000000d4800000| Untracked 
| 329|0x00000000d4900000, 0x00000000d4a00000, 0x00000000d4a00000|100%| S|CS|TAMS 0x00000000d4900000| PB 0x00000000d4900000| Complete 
| 330|0x00000000d4a00000, 0x00000000d4b00000, 0x00000000d4b00000|100%| O|  |TAMS 0x00000000d4b00000| PB 0x00000000d4a00000| Untracked 
| 331|0x00000000d4b00000, 0x00000000d4c00000, 0x00000000d4c00000|100%| S|CS|TAMS 0x00000000d4b00000| PB 0x00000000d4b00000| Complete 
| 332|0x00000000d4c00000, 0x00000000d4d00000, 0x00000000d4d00000|100%| S|CS|TAMS 0x00000000d4c00000| PB 0x00000000d4c00000| Complete 
| 333|0x00000000d4d00000, 0x00000000d4d00000, 0x00000000d4e00000|  0%| F|  |TAMS 0x00000000d4d00000| PB 0x00000000d4d00000| Untracked 
| 334|0x00000000d4e00000, 0x00000000d4e00000, 0x00000000d4f00000|  0%| F|  |TAMS 0x00000000d4e00000| PB 0x00000000d4e00000| Untracked 
| 335|0x00000000d4f00000, 0x00000000d5000000, 0x00000000d5000000|100%| S|CS|TAMS 0x00000000d4f00000| PB 0x00000000d4f00000| Complete 
| 336|0x00000000d5000000, 0x00000000d5100000, 0x00000000d5100000|100%| S|CS|TAMS 0x00000000d5000000| PB 0x00000000d5000000| Complete 
| 337|0x00000000d5100000, 0x00000000d5200000, 0x00000000d5200000|100%| S|CS|TAMS 0x00000000d5100000| PB 0x00000000d5100000| Complete 
| 338|0x00000000d5200000, 0x00000000d5200000, 0x00000000d5300000|  0%| F|  |TAMS 0x00000000d5200000| PB 0x00000000d5200000| Untracked 
| 339|0x00000000d5300000, 0x00000000d5400000, 0x00000000d5400000|100%| S|CS|TAMS 0x00000000d5300000| PB 0x00000000d5300000| Complete 
| 340|0x00000000d5400000, 0x00000000d5500000, 0x00000000d5500000|100%| O|  |TAMS 0x00000000d5500000| PB 0x00000000d5400000| Untracked 
| 341|0x00000000d5500000, 0x00000000d5600000, 0x00000000d5600000|100%| S|CS|TAMS 0x00000000d5500000| PB 0x00000000d5500000| Complete 
| 342|0x00000000d5600000, 0x00000000d5700000, 0x00000000d5700000|100%| S|CS|TAMS 0x00000000d5600000| PB 0x00000000d5600000| Complete 
| 343|0x00000000d5700000, 0x00000000d5800000, 0x00000000d5800000|100%| S|CS|TAMS 0x00000000d5700000| PB 0x00000000d5700000| Complete 
| 344|0x00000000d5800000, 0x00000000d5900000, 0x00000000d5900000|100%| S|CS|TAMS 0x00000000d5800000| PB 0x00000000d5800000| Complete 
| 345|0x00000000d5900000, 0x00000000d5a00000, 0x00000000d5a00000|100%| S|CS|TAMS 0x00000000d5900000| PB 0x00000000d5900000| Complete 
| 346|0x00000000d5a00000, 0x00000000d5a00000, 0x00000000d5b00000|  0%| F|  |TAMS 0x00000000d5a00000| PB 0x00000000d5a00000| Untracked 
| 347|0x00000000d5b00000, 0x00000000d5c00000, 0x00000000d5c00000|100%| S|CS|TAMS 0x00000000d5b00000| PB 0x00000000d5b00000| Complete 
| 348|0x00000000d5c00000, 0x00000000d5c00000, 0x00000000d5d00000|  0%| F|  |TAMS 0x00000000d5c00000| PB 0x00000000d5c00000| Untracked 
| 349|0x00000000d5d00000, 0x00000000d5e00000, 0x00000000d5e00000|100%| S|CS|TAMS 0x00000000d5d00000| PB 0x00000000d5d00000| Complete 
| 350|0x00000000d5e00000, 0x00000000d5e00000, 0x00000000d5f00000|  0%| F|  |TAMS 0x00000000d5e00000| PB 0x00000000d5e00000| Untracked 
| 351|0x00000000d5f00000, 0x00000000d5f00000, 0x00000000d6000000|  0%| F|  |TAMS 0x00000000d5f00000| PB 0x00000000d5f00000| Untracked 
| 352|0x00000000d6000000, 0x00000000d6100000, 0x00000000d6100000|100%| O|  |TAMS 0x00000000d6100000| PB 0x00000000d6000000| Untracked 
| 353|0x00000000d6100000, 0x00000000d6100000, 0x00000000d6200000|  0%| F|  |TAMS 0x00000000d6100000| PB 0x00000000d6100000| Untracked 
| 354|0x00000000d6200000, 0x00000000d6300000, 0x00000000d6300000|100%| O|  |TAMS 0x00000000d6300000| PB 0x00000000d6200000| Untracked 
| 355|0x00000000d6300000, 0x00000000d6300000, 0x00000000d6400000|  0%| F|  |TAMS 0x00000000d6300000| PB 0x00000000d6300000| Untracked 
| 356|0x00000000d6400000, 0x00000000d6400000, 0x00000000d6500000|  0%| F|  |TAMS 0x00000000d6400000| PB 0x00000000d6400000| Untracked 
| 357|0x00000000d6500000, 0x00000000d6500000, 0x00000000d6600000|  0%| F|  |TAMS 0x00000000d6500000| PB 0x00000000d6500000| Untracked 
| 358|0x00000000d6600000, 0x00000000d6700000, 0x00000000d6700000|100%| O|  |TAMS 0x00000000d6700000| PB 0x00000000d6600000| Untracked 
| 359|0x00000000d6700000, 0x00000000d6700000, 0x00000000d6800000|  0%| F|  |TAMS 0x00000000d6700000| PB 0x00000000d6700000| Untracked 
| 360|0x00000000d6800000, 0x00000000d6900000, 0x00000000d6900000|100%| O|  |TAMS 0x00000000d6900000| PB 0x00000000d6800000| Untracked 
| 361|0x00000000d6900000, 0x00000000d6a00000, 0x00000000d6a00000|100%| O|  |TAMS 0x00000000d6a00000| PB 0x00000000d6900000| Untracked 
| 362|0x00000000d6a00000, 0x00000000d6b00000, 0x00000000d6b00000|100%| O|  |TAMS 0x00000000d6b00000| PB 0x00000000d6a00000| Untracked 
| 363|0x00000000d6b00000, 0x00000000d6b00000, 0x00000000d6c00000|  0%| F|  |TAMS 0x00000000d6b00000| PB 0x00000000d6b00000| Untracked 
| 364|0x00000000d6c00000, 0x00000000d6d00000, 0x00000000d6d00000|100%| O|  |TAMS 0x00000000d6d00000| PB 0x00000000d6c00000| Untracked 
| 365|0x00000000d6d00000, 0x00000000d6d00000, 0x00000000d6e00000|  0%| F|  |TAMS 0x00000000d6d00000| PB 0x00000000d6d00000| Untracked 
| 366|0x00000000d6e00000, 0x00000000d6e00000, 0x00000000d6f00000|  0%| F|  |TAMS 0x00000000d6e00000| PB 0x00000000d6e00000| Untracked 
| 367|0x00000000d6f00000, 0x00000000d7000000, 0x00000000d7000000|100%| O|  |TAMS 0x00000000d7000000| PB 0x00000000d6f00000| Untracked 
| 368|0x00000000d7000000, 0x00000000d7100000, 0x00000000d7100000|100%| O|  |TAMS 0x00000000d7100000| PB 0x00000000d7000000| Untracked 
| 369|0x00000000d7100000, 0x00000000d7200000, 0x00000000d7200000|100%| O|  |TAMS 0x00000000d7200000| PB 0x00000000d7100000| Untracked 
| 370|0x00000000d7200000, 0x00000000d7300000, 0x00000000d7300000|100%| O|  |TAMS 0x00000000d7300000| PB 0x00000000d7200000| Untracked 
| 371|0x00000000d7300000, 0x00000000d7400000, 0x00000000d7400000|100%| O|  |TAMS 0x00000000d7400000| PB 0x00000000d7300000| Untracked 
| 372|0x00000000d7400000, 0x00000000d7400000, 0x00000000d7500000|  0%| F|  |TAMS 0x00000000d7400000| PB 0x00000000d7400000| Untracked 
| 373|0x00000000d7500000, 0x00000000d7500000, 0x00000000d7600000|  0%| F|  |TAMS 0x00000000d7500000| PB 0x00000000d7500000| Untracked 
| 374|0x00000000d7600000, 0x00000000d7600000, 0x00000000d7700000|  0%| F|  |TAMS 0x00000000d7600000| PB 0x00000000d7600000| Untracked 
| 375|0x00000000d7700000, 0x00000000d7700000, 0x00000000d7800000|  0%| F|  |TAMS 0x00000000d7700000| PB 0x00000000d7700000| Untracked 
| 376|0x00000000d7800000, 0x00000000d7800000, 0x00000000d7900000|  0%| F|  |TAMS 0x00000000d7800000| PB 0x00000000d7800000| Untracked 
| 377|0x00000000d7900000, 0x00000000d7a00000, 0x00000000d7a00000|100%| O|  |TAMS 0x00000000d7a00000| PB 0x00000000d7900000| Untracked 
| 378|0x00000000d7a00000, 0x00000000d7b00000, 0x00000000d7b00000|100%| O|  |TAMS 0x00000000d7b00000| PB 0x00000000d7a00000| Untracked 
| 379|0x00000000d7b00000, 0x00000000d7c00000, 0x00000000d7c00000|100%| O|  |TAMS 0x00000000d7c00000| PB 0x00000000d7b00000| Untracked 
| 380|0x00000000d7c00000, 0x00000000d7d00000, 0x00000000d7d00000|100%| O|  |TAMS 0x00000000d7d00000| PB 0x00000000d7c00000| Untracked 
| 381|0x00000000d7d00000, 0x00000000d7e00000, 0x00000000d7e00000|100%| O|  |TAMS 0x00000000d7e00000| PB 0x00000000d7d00000| Untracked 
| 382|0x00000000d7e00000, 0x00000000d7f00000, 0x00000000d7f00000|100%| O|  |TAMS 0x00000000d7f00000| PB 0x00000000d7e00000| Untracked 
| 383|0x00000000d7f00000, 0x00000000d8000000, 0x00000000d8000000|100%| O|  |TAMS 0x00000000d8000000| PB 0x00000000d7f00000| Untracked 
| 384|0x00000000d8000000, 0x00000000d8100000, 0x00000000d8100000|100%| O|  |TAMS 0x00000000d8100000| PB 0x00000000d8000000| Untracked 
| 385|0x00000000d8100000, 0x00000000d8200000, 0x00000000d8200000|100%| O|  |TAMS 0x00000000d8200000| PB 0x00000000d8100000| Untracked 
| 386|0x00000000d8200000, 0x00000000d8300000, 0x00000000d8300000|100%| O|  |TAMS 0x00000000d8300000| PB 0x00000000d8200000| Untracked 
| 387|0x00000000d8300000, 0x00000000d8400000, 0x00000000d8400000|100%| O|  |TAMS 0x00000000d8400000| PB 0x00000000d8300000| Untracked 
| 388|0x00000000d8400000, 0x00000000d8500000, 0x00000000d8500000|100%| O|  |TAMS 0x00000000d8500000| PB 0x00000000d8400000| Untracked 
| 389|0x00000000d8500000, 0x00000000d8600000, 0x00000000d8600000|100%| O|  |TAMS 0x00000000d8600000| PB 0x00000000d8500000| Untracked 
| 390|0x00000000d8600000, 0x00000000d8700000, 0x00000000d8700000|100%| O|  |TAMS 0x00000000d8700000| PB 0x00000000d8600000| Untracked 
| 391|0x00000000d8700000, 0x00000000d8800000, 0x00000000d8800000|100%| O|  |TAMS 0x00000000d8800000| PB 0x00000000d8700000| Untracked 
| 392|0x00000000d8800000, 0x00000000d8900000, 0x00000000d8900000|100%| O|  |TAMS 0x00000000d8900000| PB 0x00000000d8800000| Untracked 
| 393|0x00000000d8900000, 0x00000000d8a00000, 0x00000000d8a00000|100%| O|  |TAMS 0x00000000d8a00000| PB 0x00000000d8900000| Untracked 
| 394|0x00000000d8a00000, 0x00000000d8b00000, 0x00000000d8b00000|100%| O|  |TAMS 0x00000000d8b00000| PB 0x00000000d8a00000| Untracked 
| 395|0x00000000d8b00000, 0x00000000d8c00000, 0x00000000d8c00000|100%| O|  |TAMS 0x00000000d8c00000| PB 0x00000000d8b00000| Untracked 
| 396|0x00000000d8c00000, 0x00000000d8d00000, 0x00000000d8d00000|100%| O|  |TAMS 0x00000000d8d00000| PB 0x00000000d8c00000| Untracked 
| 397|0x00000000d8d00000, 0x00000000d8e00000, 0x00000000d8e00000|100%| O|  |TAMS 0x00000000d8e00000| PB 0x00000000d8d00000| Untracked 
| 398|0x00000000d8e00000, 0x00000000d8f00000, 0x00000000d8f00000|100%| O|  |TAMS 0x00000000d8f00000| PB 0x00000000d8e00000| Untracked 
| 399|0x00000000d8f00000, 0x00000000d9000000, 0x00000000d9000000|100%| O|  |TAMS 0x00000000d9000000| PB 0x00000000d8f00000| Untracked 
| 400|0x00000000d9000000, 0x00000000d9100000, 0x00000000d9100000|100%| O|  |TAMS 0x00000000d9100000| PB 0x00000000d9000000| Untracked 
| 401|0x00000000d9100000, 0x00000000d9200000, 0x00000000d9200000|100%| O|  |TAMS 0x00000000d9200000| PB 0x00000000d9100000| Untracked 
| 402|0x00000000d9200000, 0x00000000d9300000, 0x00000000d9300000|100%| O|  |TAMS 0x00000000d9300000| PB 0x00000000d9200000| Untracked 
| 403|0x00000000d9300000, 0x00000000d9400000, 0x00000000d9400000|100%| O|  |TAMS 0x00000000d9400000| PB 0x00000000d9300000| Untracked 
| 404|0x00000000d9400000, 0x00000000d9500000, 0x00000000d9500000|100%| O|  |TAMS 0x00000000d9500000| PB 0x00000000d9400000| Untracked 
| 405|0x00000000d9500000, 0x00000000d9600000, 0x00000000d9600000|100%| O|  |TAMS 0x00000000d9600000| PB 0x00000000d9500000| Untracked 
| 406|0x00000000d9600000, 0x00000000d9700000, 0x00000000d9700000|100%| O|  |TAMS 0x00000000d9700000| PB 0x00000000d9600000| Untracked 
| 407|0x00000000d9700000, 0x00000000d9800000, 0x00000000d9800000|100%| O|  |TAMS 0x00000000d9800000| PB 0x00000000d9700000| Untracked 
| 408|0x00000000d9800000, 0x00000000d9900000, 0x00000000d9900000|100%| O|  |TAMS 0x00000000d9900000| PB 0x00000000d9800000| Untracked 
| 409|0x00000000d9900000, 0x00000000d9a00000, 0x00000000d9a00000|100%| O|  |TAMS 0x00000000d9a00000| PB 0x00000000d9900000| Untracked 
| 410|0x00000000d9a00000, 0x00000000d9b00000, 0x00000000d9b00000|100%| O|  |TAMS 0x00000000d9b00000| PB 0x00000000d9a00000| Untracked 
| 411|0x00000000d9b00000, 0x00000000d9c00000, 0x00000000d9c00000|100%| O|  |TAMS 0x00000000d9c00000| PB 0x00000000d9b00000| Untracked 
| 412|0x00000000d9c00000, 0x00000000d9d00000, 0x00000000d9d00000|100%| O|  |TAMS 0x00000000d9d00000| PB 0x00000000d9c00000| Untracked 
| 413|0x00000000d9d00000, 0x00000000d9e00000, 0x00000000d9e00000|100%| O|  |TAMS 0x00000000d9e00000| PB 0x00000000d9d00000| Untracked 
| 414|0x00000000d9e00000, 0x00000000d9f00000, 0x00000000d9f00000|100%| O|  |TAMS 0x00000000d9f00000| PB 0x00000000d9e00000| Untracked 
| 415|0x00000000d9f00000, 0x00000000da000000, 0x00000000da000000|100%| O|  |TAMS 0x00000000da000000| PB 0x00000000d9f00000| Untracked 
| 416|0x00000000da000000, 0x00000000da100000, 0x00000000da100000|100%| O|  |TAMS 0x00000000da100000| PB 0x00000000da000000| Untracked 
| 417|0x00000000da100000, 0x00000000da200000, 0x00000000da200000|100%| O|  |TAMS 0x00000000da200000| PB 0x00000000da100000| Untracked 
| 418|0x00000000da200000, 0x00000000da300000, 0x00000000da300000|100%| O|  |TAMS 0x00000000da300000| PB 0x00000000da200000| Untracked 
| 419|0x00000000da300000, 0x00000000da400000, 0x00000000da400000|100%| O|  |TAMS 0x00000000da400000| PB 0x00000000da300000| Untracked 
| 420|0x00000000da400000, 0x00000000da500000, 0x00000000da500000|100%| O|  |TAMS 0x00000000da500000| PB 0x00000000da400000| Untracked 
| 421|0x00000000da500000, 0x00000000da600000, 0x00000000da600000|100%| O|  |TAMS 0x00000000da600000| PB 0x00000000da500000| Untracked 
| 422|0x00000000da600000, 0x00000000da700000, 0x00000000da700000|100%| O|  |TAMS 0x00000000da700000| PB 0x00000000da600000| Untracked 
| 423|0x00000000da700000, 0x00000000da800000, 0x00000000da800000|100%| O|  |TAMS 0x00000000da800000| PB 0x00000000da700000| Untracked 
| 424|0x00000000da800000, 0x00000000da900000, 0x00000000da900000|100%| O|  |TAMS 0x00000000da900000| PB 0x00000000da800000| Untracked 
| 425|0x00000000da900000, 0x00000000da900000, 0x00000000daa00000|  0%| F|  |TAMS 0x00000000da900000| PB 0x00000000da900000| Untracked 
| 426|0x00000000daa00000, 0x00000000daa00000, 0x00000000dab00000|  0%| F|  |TAMS 0x00000000daa00000| PB 0x00000000daa00000| Untracked 
| 427|0x00000000dab00000, 0x00000000dab00000, 0x00000000dac00000|  0%| F|  |TAMS 0x00000000dab00000| PB 0x00000000dab00000| Untracked 
| 428|0x00000000dac00000, 0x00000000dad00000, 0x00000000dad00000|100%| O|  |TAMS 0x00000000dad00000| PB 0x00000000dac00000| Untracked 
| 429|0x00000000dad00000, 0x00000000dae00000, 0x00000000dae00000|100%| O|  |TAMS 0x00000000dae00000| PB 0x00000000dad00000| Untracked 
| 430|0x00000000dae00000, 0x00000000daf00000, 0x00000000daf00000|100%| O|  |TAMS 0x00000000daf00000| PB 0x00000000dae00000| Untracked 
| 431|0x00000000daf00000, 0x00000000db000000, 0x00000000db000000|100%| O|  |TAMS 0x00000000db000000| PB 0x00000000daf00000| Untracked 
| 432|0x00000000db000000, 0x00000000db100000, 0x00000000db100000|100%| O|  |TAMS 0x00000000db100000| PB 0x00000000db000000| Untracked 
| 433|0x00000000db100000, 0x00000000db200000, 0x00000000db200000|100%| O|  |TAMS 0x00000000db200000| PB 0x00000000db100000| Untracked 
| 434|0x00000000db200000, 0x00000000db300000, 0x00000000db300000|100%| O|  |TAMS 0x00000000db300000| PB 0x00000000db200000| Untracked 
| 435|0x00000000db300000, 0x00000000db400000, 0x00000000db400000|100%| O|  |TAMS 0x00000000db400000| PB 0x00000000db300000| Untracked 
| 436|0x00000000db400000, 0x00000000db500000, 0x00000000db500000|100%| O|  |TAMS 0x00000000db500000| PB 0x00000000db400000| Untracked 
| 437|0x00000000db500000, 0x00000000db600000, 0x00000000db600000|100%| O|  |TAMS 0x00000000db600000| PB 0x00000000db500000| Untracked 
| 438|0x00000000db600000, 0x00000000db700000, 0x00000000db700000|100%| O|  |TAMS 0x00000000db700000| PB 0x00000000db600000| Untracked 
| 439|0x00000000db700000, 0x00000000db800000, 0x00000000db800000|100%| O|  |TAMS 0x00000000db800000| PB 0x00000000db700000| Untracked 
| 440|0x00000000db800000, 0x00000000db900000, 0x00000000db900000|100%| O|  |TAMS 0x00000000db900000| PB 0x00000000db800000| Untracked 
| 441|0x00000000db900000, 0x00000000dba00000, 0x00000000dba00000|100%| O|  |TAMS 0x00000000dba00000| PB 0x00000000db900000| Untracked 
| 442|0x00000000dba00000, 0x00000000dbb00000, 0x00000000dbb00000|100%| O|  |TAMS 0x00000000dbb00000| PB 0x00000000dba00000| Untracked 
| 443|0x00000000dbb00000, 0x00000000dbc00000, 0x00000000dbc00000|100%| O|  |TAMS 0x00000000dbc00000| PB 0x00000000dbb00000| Untracked 
| 444|0x00000000dbc00000, 0x00000000dbd00000, 0x00000000dbd00000|100%| O|  |TAMS 0x00000000dbd00000| PB 0x00000000dbc00000| Untracked 
| 445|0x00000000dbd00000, 0x00000000dbe00000, 0x00000000dbe00000|100%| O|  |TAMS 0x00000000dbe00000| PB 0x00000000dbd00000| Untracked 
| 446|0x00000000dbe00000, 0x00000000dbf00000, 0x00000000dbf00000|100%| O|  |TAMS 0x00000000dbf00000| PB 0x00000000dbe00000| Untracked 
| 447|0x00000000dbf00000, 0x00000000dc000000, 0x00000000dc000000|100%| O|  |TAMS 0x00000000dc000000| PB 0x00000000dbf00000| Untracked 
| 448|0x00000000dc000000, 0x00000000dc100000, 0x00000000dc100000|100%| O|  |TAMS 0x00000000dc100000| PB 0x00000000dc000000| Untracked 
| 449|0x00000000dc100000, 0x00000000dc200000, 0x00000000dc200000|100%| O|  |TAMS 0x00000000dc200000| PB 0x00000000dc100000| Untracked 
| 450|0x00000000dc200000, 0x00000000dc300000, 0x00000000dc300000|100%| O|  |TAMS 0x00000000dc300000| PB 0x00000000dc200000| Untracked 
| 451|0x00000000dc300000, 0x00000000dc400000, 0x00000000dc400000|100%| O|  |TAMS 0x00000000dc400000| PB 0x00000000dc300000| Untracked 
| 452|0x00000000dc400000, 0x00000000dc500000, 0x00000000dc500000|100%| O|  |TAMS 0x00000000dc500000| PB 0x00000000dc400000| Untracked 
| 453|0x00000000dc500000, 0x00000000dc600000, 0x00000000dc600000|100%| O|  |TAMS 0x00000000dc600000| PB 0x00000000dc500000| Untracked 
| 454|0x00000000dc600000, 0x00000000dc700000, 0x00000000dc700000|100%| O|  |TAMS 0x00000000dc700000| PB 0x00000000dc600000| Untracked 
| 455|0x00000000dc700000, 0x00000000dc800000, 0x00000000dc800000|100%| O|  |TAMS 0x00000000dc800000| PB 0x00000000dc700000| Untracked 
| 456|0x00000000dc800000, 0x00000000dc900000, 0x00000000dc900000|100%| O|  |TAMS 0x00000000dc900000| PB 0x00000000dc800000| Untracked 
| 457|0x00000000dc900000, 0x00000000dc900000, 0x00000000dca00000|  0%| F|  |TAMS 0x00000000dc900000| PB 0x00000000dc900000| Untracked 
| 458|0x00000000dca00000, 0x00000000dca00000, 0x00000000dcb00000|  0%| F|  |TAMS 0x00000000dca00000| PB 0x00000000dca00000| Untracked 
| 459|0x00000000dcb00000, 0x00000000dcb00000, 0x00000000dcc00000|  0%| F|  |TAMS 0x00000000dcb00000| PB 0x00000000dcb00000| Untracked 
| 460|0x00000000dcc00000, 0x00000000dcc00000, 0x00000000dcd00000|  0%| F|  |TAMS 0x00000000dcc00000| PB 0x00000000dcc00000| Untracked 
| 461|0x00000000dcd00000, 0x00000000dcd00000, 0x00000000dce00000|  0%| F|  |TAMS 0x00000000dcd00000| PB 0x00000000dcd00000| Untracked 
| 462|0x00000000dce00000, 0x00000000dce00000, 0x00000000dcf00000|  0%| F|  |TAMS 0x00000000dce00000| PB 0x00000000dce00000| Untracked 
| 463|0x00000000dcf00000, 0x00000000dd000000, 0x00000000dd000000|100%| O|  |TAMS 0x00000000dd000000| PB 0x00000000dcf00000| Untracked 
| 464|0x00000000dd000000, 0x00000000dd100000, 0x00000000dd100000|100%| O|  |TAMS 0x00000000dd100000| PB 0x00000000dd000000| Untracked 
| 465|0x00000000dd100000, 0x00000000dd200000, 0x00000000dd200000|100%| O|  |TAMS 0x00000000dd200000| PB 0x00000000dd100000| Untracked 
| 466|0x00000000dd200000, 0x00000000dd300000, 0x00000000dd300000|100%| O|  |TAMS 0x00000000dd300000| PB 0x00000000dd200000| Untracked 
| 467|0x00000000dd300000, 0x00000000dd400000, 0x00000000dd400000|100%| O|  |TAMS 0x00000000dd400000| PB 0x00000000dd300000| Untracked 
| 468|0x00000000dd400000, 0x00000000dd400000, 0x00000000dd500000|  0%| F|  |TAMS 0x00000000dd400000| PB 0x00000000dd400000| Untracked 
| 469|0x00000000dd500000, 0x00000000dd500000, 0x00000000dd600000|  0%| F|  |TAMS 0x00000000dd500000| PB 0x00000000dd500000| Untracked 
| 470|0x00000000dd600000, 0x00000000dd700000, 0x00000000dd700000|100%| O|  |TAMS 0x00000000dd700000| PB 0x00000000dd600000| Untracked 
| 471|0x00000000dd700000, 0x00000000dd700000, 0x00000000dd800000|  0%| F|  |TAMS 0x00000000dd700000| PB 0x00000000dd700000| Untracked 
| 472|0x00000000dd800000, 0x00000000dd800000, 0x00000000dd900000|  0%| F|  |TAMS 0x00000000dd800000| PB 0x00000000dd800000| Untracked 
| 473|0x00000000dd900000, 0x00000000dd900000, 0x00000000dda00000|  0%| F|  |TAMS 0x00000000dd900000| PB 0x00000000dd900000| Untracked 
| 474|0x00000000dda00000, 0x00000000dda00000, 0x00000000ddb00000|  0%| F|  |TAMS 0x00000000dda00000| PB 0x00000000dda00000| Untracked 
| 475|0x00000000ddb00000, 0x00000000ddb00000, 0x00000000ddc00000|  0%| F|  |TAMS 0x00000000ddb00000| PB 0x00000000ddb00000| Untracked 
| 476|0x00000000ddc00000, 0x00000000ddc00000, 0x00000000ddd00000|  0%| F|  |TAMS 0x00000000ddc00000| PB 0x00000000ddc00000| Untracked 
| 477|0x00000000ddd00000, 0x00000000ddd00000, 0x00000000dde00000|  0%| F|  |TAMS 0x00000000ddd00000| PB 0x00000000ddd00000| Untracked 
| 478|0x00000000dde00000, 0x00000000dde00000, 0x00000000ddf00000|  0%| F|  |TAMS 0x00000000dde00000| PB 0x00000000dde00000| Untracked 
| 479|0x00000000ddf00000, 0x00000000de000000, 0x00000000de000000|100%| O|  |TAMS 0x00000000de000000| PB 0x00000000ddf00000| Untracked 
| 480|0x00000000de000000, 0x00000000de100000, 0x00000000de100000|100%| O|  |TAMS 0x00000000de100000| PB 0x00000000de000000| Untracked 
| 481|0x00000000de100000, 0x00000000de200000, 0x00000000de200000|100%| O|  |TAMS 0x00000000de200000| PB 0x00000000de100000| Untracked 
| 482|0x00000000de200000, 0x00000000de200000, 0x00000000de300000|  0%| F|  |TAMS 0x00000000de200000| PB 0x00000000de200000| Untracked 
| 483|0x00000000de300000, 0x00000000de300000, 0x00000000de400000|  0%| F|  |TAMS 0x00000000de300000| PB 0x00000000de300000| Untracked 
| 484|0x00000000de400000, 0x00000000de500000, 0x00000000de500000|100%| O|  |TAMS 0x00000000de500000| PB 0x00000000de400000| Untracked 
| 485|0x00000000de500000, 0x00000000de500000, 0x00000000de600000|  0%| F|  |TAMS 0x00000000de500000| PB 0x00000000de500000| Untracked 
| 486|0x00000000de600000, 0x00000000de600000, 0x00000000de700000|  0%| F|  |TAMS 0x00000000de600000| PB 0x00000000de600000| Untracked 
| 487|0x00000000de700000, 0x00000000de700000, 0x00000000de800000|  0%| F|  |TAMS 0x00000000de700000| PB 0x00000000de700000| Untracked 
| 488|0x00000000de800000, 0x00000000de800000, 0x00000000de900000|  0%| F|  |TAMS 0x00000000de800000| PB 0x00000000de800000| Untracked 
| 489|0x00000000de900000, 0x00000000de900000, 0x00000000dea00000|  0%| F|  |TAMS 0x00000000de900000| PB 0x00000000de900000| Untracked 
| 490|0x00000000dea00000, 0x00000000dea00000, 0x00000000deb00000|  0%| F|  |TAMS 0x00000000dea00000| PB 0x00000000dea00000| Untracked 
| 491|0x00000000deb00000, 0x00000000deb00000, 0x00000000dec00000|  0%| F|  |TAMS 0x00000000deb00000| PB 0x00000000deb00000| Untracked 
| 492|0x00000000dec00000, 0x00000000dec00000, 0x00000000ded00000|  0%| F|  |TAMS 0x00000000dec00000| PB 0x00000000dec00000| Untracked 
| 493|0x00000000ded00000, 0x00000000ded00000, 0x00000000dee00000|  0%| F|  |TAMS 0x00000000ded00000| PB 0x00000000ded00000| Untracked 
| 494|0x00000000dee00000, 0x00000000dee00000, 0x00000000def00000|  0%| F|  |TAMS 0x00000000dee00000| PB 0x00000000dee00000| Untracked 
| 495|0x00000000def00000, 0x00000000def00000, 0x00000000df000000|  0%| F|  |TAMS 0x00000000def00000| PB 0x00000000def00000| Untracked 
| 496|0x00000000df000000, 0x00000000df000000, 0x00000000df100000|  0%| F|  |TAMS 0x00000000df000000| PB 0x00000000df000000| Untracked 
| 497|0x00000000df100000, 0x00000000df100000, 0x00000000df200000|  0%| F|  |TAMS 0x00000000df100000| PB 0x00000000df100000| Untracked 
| 498|0x00000000df200000, 0x00000000df200000, 0x00000000df300000|  0%| F|  |TAMS 0x00000000df200000| PB 0x00000000df200000| Untracked 
| 499|0x00000000df300000, 0x00000000df300000, 0x00000000df400000|  0%| F|  |TAMS 0x00000000df300000| PB 0x00000000df300000| Untracked 
| 500|0x00000000df400000, 0x00000000df400000, 0x00000000df500000|  0%| F|  |TAMS 0x00000000df400000| PB 0x00000000df400000| Untracked 
| 501|0x00000000df500000, 0x00000000df500000, 0x00000000df600000|  0%| F|  |TAMS 0x00000000df500000| PB 0x00000000df500000| Untracked 
| 502|0x00000000df600000, 0x00000000df600000, 0x00000000df700000|  0%| F|  |TAMS 0x00000000df600000| PB 0x00000000df600000| Untracked 
| 503|0x00000000df700000, 0x00000000df700000, 0x00000000df800000|  0%| F|  |TAMS 0x00000000df700000| PB 0x00000000df700000| Untracked 
| 504|0x00000000df800000, 0x00000000df800000, 0x00000000df900000|  0%| F|  |TAMS 0x00000000df800000| PB 0x00000000df800000| Untracked 
| 505|0x00000000df900000, 0x00000000df900000, 0x00000000dfa00000|  0%| F|  |TAMS 0x00000000df900000| PB 0x00000000df900000| Untracked 
| 506|0x00000000dfa00000, 0x00000000dfa00000, 0x00000000dfb00000|  0%| F|  |TAMS 0x00000000dfa00000| PB 0x00000000dfa00000| Untracked 
| 507|0x00000000dfb00000, 0x00000000dfb00000, 0x00000000dfc00000|  0%| F|  |TAMS 0x00000000dfb00000| PB 0x00000000dfb00000| Untracked 
| 508|0x00000000dfc00000, 0x00000000dfc00000, 0x00000000dfd00000|  0%| F|  |TAMS 0x00000000dfc00000| PB 0x00000000dfc00000| Untracked 
| 509|0x00000000dfd00000, 0x00000000dfd00000, 0x00000000dfe00000|  0%| F|  |TAMS 0x00000000dfd00000| PB 0x00000000dfd00000| Untracked 
| 510|0x00000000dfe00000, 0x00000000dfe00000, 0x00000000dff00000|  0%| F|  |TAMS 0x00000000dfe00000| PB 0x00000000dfe00000| Untracked 
| 511|0x00000000dff00000, 0x00000000dff00000, 0x00000000e0000000|  0%| F|  |TAMS 0x00000000dff00000| PB 0x00000000dff00000| Untracked 
| 512|0x00000000e0000000, 0x00000000e0000000, 0x00000000e0100000|  0%| F|  |TAMS 0x00000000e0000000| PB 0x00000000e0000000| Untracked 
| 513|0x00000000e0100000, 0x00000000e0100000, 0x00000000e0200000|  0%| F|  |TAMS 0x00000000e0100000| PB 0x00000000e0100000| Untracked 
| 514|0x00000000e0200000, 0x00000000e0200000, 0x00000000e0300000|  0%| F|  |TAMS 0x00000000e0200000| PB 0x00000000e0200000| Untracked 
| 515|0x00000000e0300000, 0x00000000e0300000, 0x00000000e0400000|  0%| F|  |TAMS 0x00000000e0300000| PB 0x00000000e0300000| Untracked 
| 516|0x00000000e0400000, 0x00000000e0400000, 0x00000000e0500000|  0%| F|  |TAMS 0x00000000e0400000| PB 0x00000000e0400000| Untracked 
| 517|0x00000000e0500000, 0x00000000e0500000, 0x00000000e0600000|  0%| F|  |TAMS 0x00000000e0500000| PB 0x00000000e0500000| Untracked 
| 518|0x00000000e0600000, 0x00000000e0600000, 0x00000000e0700000|  0%| F|  |TAMS 0x00000000e0600000| PB 0x00000000e0600000| Untracked 
| 519|0x00000000e0700000, 0x00000000e0700000, 0x00000000e0800000|  0%| F|  |TAMS 0x00000000e0700000| PB 0x00000000e0700000| Untracked 
| 520|0x00000000e0800000, 0x00000000e0800000, 0x00000000e0900000|  0%| F|  |TAMS 0x00000000e0800000| PB 0x00000000e0800000| Untracked 
| 521|0x00000000e0900000, 0x00000000e0900000, 0x00000000e0a00000|  0%| F|  |TAMS 0x00000000e0900000| PB 0x00000000e0900000| Untracked 
| 522|0x00000000e0a00000, 0x00000000e0a00000, 0x00000000e0b00000|  0%| F|  |TAMS 0x00000000e0a00000| PB 0x00000000e0a00000| Untracked 
| 523|0x00000000e0b00000, 0x00000000e0b00000, 0x00000000e0c00000|  0%| F|  |TAMS 0x00000000e0b00000| PB 0x00000000e0b00000| Untracked 
| 524|0x00000000e0c00000, 0x00000000e0c00000, 0x00000000e0d00000|  0%| F|  |TAMS 0x00000000e0c00000| PB 0x00000000e0c00000| Untracked 
| 525|0x00000000e0d00000, 0x00000000e0d00000, 0x00000000e0e00000|  0%| F|  |TAMS 0x00000000e0d00000| PB 0x00000000e0d00000| Untracked 
| 526|0x00000000e0e00000, 0x00000000e0e00000, 0x00000000e0f00000|  0%| F|  |TAMS 0x00000000e0e00000| PB 0x00000000e0e00000| Untracked 
| 527|0x00000000e0f00000, 0x00000000e0f00000, 0x00000000e1000000|  0%| F|  |TAMS 0x00000000e0f00000| PB 0x00000000e0f00000| Untracked 
| 528|0x00000000e1000000, 0x00000000e1000000, 0x00000000e1100000|  0%| F|  |TAMS 0x00000000e1000000| PB 0x00000000e1000000| Untracked 
| 529|0x00000000e1100000, 0x00000000e1100000, 0x00000000e1200000|  0%| F|  |TAMS 0x00000000e1100000| PB 0x00000000e1100000| Untracked 
| 530|0x00000000e1200000, 0x00000000e1200000, 0x00000000e1300000|  0%| F|  |TAMS 0x00000000e1200000| PB 0x00000000e1200000| Untracked 
| 531|0x00000000e1300000, 0x00000000e1300000, 0x00000000e1400000|  0%| F|  |TAMS 0x00000000e1300000| PB 0x00000000e1300000| Untracked 
| 532|0x00000000e1400000, 0x00000000e1400000, 0x00000000e1500000|  0%| F|  |TAMS 0x00000000e1400000| PB 0x00000000e1400000| Untracked 
| 533|0x00000000e1500000, 0x00000000e1500000, 0x00000000e1600000|  0%| F|  |TAMS 0x00000000e1500000| PB 0x00000000e1500000| Untracked 
| 534|0x00000000e1600000, 0x00000000e16fafc8, 0x00000000e1700000| 98%| E|  |TAMS 0x00000000e1600000| PB 0x00000000e1600000| Complete 
| 535|0x00000000e1700000, 0x00000000e1800000, 0x00000000e1800000|100%| E|CS|TAMS 0x00000000e1700000| PB 0x00000000e1700000| Complete 
| 536|0x00000000e1800000, 0x00000000e1900000, 0x00000000e1900000|100%| E|CS|TAMS 0x00000000e1800000| PB 0x00000000e1800000| Complete 
| 537|0x00000000e1900000, 0x00000000e1a00000, 0x00000000e1a00000|100%| E|CS|TAMS 0x00000000e1900000| PB 0x00000000e1900000| Complete 
| 538|0x00000000e1a00000, 0x00000000e1b00000, 0x00000000e1b00000|100%| E|CS|TAMS 0x00000000e1a00000| PB 0x00000000e1a00000| Complete 
| 539|0x00000000e1b00000, 0x00000000e1c00000, 0x00000000e1c00000|100%| E|CS|TAMS 0x00000000e1b00000| PB 0x00000000e1b00000| Complete 
| 540|0x00000000e1c00000, 0x00000000e1d00000, 0x00000000e1d00000|100%| E|CS|TAMS 0x00000000e1c00000| PB 0x00000000e1c00000| Complete 
| 541|0x00000000e1d00000, 0x00000000e1e00000, 0x00000000e1e00000|100%| E|CS|TAMS 0x00000000e1d00000| PB 0x00000000e1d00000| Complete 
| 542|0x00000000e1e00000, 0x00000000e1f00000, 0x00000000e1f00000|100%| E|CS|TAMS 0x00000000e1e00000| PB 0x00000000e1e00000| Complete 
| 543|0x00000000e1f00000, 0x00000000e2000000, 0x00000000e2000000|100%| E|CS|TAMS 0x00000000e1f00000| PB 0x00000000e1f00000| Complete 
| 544|0x00000000e2000000, 0x00000000e2100000, 0x00000000e2100000|100%| E|CS|TAMS 0x00000000e2000000| PB 0x00000000e2000000| Complete 
| 545|0x00000000e2100000, 0x00000000e2200000, 0x00000000e2200000|100%| E|CS|TAMS 0x00000000e2100000| PB 0x00000000e2100000| Complete 
| 546|0x00000000e2200000, 0x00000000e2300000, 0x00000000e2300000|100%| E|CS|TAMS 0x00000000e2200000| PB 0x00000000e2200000| Complete 
| 547|0x00000000e2300000, 0x00000000e2400000, 0x00000000e2400000|100%| E|CS|TAMS 0x00000000e2300000| PB 0x00000000e2300000| Complete 
| 548|0x00000000e2400000, 0x00000000e2500000, 0x00000000e2500000|100%| E|CS|TAMS 0x00000000e2400000| PB 0x00000000e2400000| Complete 
| 549|0x00000000e2500000, 0x00000000e2600000, 0x00000000e2600000|100%| E|CS|TAMS 0x00000000e2500000| PB 0x00000000e2500000| Complete 
| 550|0x00000000e2600000, 0x00000000e2700000, 0x00000000e2700000|100%| E|CS|TAMS 0x00000000e2600000| PB 0x00000000e2600000| Complete 
| 551|0x00000000e2700000, 0x00000000e2800000, 0x00000000e2800000|100%| E|CS|TAMS 0x00000000e2700000| PB 0x00000000e2700000| Complete 
| 552|0x00000000e2800000, 0x00000000e2900000, 0x00000000e2900000|100%| E|CS|TAMS 0x00000000e2800000| PB 0x00000000e2800000| Complete 
| 553|0x00000000e2900000, 0x00000000e2a00000, 0x00000000e2a00000|100%| E|CS|TAMS 0x00000000e2900000| PB 0x00000000e2900000| Complete 
| 554|0x00000000e2a00000, 0x00000000e2b00000, 0x00000000e2b00000|100%| E|CS|TAMS 0x00000000e2a00000| PB 0x00000000e2a00000| Complete 
| 555|0x00000000e2b00000, 0x00000000e2c00000, 0x00000000e2c00000|100%| E|CS|TAMS 0x00000000e2b00000| PB 0x00000000e2b00000| Complete 
| 556|0x00000000e2c00000, 0x00000000e2d00000, 0x00000000e2d00000|100%| E|CS|TAMS 0x00000000e2c00000| PB 0x00000000e2c00000| Complete 
| 557|0x00000000e2d00000, 0x00000000e2e00000, 0x00000000e2e00000|100%| E|CS|TAMS 0x00000000e2d00000| PB 0x00000000e2d00000| Complete 
| 558|0x00000000e2e00000, 0x00000000e2f00000, 0x00000000e2f00000|100%| E|CS|TAMS 0x00000000e2e00000| PB 0x00000000e2e00000| Complete 
| 559|0x00000000e2f00000, 0x00000000e3000000, 0x00000000e3000000|100%| E|CS|TAMS 0x00000000e2f00000| PB 0x00000000e2f00000| Complete 
| 560|0x00000000e3000000, 0x00000000e3100000, 0x00000000e3100000|100%| E|CS|TAMS 0x00000000e3000000| PB 0x00000000e3000000| Complete 
| 561|0x00000000e3100000, 0x00000000e3200000, 0x00000000e3200000|100%| E|CS|TAMS 0x00000000e3100000| PB 0x00000000e3100000| Complete 
| 562|0x00000000e3200000, 0x00000000e3300000, 0x00000000e3300000|100%| E|CS|TAMS 0x00000000e3200000| PB 0x00000000e3200000| Complete 
| 563|0x00000000e3300000, 0x00000000e3400000, 0x00000000e3400000|100%| E|CS|TAMS 0x00000000e3300000| PB 0x00000000e3300000| Complete 
| 564|0x00000000e3400000, 0x00000000e3500000, 0x00000000e3500000|100%| E|CS|TAMS 0x00000000e3400000| PB 0x00000000e3400000| Complete 
| 565|0x00000000e3500000, 0x00000000e3600000, 0x00000000e3600000|100%| E|CS|TAMS 0x00000000e3500000| PB 0x00000000e3500000| Complete 
| 566|0x00000000e3600000, 0x00000000e3700000, 0x00000000e3700000|100%| E|CS|TAMS 0x00000000e3600000| PB 0x00000000e3600000| Complete 
| 567|0x00000000e3700000, 0x00000000e3800000, 0x00000000e3800000|100%| E|CS|TAMS 0x00000000e3700000| PB 0x00000000e3700000| Complete 
| 568|0x00000000e3800000, 0x00000000e3900000, 0x00000000e3900000|100%| E|CS|TAMS 0x00000000e3800000| PB 0x00000000e3800000| Complete 
| 569|0x00000000e3900000, 0x00000000e3a00000, 0x00000000e3a00000|100%| E|CS|TAMS 0x00000000e3900000| PB 0x00000000e3900000| Complete 
| 570|0x00000000e3a00000, 0x00000000e3b00000, 0x00000000e3b00000|100%| E|CS|TAMS 0x00000000e3a00000| PB 0x00000000e3a00000| Complete 
| 571|0x00000000e3b00000, 0x00000000e3c00000, 0x00000000e3c00000|100%| E|CS|TAMS 0x00000000e3b00000| PB 0x00000000e3b00000| Complete 
| 572|0x00000000e3c00000, 0x00000000e3d00000, 0x00000000e3d00000|100%| E|CS|TAMS 0x00000000e3c00000| PB 0x00000000e3c00000| Complete 
| 573|0x00000000e3d00000, 0x00000000e3e00000, 0x00000000e3e00000|100%| E|CS|TAMS 0x00000000e3d00000| PB 0x00000000e3d00000| Complete 
| 574|0x00000000e3e00000, 0x00000000e3f00000, 0x00000000e3f00000|100%| E|CS|TAMS 0x00000000e3e00000| PB 0x00000000e3e00000| Complete 
| 575|0x00000000e3f00000, 0x00000000e4000000, 0x00000000e4000000|100%| E|CS|TAMS 0x00000000e3f00000| PB 0x00000000e3f00000| Complete 
| 576|0x00000000e4000000, 0x00000000e4100000, 0x00000000e4100000|100%| E|CS|TAMS 0x00000000e4000000| PB 0x00000000e4000000| Complete 
| 577|0x00000000e4100000, 0x00000000e4200000, 0x00000000e4200000|100%| E|CS|TAMS 0x00000000e4100000| PB 0x00000000e4100000| Complete 
| 578|0x00000000e4200000, 0x00000000e4300000, 0x00000000e4300000|100%| E|CS|TAMS 0x00000000e4200000| PB 0x00000000e4200000| Complete 
| 579|0x00000000e4300000, 0x00000000e4400000, 0x00000000e4400000|100%| E|CS|TAMS 0x00000000e4300000| PB 0x00000000e4300000| Complete 
| 580|0x00000000e4400000, 0x00000000e4500000, 0x00000000e4500000|100%| E|CS|TAMS 0x00000000e4400000| PB 0x00000000e4400000| Complete 
| 581|0x00000000e4500000, 0x00000000e4600000, 0x00000000e4600000|100%| E|CS|TAMS 0x00000000e4500000| PB 0x00000000e4500000| Complete 
| 582|0x00000000e4600000, 0x00000000e4700000, 0x00000000e4700000|100%| E|CS|TAMS 0x00000000e4600000| PB 0x00000000e4600000| Complete 
| 583|0x00000000e4700000, 0x00000000e4800000, 0x00000000e4800000|100%| E|CS|TAMS 0x00000000e4700000| PB 0x00000000e4700000| Complete 
| 584|0x00000000e4800000, 0x00000000e4900000, 0x00000000e4900000|100%| E|CS|TAMS 0x00000000e4800000| PB 0x00000000e4800000| Complete 
| 585|0x00000000e4900000, 0x00000000e4a00000, 0x00000000e4a00000|100%| E|CS|TAMS 0x00000000e4900000| PB 0x00000000e4900000| Complete 
| 586|0x00000000e4a00000, 0x00000000e4b00000, 0x00000000e4b00000|100%| E|CS|TAMS 0x00000000e4a00000| PB 0x00000000e4a00000| Complete 
| 587|0x00000000e4b00000, 0x00000000e4c00000, 0x00000000e4c00000|100%| E|CS|TAMS 0x00000000e4b00000| PB 0x00000000e4b00000| Complete 
| 588|0x00000000e4c00000, 0x00000000e4d00000, 0x00000000e4d00000|100%| E|CS|TAMS 0x00000000e4c00000| PB 0x00000000e4c00000| Complete 
| 589|0x00000000e4d00000, 0x00000000e4e00000, 0x00000000e4e00000|100%| E|CS|TAMS 0x00000000e4d00000| PB 0x00000000e4d00000| Complete 
| 590|0x00000000e4e00000, 0x00000000e4f00000, 0x00000000e4f00000|100%| E|CS|TAMS 0x00000000e4e00000| PB 0x00000000e4e00000| Complete 
| 591|0x00000000e4f00000, 0x00000000e5000000, 0x00000000e5000000|100%| E|CS|TAMS 0x00000000e4f00000| PB 0x00000000e4f00000| Complete 
| 592|0x00000000e5000000, 0x00000000e5100000, 0x00000000e5100000|100%| E|CS|TAMS 0x00000000e5000000| PB 0x00000000e5000000| Complete 
| 593|0x00000000e5100000, 0x00000000e5200000, 0x00000000e5200000|100%| E|CS|TAMS 0x00000000e5100000| PB 0x00000000e5100000| Complete 
| 594|0x00000000e5200000, 0x00000000e5300000, 0x00000000e5300000|100%| E|CS|TAMS 0x00000000e5200000| PB 0x00000000e5200000| Complete 
| 595|0x00000000e5300000, 0x00000000e5400000, 0x00000000e5400000|100%| E|CS|TAMS 0x00000000e5300000| PB 0x00000000e5300000| Complete 
| 596|0x00000000e5400000, 0x00000000e5500000, 0x00000000e5500000|100%| E|CS|TAMS 0x00000000e5400000| PB 0x00000000e5400000| Complete 
| 597|0x00000000e5500000, 0x00000000e5600000, 0x00000000e5600000|100%| E|CS|TAMS 0x00000000e5500000| PB 0x00000000e5500000| Complete 
| 598|0x00000000e5600000, 0x00000000e5700000, 0x00000000e5700000|100%| E|CS|TAMS 0x00000000e5600000| PB 0x00000000e5600000| Complete 
| 599|0x00000000e5700000, 0x00000000e5800000, 0x00000000e5800000|100%| E|CS|TAMS 0x00000000e5700000| PB 0x00000000e5700000| Complete 
| 600|0x00000000e5800000, 0x00000000e5900000, 0x00000000e5900000|100%| E|CS|TAMS 0x00000000e5800000| PB 0x00000000e5800000| Complete 
| 601|0x00000000e5900000, 0x00000000e5a00000, 0x00000000e5a00000|100%| E|CS|TAMS 0x00000000e5900000| PB 0x00000000e5900000| Complete 
| 602|0x00000000e5a00000, 0x00000000e5b00000, 0x00000000e5b00000|100%| E|CS|TAMS 0x00000000e5a00000| PB 0x00000000e5a00000| Complete 
| 603|0x00000000e5b00000, 0x00000000e5c00000, 0x00000000e5c00000|100%| E|CS|TAMS 0x00000000e5b00000| PB 0x00000000e5b00000| Complete 
| 604|0x00000000e5c00000, 0x00000000e5d00000, 0x00000000e5d00000|100%| E|CS|TAMS 0x00000000e5c00000| PB 0x00000000e5c00000| Complete 
| 605|0x00000000e5d00000, 0x00000000e5e00000, 0x00000000e5e00000|100%| E|CS|TAMS 0x00000000e5d00000| PB 0x00000000e5d00000| Complete 
| 606|0x00000000e5e00000, 0x00000000e5f00000, 0x00000000e5f00000|100%| E|CS|TAMS 0x00000000e5e00000| PB 0x00000000e5e00000| Complete 
| 607|0x00000000e5f00000, 0x00000000e6000000, 0x00000000e6000000|100%| E|CS|TAMS 0x00000000e5f00000| PB 0x00000000e5f00000| Complete 
| 608|0x00000000e6000000, 0x00000000e6100000, 0x00000000e6100000|100%| E|CS|TAMS 0x00000000e6000000| PB 0x00000000e6000000| Complete 
| 609|0x00000000e6100000, 0x00000000e6200000, 0x00000000e6200000|100%| E|CS|TAMS 0x00000000e6100000| PB 0x00000000e6100000| Complete 
| 610|0x00000000e6200000, 0x00000000e6300000, 0x00000000e6300000|100%| E|CS|TAMS 0x00000000e6200000| PB 0x00000000e6200000| Complete 
| 611|0x00000000e6300000, 0x00000000e6400000, 0x00000000e6400000|100%| E|CS|TAMS 0x00000000e6300000| PB 0x00000000e6300000| Complete 
| 612|0x00000000e6400000, 0x00000000e6500000, 0x00000000e6500000|100%| E|CS|TAMS 0x00000000e6400000| PB 0x00000000e6400000| Complete 
| 613|0x00000000e6500000, 0x00000000e6600000, 0x00000000e6600000|100%| E|CS|TAMS 0x00000000e6500000| PB 0x00000000e6500000| Complete 
| 614|0x00000000e6600000, 0x00000000e6700000, 0x00000000e6700000|100%| E|CS|TAMS 0x00000000e6600000| PB 0x00000000e6600000| Complete 
| 615|0x00000000e6700000, 0x00000000e6800000, 0x00000000e6800000|100%| E|CS|TAMS 0x00000000e6700000| PB 0x00000000e6700000| Complete 
| 616|0x00000000e6800000, 0x00000000e6900000, 0x00000000e6900000|100%| E|CS|TAMS 0x00000000e6800000| PB 0x00000000e6800000| Complete 
| 617|0x00000000e6900000, 0x00000000e6a00000, 0x00000000e6a00000|100%| E|CS|TAMS 0x00000000e6900000| PB 0x00000000e6900000| Complete 
| 618|0x00000000e6a00000, 0x00000000e6b00000, 0x00000000e6b00000|100%| E|CS|TAMS 0x00000000e6a00000| PB 0x00000000e6a00000| Complete 
| 619|0x00000000e6b00000, 0x00000000e6c00000, 0x00000000e6c00000|100%| E|CS|TAMS 0x00000000e6b00000| PB 0x00000000e6b00000| Complete 
| 620|0x00000000e6c00000, 0x00000000e6d00000, 0x00000000e6d00000|100%| E|CS|TAMS 0x00000000e6c00000| PB 0x00000000e6c00000| Complete 
| 621|0x00000000e6d00000, 0x00000000e6e00000, 0x00000000e6e00000|100%| E|CS|TAMS 0x00000000e6d00000| PB 0x00000000e6d00000| Complete 
| 622|0x00000000e6e00000, 0x00000000e6f00000, 0x00000000e6f00000|100%| E|CS|TAMS 0x00000000e6e00000| PB 0x00000000e6e00000| Complete 
| 623|0x00000000e6f00000, 0x00000000e7000000, 0x00000000e7000000|100%| E|CS|TAMS 0x00000000e6f00000| PB 0x00000000e6f00000| Complete 
| 624|0x00000000e7000000, 0x00000000e7100000, 0x00000000e7100000|100%| E|CS|TAMS 0x00000000e7000000| PB 0x00000000e7000000| Complete 
| 625|0x00000000e7100000, 0x00000000e7200000, 0x00000000e7200000|100%| E|CS|TAMS 0x00000000e7100000| PB 0x00000000e7100000| Complete 
| 626|0x00000000e7200000, 0x00000000e7300000, 0x00000000e7300000|100%| E|CS|TAMS 0x00000000e7200000| PB 0x00000000e7200000| Complete 
| 627|0x00000000e7300000, 0x00000000e7400000, 0x00000000e7400000|100%| E|CS|TAMS 0x00000000e7300000| PB 0x00000000e7300000| Complete 
| 628|0x00000000e7400000, 0x00000000e7500000, 0x00000000e7500000|100%| E|CS|TAMS 0x00000000e7400000| PB 0x00000000e7400000| Complete 
| 629|0x00000000e7500000, 0x00000000e7600000, 0x00000000e7600000|100%| E|CS|TAMS 0x00000000e7500000| PB 0x00000000e7500000| Complete 
| 630|0x00000000e7600000, 0x00000000e7700000, 0x00000000e7700000|100%| E|CS|TAMS 0x00000000e7600000| PB 0x00000000e7600000| Complete 
| 631|0x00000000e7700000, 0x00000000e7800000, 0x00000000e7800000|100%| E|CS|TAMS 0x00000000e7700000| PB 0x00000000e7700000| Complete 
| 632|0x00000000e7800000, 0x00000000e7900000, 0x00000000e7900000|100%| E|CS|TAMS 0x00000000e7800000| PB 0x00000000e7800000| Complete 
| 633|0x00000000e7900000, 0x00000000e7a00000, 0x00000000e7a00000|100%| E|CS|TAMS 0x00000000e7900000| PB 0x00000000e7900000| Complete 
| 634|0x00000000e7a00000, 0x00000000e7b00000, 0x00000000e7b00000|100%| E|CS|TAMS 0x00000000e7a00000| PB 0x00000000e7a00000| Complete 
| 635|0x00000000e7b00000, 0x00000000e7c00000, 0x00000000e7c00000|100%| E|CS|TAMS 0x00000000e7b00000| PB 0x00000000e7b00000| Complete 
| 636|0x00000000e7c00000, 0x00000000e7d00000, 0x00000000e7d00000|100%| E|CS|TAMS 0x00000000e7c00000| PB 0x00000000e7c00000| Complete 
| 637|0x00000000e7d00000, 0x00000000e7e00000, 0x00000000e7e00000|100%| E|CS|TAMS 0x00000000e7d00000| PB 0x00000000e7d00000| Complete 
| 638|0x00000000e7e00000, 0x00000000e7f00000, 0x00000000e7f00000|100%| E|CS|TAMS 0x00000000e7e00000| PB 0x00000000e7e00000| Complete 
| 639|0x00000000e7f00000, 0x00000000e8000000, 0x00000000e8000000|100%| E|CS|TAMS 0x00000000e7f00000| PB 0x00000000e7f00000| Complete 
| 640|0x00000000e8000000, 0x00000000e8100000, 0x00000000e8100000|100%| E|CS|TAMS 0x00000000e8000000| PB 0x00000000e8000000| Complete 
| 641|0x00000000e8100000, 0x00000000e8200000, 0x00000000e8200000|100%| E|CS|TAMS 0x00000000e8100000| PB 0x00000000e8100000| Complete 
| 642|0x00000000e8200000, 0x00000000e8300000, 0x00000000e8300000|100%| E|CS|TAMS 0x00000000e8200000| PB 0x00000000e8200000| Complete 
| 643|0x00000000e8300000, 0x00000000e8400000, 0x00000000e8400000|100%| E|CS|TAMS 0x00000000e8300000| PB 0x00000000e8300000| Complete 
| 644|0x00000000e8400000, 0x00000000e8500000, 0x00000000e8500000|100%| E|CS|TAMS 0x00000000e8400000| PB 0x00000000e8400000| Complete 
| 645|0x00000000e8500000, 0x00000000e8600000, 0x00000000e8600000|100%| E|CS|TAMS 0x00000000e8500000| PB 0x00000000e8500000| Complete 
| 646|0x00000000e8600000, 0x00000000e8700000, 0x00000000e8700000|100%| E|CS|TAMS 0x00000000e8600000| PB 0x00000000e8600000| Complete 
| 647|0x00000000e8700000, 0x00000000e8800000, 0x00000000e8800000|100%| E|CS|TAMS 0x00000000e8700000| PB 0x00000000e8700000| Complete 
| 648|0x00000000e8800000, 0x00000000e8900000, 0x00000000e8900000|100%| E|CS|TAMS 0x00000000e8800000| PB 0x00000000e8800000| Complete 
| 649|0x00000000e8900000, 0x00000000e8a00000, 0x00000000e8a00000|100%| E|CS|TAMS 0x00000000e8900000| PB 0x00000000e8900000| Complete 
| 650|0x00000000e8a00000, 0x00000000e8b00000, 0x00000000e8b00000|100%| E|CS|TAMS 0x00000000e8a00000| PB 0x00000000e8a00000| Complete 
| 651|0x00000000e8b00000, 0x00000000e8c00000, 0x00000000e8c00000|100%| E|CS|TAMS 0x00000000e8b00000| PB 0x00000000e8b00000| Complete 
| 652|0x00000000e8c00000, 0x00000000e8d00000, 0x00000000e8d00000|100%| E|CS|TAMS 0x00000000e8c00000| PB 0x00000000e8c00000| Complete 
| 653|0x00000000e8d00000, 0x00000000e8e00000, 0x00000000e8e00000|100%| E|CS|TAMS 0x00000000e8d00000| PB 0x00000000e8d00000| Complete 
| 654|0x00000000e8e00000, 0x00000000e8f00000, 0x00000000e8f00000|100%| E|CS|TAMS 0x00000000e8e00000| PB 0x00000000e8e00000| Complete 
| 655|0x00000000e8f00000, 0x00000000e9000000, 0x00000000e9000000|100%| E|CS|TAMS 0x00000000e8f00000| PB 0x00000000e8f00000| Complete 
| 656|0x00000000e9000000, 0x00000000e9100000, 0x00000000e9100000|100%| E|CS|TAMS 0x00000000e9000000| PB 0x00000000e9000000| Complete 
| 657|0x00000000e9100000, 0x00000000e9200000, 0x00000000e9200000|100%| E|CS|TAMS 0x00000000e9100000| PB 0x00000000e9100000| Complete 
| 658|0x00000000e9200000, 0x00000000e9300000, 0x00000000e9300000|100%| E|CS|TAMS 0x00000000e9200000| PB 0x00000000e9200000| Complete 
| 659|0x00000000e9300000, 0x00000000e9400000, 0x00000000e9400000|100%| E|CS|TAMS 0x00000000e9300000| PB 0x00000000e9300000| Complete 
| 660|0x00000000e9400000, 0x00000000e9500000, 0x00000000e9500000|100%| E|CS|TAMS 0x00000000e9400000| PB 0x00000000e9400000| Complete 
| 661|0x00000000e9500000, 0x00000000e9600000, 0x00000000e9600000|100%| E|CS|TAMS 0x00000000e9500000| PB 0x00000000e9500000| Complete 
| 662|0x00000000e9600000, 0x00000000e9700000, 0x00000000e9700000|100%| E|CS|TAMS 0x00000000e9600000| PB 0x00000000e9600000| Complete 
| 663|0x00000000e9700000, 0x00000000e9800000, 0x00000000e9800000|100%| E|CS|TAMS 0x00000000e9700000| PB 0x00000000e9700000| Complete 
| 664|0x00000000e9800000, 0x00000000e9900000, 0x00000000e9900000|100%| E|CS|TAMS 0x00000000e9800000| PB 0x00000000e9800000| Complete 
| 665|0x00000000e9900000, 0x00000000e9a00000, 0x00000000e9a00000|100%| E|CS|TAMS 0x00000000e9900000| PB 0x00000000e9900000| Complete 
| 666|0x00000000e9a00000, 0x00000000e9b00000, 0x00000000e9b00000|100%| E|CS|TAMS 0x00000000e9a00000| PB 0x00000000e9a00000| Complete 
| 667|0x00000000e9b00000, 0x00000000e9c00000, 0x00000000e9c00000|100%| E|CS|TAMS 0x00000000e9b00000| PB 0x00000000e9b00000| Complete 
| 668|0x00000000e9c00000, 0x00000000e9d00000, 0x00000000e9d00000|100%| E|CS|TAMS 0x00000000e9c00000| PB 0x00000000e9c00000| Complete 
| 669|0x00000000e9d00000, 0x00000000e9e00000, 0x00000000e9e00000|100%| E|CS|TAMS 0x00000000e9d00000| PB 0x00000000e9d00000| Complete 
| 670|0x00000000e9e00000, 0x00000000e9f00000, 0x00000000e9f00000|100%| E|CS|TAMS 0x00000000e9e00000| PB 0x00000000e9e00000| Complete 
| 671|0x00000000e9f00000, 0x00000000ea000000, 0x00000000ea000000|100%| E|CS|TAMS 0x00000000e9f00000| PB 0x00000000e9f00000| Complete 
| 672|0x00000000ea000000, 0x00000000ea100000, 0x00000000ea100000|100%| E|CS|TAMS 0x00000000ea000000| PB 0x00000000ea000000| Complete 
| 673|0x00000000ea100000, 0x00000000ea200000, 0x00000000ea200000|100%| E|CS|TAMS 0x00000000ea100000| PB 0x00000000ea100000| Complete 
| 674|0x00000000ea200000, 0x00000000ea300000, 0x00000000ea300000|100%| E|CS|TAMS 0x00000000ea200000| PB 0x00000000ea200000| Complete 
| 675|0x00000000ea300000, 0x00000000ea400000, 0x00000000ea400000|100%| E|CS|TAMS 0x00000000ea300000| PB 0x00000000ea300000| Complete 
| 676|0x00000000ea400000, 0x00000000ea500000, 0x00000000ea500000|100%| E|CS|TAMS 0x00000000ea400000| PB 0x00000000ea400000| Complete 
| 677|0x00000000ea500000, 0x00000000ea600000, 0x00000000ea600000|100%| E|CS|TAMS 0x00000000ea500000| PB 0x00000000ea500000| Complete 
| 678|0x00000000ea600000, 0x00000000ea700000, 0x00000000ea700000|100%| E|CS|TAMS 0x00000000ea600000| PB 0x00000000ea600000| Complete 
| 679|0x00000000ea700000, 0x00000000ea800000, 0x00000000ea800000|100%| E|CS|TAMS 0x00000000ea700000| PB 0x00000000ea700000| Complete 
| 680|0x00000000ea800000, 0x00000000ea900000, 0x00000000ea900000|100%| E|CS|TAMS 0x00000000ea800000| PB 0x00000000ea800000| Complete 
| 681|0x00000000ea900000, 0x00000000eaa00000, 0x00000000eaa00000|100%| E|CS|TAMS 0x00000000ea900000| PB 0x00000000ea900000| Complete 
| 682|0x00000000eaa00000, 0x00000000eab00000, 0x00000000eab00000|100%| E|CS|TAMS 0x00000000eaa00000| PB 0x00000000eaa00000| Complete 
| 683|0x00000000eab00000, 0x00000000eac00000, 0x00000000eac00000|100%| E|CS|TAMS 0x00000000eab00000| PB 0x00000000eab00000| Complete 
| 684|0x00000000eac00000, 0x00000000ead00000, 0x00000000ead00000|100%| E|CS|TAMS 0x00000000eac00000| PB 0x00000000eac00000| Complete 
| 685|0x00000000ead00000, 0x00000000eae00000, 0x00000000eae00000|100%| E|CS|TAMS 0x00000000ead00000| PB 0x00000000ead00000| Complete 
| 686|0x00000000eae00000, 0x00000000eaf00000, 0x00000000eaf00000|100%| E|CS|TAMS 0x00000000eae00000| PB 0x00000000eae00000| Complete 
| 687|0x00000000eaf00000, 0x00000000eb000000, 0x00000000eb000000|100%| E|CS|TAMS 0x00000000eaf00000| PB 0x00000000eaf00000| Complete 
| 688|0x00000000eb000000, 0x00000000eb100000, 0x00000000eb100000|100%| E|CS|TAMS 0x00000000eb000000| PB 0x00000000eb000000| Complete 
| 689|0x00000000eb100000, 0x00000000eb200000, 0x00000000eb200000|100%| E|CS|TAMS 0x00000000eb100000| PB 0x00000000eb100000| Complete 
| 690|0x00000000eb200000, 0x00000000eb300000, 0x00000000eb300000|100%| E|CS|TAMS 0x00000000eb200000| PB 0x00000000eb200000| Complete 
| 691|0x00000000eb300000, 0x00000000eb400000, 0x00000000eb400000|100%| E|CS|TAMS 0x00000000eb300000| PB 0x00000000eb300000| Complete 
| 692|0x00000000eb400000, 0x00000000eb500000, 0x00000000eb500000|100%| E|CS|TAMS 0x00000000eb400000| PB 0x00000000eb400000| Complete 
| 693|0x00000000eb500000, 0x00000000eb600000, 0x00000000eb600000|100%| E|CS|TAMS 0x00000000eb500000| PB 0x00000000eb500000| Complete 
| 694|0x00000000eb600000, 0x00000000eb700000, 0x00000000eb700000|100%| E|CS|TAMS 0x00000000eb600000| PB 0x00000000eb600000| Complete 
| 695|0x00000000eb700000, 0x00000000eb800000, 0x00000000eb800000|100%| E|CS|TAMS 0x00000000eb700000| PB 0x00000000eb700000| Complete 
| 696|0x00000000eb800000, 0x00000000eb900000, 0x00000000eb900000|100%| E|CS|TAMS 0x00000000eb800000| PB 0x00000000eb800000| Complete 
| 697|0x00000000eb900000, 0x00000000eba00000, 0x00000000eba00000|100%| E|CS|TAMS 0x00000000eb900000| PB 0x00000000eb900000| Complete 
| 698|0x00000000eba00000, 0x00000000ebb00000, 0x00000000ebb00000|100%| E|CS|TAMS 0x00000000eba00000| PB 0x00000000eba00000| Complete 
| 699|0x00000000ebb00000, 0x00000000ebc00000, 0x00000000ebc00000|100%| E|CS|TAMS 0x00000000ebb00000| PB 0x00000000ebb00000| Complete 
| 700|0x00000000ebc00000, 0x00000000ebd00000, 0x00000000ebd00000|100%| E|CS|TAMS 0x00000000ebc00000| PB 0x00000000ebc00000| Complete 
| 701|0x00000000ebd00000, 0x00000000ebe00000, 0x00000000ebe00000|100%| E|CS|TAMS 0x00000000ebd00000| PB 0x00000000ebd00000| Complete 
| 702|0x00000000ebe00000, 0x00000000ebf00000, 0x00000000ebf00000|100%| E|CS|TAMS 0x00000000ebe00000| PB 0x00000000ebe00000| Complete 
| 703|0x00000000ebf00000, 0x00000000ec000000, 0x00000000ec000000|100%| E|CS|TAMS 0x00000000ebf00000| PB 0x00000000ebf00000| Complete 
| 704|0x00000000ec000000, 0x00000000ec100000, 0x00000000ec100000|100%| E|CS|TAMS 0x00000000ec000000| PB 0x00000000ec000000| Complete 
| 705|0x00000000ec100000, 0x00000000ec200000, 0x00000000ec200000|100%| E|CS|TAMS 0x00000000ec100000| PB 0x00000000ec100000| Complete 
| 706|0x00000000ec200000, 0x00000000ec300000, 0x00000000ec300000|100%| E|CS|TAMS 0x00000000ec200000| PB 0x00000000ec200000| Complete 
| 707|0x00000000ec300000, 0x00000000ec400000, 0x00000000ec400000|100%| E|CS|TAMS 0x00000000ec300000| PB 0x00000000ec300000| Complete 
| 708|0x00000000ec400000, 0x00000000ec500000, 0x00000000ec500000|100%| E|CS|TAMS 0x00000000ec400000| PB 0x00000000ec400000| Complete 
| 709|0x00000000ec500000, 0x00000000ec600000, 0x00000000ec600000|100%| E|CS|TAMS 0x00000000ec500000| PB 0x00000000ec500000| Complete 
| 710|0x00000000ec600000, 0x00000000ec700000, 0x00000000ec700000|100%| E|CS|TAMS 0x00000000ec600000| PB 0x00000000ec600000| Complete 
| 711|0x00000000ec700000, 0x00000000ec800000, 0x00000000ec800000|100%| E|CS|TAMS 0x00000000ec700000| PB 0x00000000ec700000| Complete 
| 712|0x00000000ec800000, 0x00000000ec900000, 0x00000000ec900000|100%| E|CS|TAMS 0x00000000ec800000| PB 0x00000000ec800000| Complete 
| 713|0x00000000ec900000, 0x00000000eca00000, 0x00000000eca00000|100%| E|CS|TAMS 0x00000000ec900000| PB 0x00000000ec900000| Complete 
| 714|0x00000000eca00000, 0x00000000ecb00000, 0x00000000ecb00000|100%| E|CS|TAMS 0x00000000eca00000| PB 0x00000000eca00000| Complete 
| 715|0x00000000ecb00000, 0x00000000ecc00000, 0x00000000ecc00000|100%| E|CS|TAMS 0x00000000ecb00000| PB 0x00000000ecb00000| Complete 
| 716|0x00000000ecc00000, 0x00000000ecd00000, 0x00000000ecd00000|100%| E|CS|TAMS 0x00000000ecc00000| PB 0x00000000ecc00000| Complete 
| 717|0x00000000ecd00000, 0x00000000ece00000, 0x00000000ece00000|100%| E|CS|TAMS 0x00000000ecd00000| PB 0x00000000ecd00000| Complete 
| 718|0x00000000ece00000, 0x00000000ecf00000, 0x00000000ecf00000|100%| E|CS|TAMS 0x00000000ece00000| PB 0x00000000ece00000| Complete 
| 719|0x00000000ecf00000, 0x00000000ed000000, 0x00000000ed000000|100%| E|CS|TAMS 0x00000000ecf00000| PB 0x00000000ecf00000| Complete 
| 720|0x00000000ed000000, 0x00000000ed100000, 0x00000000ed100000|100%| E|CS|TAMS 0x00000000ed000000| PB 0x00000000ed000000| Complete 
| 721|0x00000000ed100000, 0x00000000ed200000, 0x00000000ed200000|100%| E|CS|TAMS 0x00000000ed100000| PB 0x00000000ed100000| Complete 
| 722|0x00000000ed200000, 0x00000000ed300000, 0x00000000ed300000|100%| E|CS|TAMS 0x00000000ed200000| PB 0x00000000ed200000| Complete 
| 723|0x00000000ed300000, 0x00000000ed400000, 0x00000000ed400000|100%| E|CS|TAMS 0x00000000ed300000| PB 0x00000000ed300000| Complete 
| 724|0x00000000ed400000, 0x00000000ed500000, 0x00000000ed500000|100%| E|CS|TAMS 0x00000000ed400000| PB 0x00000000ed400000| Complete 
| 725|0x00000000ed500000, 0x00000000ed600000, 0x00000000ed600000|100%| E|CS|TAMS 0x00000000ed500000| PB 0x00000000ed500000| Complete 
| 726|0x00000000ed600000, 0x00000000ed700000, 0x00000000ed700000|100%| E|CS|TAMS 0x00000000ed600000| PB 0x00000000ed600000| Complete 
| 727|0x00000000ed700000, 0x00000000ed800000, 0x00000000ed800000|100%| E|CS|TAMS 0x00000000ed700000| PB 0x00000000ed700000| Complete 
| 728|0x00000000ed800000, 0x00000000ed900000, 0x00000000ed900000|100%| E|CS|TAMS 0x00000000ed800000| PB 0x00000000ed800000| Complete 
| 729|0x00000000ed900000, 0x00000000eda00000, 0x00000000eda00000|100%| E|CS|TAMS 0x00000000ed900000| PB 0x00000000ed900000| Complete 
| 730|0x00000000eda00000, 0x00000000edb00000, 0x00000000edb00000|100%| E|CS|TAMS 0x00000000eda00000| PB 0x00000000eda00000| Complete 
| 731|0x00000000edb00000, 0x00000000edc00000, 0x00000000edc00000|100%| E|CS|TAMS 0x00000000edb00000| PB 0x00000000edb00000| Complete 
| 732|0x00000000edc00000, 0x00000000edd00000, 0x00000000edd00000|100%| E|CS|TAMS 0x00000000edc00000| PB 0x00000000edc00000| Complete 
| 733|0x00000000edd00000, 0x00000000ede00000, 0x00000000ede00000|100%| E|CS|TAMS 0x00000000edd00000| PB 0x00000000edd00000| Complete 
| 734|0x00000000ede00000, 0x00000000edf00000, 0x00000000edf00000|100%| E|CS|TAMS 0x00000000ede00000| PB 0x00000000ede00000| Complete 
| 735|0x00000000edf00000, 0x00000000ee000000, 0x00000000ee000000|100%| E|CS|TAMS 0x00000000edf00000| PB 0x00000000edf00000| Complete 
| 736|0x00000000ee000000, 0x00000000ee100000, 0x00000000ee100000|100%| E|CS|TAMS 0x00000000ee000000| PB 0x00000000ee000000| Complete 
| 737|0x00000000ee100000, 0x00000000ee200000, 0x00000000ee200000|100%| E|CS|TAMS 0x00000000ee100000| PB 0x00000000ee100000| Complete 
| 738|0x00000000ee200000, 0x00000000ee300000, 0x00000000ee300000|100%| E|CS|TAMS 0x00000000ee200000| PB 0x00000000ee200000| Complete 
| 739|0x00000000ee300000, 0x00000000ee400000, 0x00000000ee400000|100%| E|CS|TAMS 0x00000000ee300000| PB 0x00000000ee300000| Complete 
| 740|0x00000000ee400000, 0x00000000ee500000, 0x00000000ee500000|100%| E|CS|TAMS 0x00000000ee400000| PB 0x00000000ee400000| Complete 
| 741|0x00000000ee500000, 0x00000000ee600000, 0x00000000ee600000|100%| E|CS|TAMS 0x00000000ee500000| PB 0x00000000ee500000| Complete 
| 742|0x00000000ee600000, 0x00000000ee700000, 0x00000000ee700000|100%| E|CS|TAMS 0x00000000ee600000| PB 0x00000000ee600000| Complete 
| 743|0x00000000ee700000, 0x00000000ee800000, 0x00000000ee800000|100%| E|CS|TAMS 0x00000000ee700000| PB 0x00000000ee700000| Complete 
| 744|0x00000000ee800000, 0x00000000ee900000, 0x00000000ee900000|100%| E|CS|TAMS 0x00000000ee800000| PB 0x00000000ee800000| Complete 
| 745|0x00000000ee900000, 0x00000000eea00000, 0x00000000eea00000|100%| E|CS|TAMS 0x00000000ee900000| PB 0x00000000ee900000| Complete 
| 746|0x00000000eea00000, 0x00000000eeb00000, 0x00000000eeb00000|100%| E|CS|TAMS 0x00000000eea00000| PB 0x00000000eea00000| Complete 
| 747|0x00000000eeb00000, 0x00000000eec00000, 0x00000000eec00000|100%| E|CS|TAMS 0x00000000eeb00000| PB 0x00000000eeb00000| Complete 
| 748|0x00000000eec00000, 0x00000000eed00000, 0x00000000eed00000|100%| E|CS|TAMS 0x00000000eec00000| PB 0x00000000eec00000| Complete 
| 749|0x00000000eed00000, 0x00000000eee00000, 0x00000000eee00000|100%| E|CS|TAMS 0x00000000eed00000| PB 0x00000000eed00000| Complete 
| 750|0x00000000eee00000, 0x00000000eef00000, 0x00000000eef00000|100%| E|CS|TAMS 0x00000000eee00000| PB 0x00000000eee00000| Complete 
| 751|0x00000000eef00000, 0x00000000ef000000, 0x00000000ef000000|100%| E|CS|TAMS 0x00000000eef00000| PB 0x00000000eef00000| Complete 
| 752|0x00000000ef000000, 0x00000000ef100000, 0x00000000ef100000|100%| E|CS|TAMS 0x00000000ef000000| PB 0x00000000ef000000| Complete 
| 753|0x00000000ef100000, 0x00000000ef200000, 0x00000000ef200000|100%| E|CS|TAMS 0x00000000ef100000| PB 0x00000000ef100000| Complete 
| 754|0x00000000ef200000, 0x00000000ef300000, 0x00000000ef300000|100%| E|CS|TAMS 0x00000000ef200000| PB 0x00000000ef200000| Complete 
| 755|0x00000000ef300000, 0x00000000ef400000, 0x00000000ef400000|100%| E|CS|TAMS 0x00000000ef300000| PB 0x00000000ef300000| Complete 
| 756|0x00000000ef400000, 0x00000000ef500000, 0x00000000ef500000|100%| E|CS|TAMS 0x00000000ef400000| PB 0x00000000ef400000| Complete 
| 757|0x00000000ef500000, 0x00000000ef600000, 0x00000000ef600000|100%| E|CS|TAMS 0x00000000ef500000| PB 0x00000000ef500000| Complete 
| 758|0x00000000ef600000, 0x00000000ef700000, 0x00000000ef700000|100%| E|CS|TAMS 0x00000000ef600000| PB 0x00000000ef600000| Complete 
| 759|0x00000000ef700000, 0x00000000ef800000, 0x00000000ef800000|100%| E|CS|TAMS 0x00000000ef700000| PB 0x00000000ef700000| Complete 
| 760|0x00000000ef800000, 0x00000000ef900000, 0x00000000ef900000|100%| E|CS|TAMS 0x00000000ef800000| PB 0x00000000ef800000| Complete 
| 761|0x00000000ef900000, 0x00000000efa00000, 0x00000000efa00000|100%| E|CS|TAMS 0x00000000ef900000| PB 0x00000000ef900000| Complete 
| 762|0x00000000efa00000, 0x00000000efb00000, 0x00000000efb00000|100%| E|CS|TAMS 0x00000000efa00000| PB 0x00000000efa00000| Complete 
| 763|0x00000000efb00000, 0x00000000efc00000, 0x00000000efc00000|100%| E|CS|TAMS 0x00000000efb00000| PB 0x00000000efb00000| Complete 
| 764|0x00000000efc00000, 0x00000000efd00000, 0x00000000efd00000|100%| E|CS|TAMS 0x00000000efc00000| PB 0x00000000efc00000| Complete 
| 765|0x00000000efd00000, 0x00000000efe00000, 0x00000000efe00000|100%| E|CS|TAMS 0x00000000efd00000| PB 0x00000000efd00000| Complete 
| 766|0x00000000efe00000, 0x00000000eff00000, 0x00000000eff00000|100%| E|CS|TAMS 0x00000000efe00000| PB 0x00000000efe00000| Complete 
| 767|0x00000000eff00000, 0x00000000f0000000, 0x00000000f0000000|100%| E|CS|TAMS 0x00000000eff00000| PB 0x00000000eff00000| Complete 
| 768|0x00000000f0000000, 0x00000000f0100000, 0x00000000f0100000|100%| E|CS|TAMS 0x00000000f0000000| PB 0x00000000f0000000| Complete 
| 769|0x00000000f0100000, 0x00000000f0200000, 0x00000000f0200000|100%| E|CS|TAMS 0x00000000f0100000| PB 0x00000000f0100000| Complete 
| 770|0x00000000f0200000, 0x00000000f0300000, 0x00000000f0300000|100%| E|CS|TAMS 0x00000000f0200000| PB 0x00000000f0200000| Complete 
| 771|0x00000000f0300000, 0x00000000f0400000, 0x00000000f0400000|100%| E|CS|TAMS 0x00000000f0300000| PB 0x00000000f0300000| Complete 
| 772|0x00000000f0400000, 0x00000000f0500000, 0x00000000f0500000|100%| E|CS|TAMS 0x00000000f0400000| PB 0x00000000f0400000| Complete 
| 773|0x00000000f0500000, 0x00000000f0600000, 0x00000000f0600000|100%| E|CS|TAMS 0x00000000f0500000| PB 0x00000000f0500000| Complete 
| 774|0x00000000f0600000, 0x00000000f0700000, 0x00000000f0700000|100%| E|CS|TAMS 0x00000000f0600000| PB 0x00000000f0600000| Complete 
| 775|0x00000000f0700000, 0x00000000f0800000, 0x00000000f0800000|100%| E|CS|TAMS 0x00000000f0700000| PB 0x00000000f0700000| Complete 
| 776|0x00000000f0800000, 0x00000000f0900000, 0x00000000f0900000|100%| E|CS|TAMS 0x00000000f0800000| PB 0x00000000f0800000| Complete 
| 777|0x00000000f0900000, 0x00000000f0a00000, 0x00000000f0a00000|100%| E|CS|TAMS 0x00000000f0900000| PB 0x00000000f0900000| Complete 
| 778|0x00000000f0a00000, 0x00000000f0b00000, 0x00000000f0b00000|100%| E|CS|TAMS 0x00000000f0a00000| PB 0x00000000f0a00000| Complete 
| 779|0x00000000f0b00000, 0x00000000f0c00000, 0x00000000f0c00000|100%| E|CS|TAMS 0x00000000f0b00000| PB 0x00000000f0b00000| Complete 
| 780|0x00000000f0c00000, 0x00000000f0d00000, 0x00000000f0d00000|100%| E|CS|TAMS 0x00000000f0c00000| PB 0x00000000f0c00000| Complete 
| 781|0x00000000f0d00000, 0x00000000f0e00000, 0x00000000f0e00000|100%| E|CS|TAMS 0x00000000f0d00000| PB 0x00000000f0d00000| Complete 
| 782|0x00000000f0e00000, 0x00000000f0f00000, 0x00000000f0f00000|100%| E|CS|TAMS 0x00000000f0e00000| PB 0x00000000f0e00000| Complete 
| 783|0x00000000f0f00000, 0x00000000f1000000, 0x00000000f1000000|100%| E|CS|TAMS 0x00000000f0f00000| PB 0x00000000f0f00000| Complete 
| 784|0x00000000f1000000, 0x00000000f1100000, 0x00000000f1100000|100%| E|CS|TAMS 0x00000000f1000000| PB 0x00000000f1000000| Complete 
| 785|0x00000000f1100000, 0x00000000f1200000, 0x00000000f1200000|100%| E|CS|TAMS 0x00000000f1100000| PB 0x00000000f1100000| Complete 
| 786|0x00000000f1200000, 0x00000000f1300000, 0x00000000f1300000|100%| E|CS|TAMS 0x00000000f1200000| PB 0x00000000f1200000| Complete 
| 787|0x00000000f1300000, 0x00000000f1400000, 0x00000000f1400000|100%| E|CS|TAMS 0x00000000f1300000| PB 0x00000000f1300000| Complete 
| 788|0x00000000f1400000, 0x00000000f1500000, 0x00000000f1500000|100%| E|CS|TAMS 0x00000000f1400000| PB 0x00000000f1400000| Complete 
| 789|0x00000000f1500000, 0x00000000f1600000, 0x00000000f1600000|100%| E|CS|TAMS 0x00000000f1500000| PB 0x00000000f1500000| Complete 
| 790|0x00000000f1600000, 0x00000000f1700000, 0x00000000f1700000|100%| E|CS|TAMS 0x00000000f1600000| PB 0x00000000f1600000| Complete 
| 791|0x00000000f1700000, 0x00000000f1800000, 0x00000000f1800000|100%| E|CS|TAMS 0x00000000f1700000| PB 0x00000000f1700000| Complete 
| 792|0x00000000f1800000, 0x00000000f1900000, 0x00000000f1900000|100%| E|CS|TAMS 0x00000000f1800000| PB 0x00000000f1800000| Complete 
| 793|0x00000000f1900000, 0x00000000f1a00000, 0x00000000f1a00000|100%| E|CS|TAMS 0x00000000f1900000| PB 0x00000000f1900000| Complete 
| 794|0x00000000f1a00000, 0x00000000f1b00000, 0x00000000f1b00000|100%| E|CS|TAMS 0x00000000f1a00000| PB 0x00000000f1a00000| Complete 
| 795|0x00000000f1b00000, 0x00000000f1c00000, 0x00000000f1c00000|100%| E|CS|TAMS 0x00000000f1b00000| PB 0x00000000f1b00000| Complete 
| 796|0x00000000f1c00000, 0x00000000f1d00000, 0x00000000f1d00000|100%| E|CS|TAMS 0x00000000f1c00000| PB 0x00000000f1c00000| Complete 
| 797|0x00000000f1d00000, 0x00000000f1e00000, 0x00000000f1e00000|100%| E|CS|TAMS 0x00000000f1d00000| PB 0x00000000f1d00000| Complete 
| 798|0x00000000f1e00000, 0x00000000f1f00000, 0x00000000f1f00000|100%| E|CS|TAMS 0x00000000f1e00000| PB 0x00000000f1e00000| Complete 
| 799|0x00000000f1f00000, 0x00000000f2000000, 0x00000000f2000000|100%| E|CS|TAMS 0x00000000f1f00000| PB 0x00000000f1f00000| Complete 
| 800|0x00000000f2000000, 0x00000000f2100000, 0x00000000f2100000|100%| E|CS|TAMS 0x00000000f2000000| PB 0x00000000f2000000| Complete 
| 801|0x00000000f2100000, 0x00000000f2200000, 0x00000000f2200000|100%| E|CS|TAMS 0x00000000f2100000| PB 0x00000000f2100000| Complete 
| 802|0x00000000f2200000, 0x00000000f2300000, 0x00000000f2300000|100%| E|CS|TAMS 0x00000000f2200000| PB 0x00000000f2200000| Complete 
| 803|0x00000000f2300000, 0x00000000f2400000, 0x00000000f2400000|100%| E|CS|TAMS 0x00000000f2300000| PB 0x00000000f2300000| Complete 
| 804|0x00000000f2400000, 0x00000000f2500000, 0x00000000f2500000|100%| E|CS|TAMS 0x00000000f2400000| PB 0x00000000f2400000| Complete 
| 805|0x00000000f2500000, 0x00000000f2600000, 0x00000000f2600000|100%| E|CS|TAMS 0x00000000f2500000| PB 0x00000000f2500000| Complete 
| 806|0x00000000f2600000, 0x00000000f2700000, 0x00000000f2700000|100%| E|CS|TAMS 0x00000000f2600000| PB 0x00000000f2600000| Complete 
| 807|0x00000000f2700000, 0x00000000f2800000, 0x00000000f2800000|100%| E|CS|TAMS 0x00000000f2700000| PB 0x00000000f2700000| Complete 
| 808|0x00000000f2800000, 0x00000000f2900000, 0x00000000f2900000|100%| E|CS|TAMS 0x00000000f2800000| PB 0x00000000f2800000| Complete 
| 809|0x00000000f2900000, 0x00000000f2a00000, 0x00000000f2a00000|100%| E|CS|TAMS 0x00000000f2900000| PB 0x00000000f2900000| Complete 
| 810|0x00000000f2a00000, 0x00000000f2b00000, 0x00000000f2b00000|100%| E|  |TAMS 0x00000000f2a00000| PB 0x00000000f2a00000| Complete 
| 811|0x00000000f2b00000, 0x00000000f2c00000, 0x00000000f2c00000|100%| E|CS|TAMS 0x00000000f2b00000| PB 0x00000000f2b00000| Complete 
| 812|0x00000000f2c00000, 0x00000000f2d00000, 0x00000000f2d00000|100%| E|CS|TAMS 0x00000000f2c00000| PB 0x00000000f2c00000| Complete 
| 813|0x00000000f2d00000, 0x00000000f2e00000, 0x00000000f2e00000|100%| E|CS|TAMS 0x00000000f2d00000| PB 0x00000000f2d00000| Complete 
| 814|0x00000000f2e00000, 0x00000000f2f00000, 0x00000000f2f00000|100%| E|CS|TAMS 0x00000000f2e00000| PB 0x00000000f2e00000| Complete 
| 815|0x00000000f2f00000, 0x00000000f3000000, 0x00000000f3000000|100%| E|CS|TAMS 0x00000000f2f00000| PB 0x00000000f2f00000| Complete 
| 816|0x00000000f3000000, 0x00000000f3100000, 0x00000000f3100000|100%| E|CS|TAMS 0x00000000f3000000| PB 0x00000000f3000000| Complete 
| 817|0x00000000f3100000, 0x00000000f3200000, 0x00000000f3200000|100%| E|CS|TAMS 0x00000000f3100000| PB 0x00000000f3100000| Complete 
| 818|0x00000000f3200000, 0x00000000f3300000, 0x00000000f3300000|100%| E|CS|TAMS 0x00000000f3200000| PB 0x00000000f3200000| Complete 
| 819|0x00000000f3300000, 0x00000000f3400000, 0x00000000f3400000|100%| E|CS|TAMS 0x00000000f3300000| PB 0x00000000f3300000| Complete 
| 820|0x00000000f3400000, 0x00000000f3500000, 0x00000000f3500000|100%| E|CS|TAMS 0x00000000f3400000| PB 0x00000000f3400000| Complete 
| 821|0x00000000f3500000, 0x00000000f3600000, 0x00000000f3600000|100%| E|CS|TAMS 0x00000000f3500000| PB 0x00000000f3500000| Complete 
| 822|0x00000000f3600000, 0x00000000f3700000, 0x00000000f3700000|100%| E|CS|TAMS 0x00000000f3600000| PB 0x00000000f3600000| Complete 
| 823|0x00000000f3700000, 0x00000000f3800000, 0x00000000f3800000|100%| E|CS|TAMS 0x00000000f3700000| PB 0x00000000f3700000| Complete 
| 824|0x00000000f3800000, 0x00000000f3900000, 0x00000000f3900000|100%| E|CS|TAMS 0x00000000f3800000| PB 0x00000000f3800000| Complete 
| 825|0x00000000f3900000, 0x00000000f3a00000, 0x00000000f3a00000|100%| E|CS|TAMS 0x00000000f3900000| PB 0x00000000f3900000| Complete 
| 826|0x00000000f3a00000, 0x00000000f3b00000, 0x00000000f3b00000|100%| E|CS|TAMS 0x00000000f3a00000| PB 0x00000000f3a00000| Complete 
| 827|0x00000000f3b00000, 0x00000000f3c00000, 0x00000000f3c00000|100%| E|CS|TAMS 0x00000000f3b00000| PB 0x00000000f3b00000| Complete 
| 828|0x00000000f3c00000, 0x00000000f3d00000, 0x00000000f3d00000|100%| E|CS|TAMS 0x00000000f3c00000| PB 0x00000000f3c00000| Complete 
| 829|0x00000000f3d00000, 0x00000000f3e00000, 0x00000000f3e00000|100%| E|CS|TAMS 0x00000000f3d00000| PB 0x00000000f3d00000| Complete 
| 830|0x00000000f3e00000, 0x00000000f3f00000, 0x00000000f3f00000|100%| E|CS|TAMS 0x00000000f3e00000| PB 0x00000000f3e00000| Complete 
| 831|0x00000000f3f00000, 0x00000000f4000000, 0x00000000f4000000|100%| E|CS|TAMS 0x00000000f3f00000| PB 0x00000000f3f00000| Complete 
| 832|0x00000000f4000000, 0x00000000f4100000, 0x00000000f4100000|100%| E|CS|TAMS 0x00000000f4000000| PB 0x00000000f4000000| Complete 
| 833|0x00000000f4100000, 0x00000000f4200000, 0x00000000f4200000|100%| E|CS|TAMS 0x00000000f4100000| PB 0x00000000f4100000| Complete 
| 834|0x00000000f4200000, 0x00000000f4300000, 0x00000000f4300000|100%| E|CS|TAMS 0x00000000f4200000| PB 0x00000000f4200000| Complete 
| 835|0x00000000f4300000, 0x00000000f4400000, 0x00000000f4400000|100%| E|CS|TAMS 0x00000000f4300000| PB 0x00000000f4300000| Complete 

Card table byte_map: [0x0000017669570000,0x0000017669770000] _byte_map_base: 0x0000017668f70000

Marking Bits: (CMBitMap*) 0x000001765178c9f0
 Bits: [0x0000017669770000, 0x000001766a770000)

Polling page: 0x000001764f510000

Metaspace:

Usage:
  Non-class:     18.96 MB used.
      Class:      3.12 MB used.
       Both:     22.08 MB used.

Virtual space:
  Non-class space:       64.00 MB reserved,      19.19 MB ( 30%) committed,  1 nodes.
      Class space:        1.00 GB reserved,       3.31 MB ( <1%) committed,  1 nodes.
             Both:        1.06 GB reserved,      22.50 MB (  2%) committed. 

Chunk freelists:
   Non-Class:  12.01 MB
       Class:  12.65 MB
        Both:  24.67 MB

MaxMetaspaceSize: unlimited
CompressedClassSpaceSize: 1.00 GB
Initial GC threshold: 21.00 MB
Current GC threshold: 37.44 MB
CDS: on
 - commit_granule_bytes: 65536.
 - commit_granule_words: 8192.
 - virtual_space_node_default_size: 8388608.
 - enlarge_chunks_in_place: 1.
 - use_allocation_guard: 0.


Internal statistics:

num_allocs_failed_limit: 0.
num_arena_births: 530.
num_arena_deaths: 262.
num_vsnodes_births: 2.
num_vsnodes_deaths: 0.
num_space_committed: 360.
num_space_uncommitted: 0.
num_chunks_returned_to_freelist: 387.
num_chunks_taken_from_freelist: 1580.
num_chunk_merges: 153.
num_chunk_splits: 907.
num_chunks_enlarged: 556.
num_inconsistent_stats: 0.

CodeHeap 'non-profiled nmethods': size=120000Kb used=5057Kb max_used=5057Kb free=114942Kb
 bounds [0x00000176618f0000, 0x0000017661df0000, 0x0000017668e20000]
CodeHeap 'profiled nmethods': size=120000Kb used=14432Kb max_used=14513Kb free=105567Kb
 bounds [0x0000017659e20000, 0x000001765ac90000, 0x0000017661350000]
CodeHeap 'non-nmethods': size=5760Kb used=1421Kb max_used=1497Kb free=4338Kb
 bounds [0x0000017661350000, 0x00000176615c0000, 0x00000176618f0000]
CodeCache: size=245760Kb, used=20910Kb, max_used=21067Kb, free=224847Kb
 total_blobs=7234, nmethods=6734, adapters=402, full_count=0
Compilation: enabled, stopped_count=0, restarted_count=0

Compilation events (20 events):
Event: 10.836 Thread 0x0000017672c5ed70 nmethod 9274 0x0000017661dd6a10 code [0x0000017661dd6bc0, 0x0000017661dd6da0]
Event: 10.836 Thread 0x0000017672c5ed70 9250       4       com.android.tools.r8.internal.nB::a (3928 bytes)
Event: 10.836 Thread 0x000001766d5d3750 9277 %     3       com.android.tools.r8.internal.MF::a @ 78 (990 bytes)
Event: 10.838 Thread 0x0000017672ea0370 nmethod 9270 0x0000017661dd6f90 code [0x0000017661dd7240, 0x0000017661dd7e98]
Event: 10.838 Thread 0x0000017672ea0370 5954       4       com.android.tools.r8.internal.US::a (3042 bytes)
Event: 10.839 Thread 0x000001766d5d0320 nmethod 9263 0x0000017661dd8a90 code [0x0000017661dd8ce0, 0x0000017661dda348]
Event: 10.839 Thread 0x000001766d5d0320 5924       4       com.android.tools.r8.internal.U60::a (372 bytes)
Event: 10.839 Thread 0x000001766d5d3750 nmethod 9277% 0x000001765a0b3810 code [0x000001765a0b3ce0, 0x000001765a0b6f50]
Event: 10.840 Thread 0x000001766d5d3750 9279       3       com.android.tools.r8.internal.MF::a (990 bytes)
Event: 10.843 Thread 0x000001766d5d3750 nmethod 9279 0x000001765a63c310 code [0x000001765a63c7e0, 0x000001765a63f8b0]
Event: 10.862 Thread 0x000001766d5d3750 9281       3       com.android.tools.r8.internal.ph::<init> (40 bytes)
Event: 10.863 Thread 0x000001766d5d3750 nmethod 9281 0x000001765aa4d390 code [0x000001765aa4d540, 0x000001765aa4d760]
Event: 10.867 Thread 0x000001766d5d3750 9282       2       com.android.tools.r8.internal.TY$$Lambda/0x0000017601358000::get (8 bytes)
Event: 10.868 Thread 0x000001766d5d3750 nmethod 9282 0x000001765a63be90 code [0x000001765a63c040, 0x000001765a63c260]
Event: 10.870 Thread 0x000001766d5d3750 9283 %     3       java.util.HashMap$TreeNode::treeify @ 64 (221 bytes)
Event: 10.871 Thread 0x000001766d5d3750 nmethod 9283% 0x000001765aa66e10 code [0x000001765aa67080, 0x000001765aa67d88]
Event: 10.883 Thread 0x000001766d5d3750 9285       3       com.android.tools.r8.internal.Jr0$$Lambda/0x0000017601326a30::a (11 bytes)
Event: 10.883 Thread 0x000001766d5d3750 nmethod 9285 0x000001765a63b910 code [0x000001765a63bac0, 0x000001765a63bda8]
Event: 10.914 Thread 0x000001766d5d3750 9286       3       com.android.tools.r8.internal.F0::clear (55 bytes)
Event: 10.914 Thread 0x000001766d5d3750 nmethod 9286 0x000001765a591710 code [0x000001765a591920, 0x000001765a591fc8]

GC Heap History (20 events):
Event: 9.116 GC heap before
{Heap before GC invocations=47 (full 0):
 garbage-first heap   total 847872K, used 782688K [0x00000000c0000000, 0x0000000100000000)
  region size 1024K, 381 young (390144K), 20 survivors (20480K)
 Metaspace       used 22527K, committed 22912K, reserved 1114112K
  class space    used 3191K, committed 3392K, reserved 1048576K
}
Event: 9.125 GC heap after
{Heap after GC invocations=48 (full 0):
 garbage-first heap   total 847872K, used 416735K [0x00000000c0000000, 0x0000000100000000)
  region size 1024K, 21 young (21504K), 21 survivors (21504K)
 Metaspace       used 22527K, committed 22912K, reserved 1114112K
  class space    used 3191K, committed 3392K, reserved 1048576K
}
Event: 9.346 GC heap before
{Heap before GC invocations=48 (full 0):
 garbage-first heap   total 847872K, used 782303K [0x00000000c0000000, 0x0000000100000000)
  region size 1024K, 378 young (387072K), 21 survivors (21504K)
 Metaspace       used 22540K, committed 22912K, reserved 1114112K
  class space    used 3191K, committed 3392K, reserved 1048576K
}
Event: 9.356 GC heap after
{Heap after GC invocations=49 (full 0):
 garbage-first heap   total 847872K, used 418460K [0x00000000c0000000, 0x0000000100000000)
  region size 1024K, 22 young (22528K), 22 survivors (22528K)
 Metaspace       used 22540K, committed 22912K, reserved 1114112K
  class space    used 3191K, committed 3392K, reserved 1048576K
}
Event: 9.516 GC heap before
{Heap before GC invocations=50 (full 0):
 garbage-first heap   total 847872K, used 779932K [0x00000000c0000000, 0x0000000100000000)
  region size 1024K, 376 young (385024K), 22 survivors (22528K)
 Metaspace       used 22555K, committed 22976K, reserved 1114112K
  class space    used 3191K, committed 3392K, reserved 1048576K
}
Event: 9.527 GC heap after
{Heap after GC invocations=51 (full 0):
 garbage-first heap   total 847872K, used 421309K [0x00000000c0000000, 0x0000000100000000)
  region size 1024K, 23 young (23552K), 23 survivors (23552K)
 Metaspace       used 22555K, committed 22976K, reserved 1114112K
  class space    used 3191K, committed 3392K, reserved 1048576K
}
Event: 9.681 GC heap before
{Heap before GC invocations=51 (full 0):
 garbage-first heap   total 847872K, used 779709K [0x00000000c0000000, 0x0000000100000000)
  region size 1024K, 374 young (382976K), 23 survivors (23552K)
 Metaspace       used 22565K, committed 22976K, reserved 1114112K
  class space    used 3191K, committed 3392K, reserved 1048576K
}
Event: 9.694 GC heap after
{Heap after GC invocations=52 (full 0):
 garbage-first heap   total 847872K, used 412072K [0x00000000c0000000, 0x0000000100000000)
  region size 1024K, 25 young (25600K), 25 survivors (25600K)
 Metaspace       used 22565K, committed 22976K, reserved 1114112K
  class space    used 3191K, committed 3392K, reserved 1048576K
}
Event: 9.852 GC heap before
{Heap before GC invocations=52 (full 0):
 garbage-first heap   total 847872K, used 777640K [0x00000000c0000000, 0x0000000100000000)
  region size 1024K, 383 young (392192K), 25 survivors (25600K)
 Metaspace       used 22583K, committed 22976K, reserved 1114112K
  class space    used 3191K, committed 3392K, reserved 1048576K
}
Event: 9.862 GC heap after
{Heap after GC invocations=53 (full 0):
 garbage-first heap   total 847872K, used 412420K [0x00000000c0000000, 0x0000000100000000)
  region size 1024K, 24 young (24576K), 24 survivors (24576K)
 Metaspace       used 22583K, committed 22976K, reserved 1114112K
  class space    used 3191K, committed 3392K, reserved 1048576K
}
Event: 10.091 GC heap before
{Heap before GC invocations=53 (full 0):
 garbage-first heap   total 847872K, used 777988K [0x00000000c0000000, 0x0000000100000000)
  region size 1024K, 382 young (391168K), 24 survivors (24576K)
 Metaspace       used 22585K, committed 22976K, reserved 1114112K
  class space    used 3191K, committed 3392K, reserved 1048576K
}
Event: 10.101 GC heap after
{Heap after GC invocations=54 (full 0):
 garbage-first heap   total 847872K, used 412952K [0x00000000c0000000, 0x0000000100000000)
  region size 1024K, 23 young (23552K), 23 survivors (23552K)
 Metaspace       used 22585K, committed 22976K, reserved 1114112K
  class space    used 3191K, committed 3392K, reserved 1048576K
}
Event: 10.301 GC heap before
{Heap before GC invocations=54 (full 0):
 garbage-first heap   total 847872K, used 779544K [0x00000000c0000000, 0x0000000100000000)
  region size 1024K, 382 young (391168K), 23 survivors (23552K)
 Metaspace       used 22586K, committed 22976K, reserved 1114112K
  class space    used 3191K, committed 3392K, reserved 1048576K
}
Event: 10.312 GC heap after
{Heap after GC invocations=55 (full 0):
 garbage-first heap   total 847872K, used 415826K [0x00000000c0000000, 0x0000000100000000)
  region size 1024K, 25 young (25600K), 25 survivors (25600K)
 Metaspace       used 22586K, committed 22976K, reserved 1114112K
  class space    used 3191K, committed 3392K, reserved 1048576K
}
Event: 10.480 GC heap before
{Heap before GC invocations=56 (full 0):
 garbage-first heap   total 847872K, used 777298K [0x00000000c0000000, 0x0000000100000000)
  region size 1024K, 379 young (388096K), 25 survivors (25600K)
 Metaspace       used 22594K, committed 23040K, reserved 1114112K
  class space    used 3191K, committed 3392K, reserved 1048576K
}
Event: 10.490 GC heap after
{Heap after GC invocations=57 (full 0):
 garbage-first heap   total 847872K, used 416523K [0x00000000c0000000, 0x0000000100000000)
  region size 1024K, 24 young (24576K), 24 survivors (24576K)
 Metaspace       used 22594K, committed 23040K, reserved 1114112K
  class space    used 3191K, committed 3392K, reserved 1048576K
}
Event: 10.633 GC heap before
{Heap before GC invocations=57 (full 0):
 garbage-first heap   total 847872K, used 779019K [0x00000000c0000000, 0x0000000100000000)
  region size 1024K, 379 young (388096K), 24 survivors (24576K)
 Metaspace       used 22597K, committed 23040K, reserved 1114112K
  class space    used 3191K, committed 3392K, reserved 1048576K
}
Event: 10.647 GC heap after
{Heap after GC invocations=58 (full 0):
 garbage-first heap   total 856064K, used 399217K [0x00000000c0000000, 0x0000000100000000)
  region size 1024K, 24 young (24576K), 24 survivors (24576K)
 Metaspace       used 22597K, committed 23040K, reserved 1114112K
  class space    used 3191K, committed 3392K, reserved 1048576K
}
Event: 10.798 GC heap before
{Heap before GC invocations=58 (full 0):
 garbage-first heap   total 856064K, used 786289K [0x00000000c0000000, 0x0000000100000000)
  region size 1024K, 403 young (412672K), 24 survivors (24576K)
 Metaspace       used 22612K, committed 23040K, reserved 1114112K
  class space    used 3195K, committed 3392K, reserved 1048576K
}
Event: 10.809 GC heap after
{Heap after GC invocations=59 (full 0):
 garbage-first heap   total 856064K, used 402528K [0x00000000c0000000, 0x0000000100000000)
  region size 1024K, 25 young (25600K), 25 survivors (25600K)
 Metaspace       used 22612K, committed 23040K, reserved 1114112K
  class space    used 3195K, committed 3392K, reserved 1048576K
}

Dll operation events (7 events):
Event: 0.009 Loaded shared library C:\Program Files\Android\openjdk\jdk-21.0.8\bin\java.dll
Event: 0.031 Loaded shared library C:\Program Files\Android\openjdk\jdk-21.0.8\bin\jsvml.dll
Event: 0.045 Loaded shared library C:\Program Files\Android\openjdk\jdk-21.0.8\bin\net.dll
Event: 0.047 Loaded shared library C:\Program Files\Android\openjdk\jdk-21.0.8\bin\nio.dll
Event: 0.055 Loaded shared library C:\Program Files\Android\openjdk\jdk-21.0.8\bin\zip.dll
Event: 0.175 Loaded shared library C:\Program Files\Android\openjdk\jdk-21.0.8\bin\jimage.dll
Event: 0.993 Loaded shared library C:\Program Files\Android\openjdk\jdk-21.0.8\bin\verify.dll

Deoptimization events (20 events):
Event: 10.836 Thread 0x00000176722b1eb0 Uncommon trap: trap_request=0xffffff45 fr.pc=0x0000017661b1de4c relative=0x000000000000232c
Event: 10.836 Thread 0x00000176722b1eb0 Uncommon trap: reason=unstable_if action=reinterpret pc=0x0000017661b1de4c method=com.android.tools.r8.internal.MF.a(ILjava/lang/Object;)Ljava/lang/Object; @ 609 c2
Event: 10.836 Thread 0x00000176722b1eb0 DEOPT PACKING pc=0x0000017661b1de4c sp=0x00000031d20fdcf0
Event: 10.836 Thread 0x00000176722b1eb0 DEOPT UNPACKING pc=0x00000176613a46a2 sp=0x00000031d20fdcb0 mode 2
Event: 10.850 Thread 0x00000176722b1820 DEOPT PACKING pc=0x000001765ac751f1 sp=0x00000031d1ffe460
Event: 10.850 Thread 0x00000176722b1820 DEOPT UNPACKING pc=0x00000176613a4e42 sp=0x00000031d1ffd9c0 mode 0
Event: 10.873 Thread 0x00000176722b1eb0 DEOPT PACKING pc=0x000001765ac751f1 sp=0x00000031d20fded0
Event: 10.873 Thread 0x00000176722b1eb0 DEOPT UNPACKING pc=0x00000176613a4e42 sp=0x00000031d20fd430 mode 0
Event: 10.886 Thread 0x00000176722b1eb0 Uncommon trap: trap_request=0xffffffde fr.pc=0x0000017661c73b68 relative=0x00000000000017c8
Event: 10.886 Thread 0x00000176722b1eb0 Uncommon trap: reason=class_check action=maybe_recompile pc=0x0000017661c73b68 method=com.android.tools.r8.internal.kb.a(Lcom/android/tools/r8/internal/nB;IIZ)V @ 233 c2
Event: 10.886 Thread 0x00000176722b1eb0 DEOPT PACKING pc=0x0000017661c73b68 sp=0x00000031d20fdd90
Event: 10.886 Thread 0x00000176722b1eb0 DEOPT UNPACKING pc=0x00000176613a46a2 sp=0x00000031d20fdd68 mode 2
Event: 10.891 Thread 0x00000176722b1eb0 DEOPT PACKING pc=0x000001765ac751f1 sp=0x00000031d20fded0
Event: 10.891 Thread 0x00000176722b1eb0 DEOPT UNPACKING pc=0x00000176613a4e42 sp=0x00000031d20fd430 mode 0
Event: 10.896 Thread 0x00000176722b1820 DEOPT PACKING pc=0x000001765ac7f9ca sp=0x00000031d1ffdeb0
Event: 10.896 Thread 0x00000176722b1820 DEOPT UNPACKING pc=0x00000176613a4e42 sp=0x00000031d1ffd4a0 mode 0
Event: 10.901 Thread 0x00000176722b0470 DEOPT PACKING pc=0x000001765a0d97b0 sp=0x00000031d1bfe230
Event: 10.901 Thread 0x00000176722b0470 DEOPT UNPACKING pc=0x00000176613a4e42 sp=0x00000031d1bfda90 mode 0
Event: 10.913 Thread 0x00000176722b2540 DEOPT PACKING pc=0x000001765ac751f1 sp=0x00000031d21fe420
Event: 10.913 Thread 0x00000176722b2540 DEOPT UNPACKING pc=0x00000176613a4e42 sp=0x00000031d21fd980 mode 0

Classes loaded (20 events):
Event: 3.974 Loading class sun/reflect/generics/tree/ClassSignature
Event: 3.975 Loading class sun/reflect/generics/tree/Signature
Event: 3.975 Loading class sun/reflect/generics/tree/Signature done
Event: 3.975 Loading class sun/reflect/generics/tree/ClassSignature done
Event: 3.975 Loading class sun/reflect/generics/visitor/Reifier
Event: 3.975 Loading class sun/reflect/generics/visitor/TypeTreeVisitor
Event: 3.975 Loading class sun/reflect/generics/visitor/TypeTreeVisitor done
Event: 3.975 Loading class sun/reflect/generics/visitor/Reifier done
Event: 3.976 Loading class sun/reflect/generics/reflectiveObjects/ParameterizedTypeImpl
Event: 3.976 Loading class java/lang/reflect/ParameterizedType
Event: 3.976 Loading class java/lang/reflect/ParameterizedType done
Event: 3.976 Loading class sun/reflect/generics/reflectiveObjects/ParameterizedTypeImpl done
Event: 3.976 Loading class sun/reflect/generics/reflectiveObjects/TypeVariableImpl
Event: 3.976 Loading class sun/reflect/generics/reflectiveObjects/LazyReflectiveObjectGenerator
Event: 3.976 Loading class sun/reflect/generics/reflectiveObjects/LazyReflectiveObjectGenerator done
Event: 3.976 Loading class sun/reflect/generics/reflectiveObjects/TypeVariableImpl done
Event: 4.010 Loading class java/util/ComparableTimSort
Event: 4.011 Loading class java/util/ComparableTimSort done
Event: 4.531 Loading class java/util/ArrayList$ListItr
Event: 4.539 Loading class java/util/ArrayList$ListItr done

Classes unloaded (20 events):
Event: 8.234 Thread 0x000001766d591600 Unloading class 0x000001760122e400 'java/lang/invoke/LambdaForm$DMH+0x000001760122e400'
Event: 8.234 Thread 0x000001766d591600 Unloading class 0x000001760122e000 'java/lang/invoke/LambdaForm$DMH+0x000001760122e000'
Event: 8.234 Thread 0x000001766d591600 Unloading class 0x000001760122d800 'java/lang/invoke/LambdaForm$DMH+0x000001760122d800'
Event: 8.234 Thread 0x000001766d591600 Unloading class 0x000001760122d400 'java/lang/invoke/LambdaForm$DMH+0x000001760122d400'
Event: 8.234 Thread 0x000001766d591600 Unloading class 0x000001760122dc00 'java/lang/invoke/LambdaForm$DMH+0x000001760122dc00'
Event: 8.234 Thread 0x000001766d591600 Unloading class 0x000001760122cc00 'java/lang/invoke/LambdaForm$DMH+0x000001760122cc00'
Event: 8.234 Thread 0x000001766d591600 Unloading class 0x000001760122d000 'java/lang/invoke/LambdaForm$DMH+0x000001760122d000'
Event: 8.234 Thread 0x000001766d591600 Unloading class 0x000001760122c000 'java/lang/invoke/LambdaForm$DMH+0x000001760122c000'
Event: 8.234 Thread 0x000001766d591600 Unloading class 0x000001760122c800 'java/lang/invoke/LambdaForm$DMH+0x000001760122c800'
Event: 8.234 Thread 0x000001766d591600 Unloading class 0x0000017601222c00 'java/lang/invoke/LambdaForm$DMH+0x0000017601222c00'
Event: 8.234 Thread 0x000001766d591600 Unloading class 0x0000017601222800 'java/lang/invoke/LambdaForm$DMH+0x0000017601222800'
Event: 8.234 Thread 0x000001766d591600 Unloading class 0x0000017601222400 'java/lang/invoke/LambdaForm$DMH+0x0000017601222400'
Event: 8.234 Thread 0x000001766d591600 Unloading class 0x0000017601222000 'java/lang/invoke/LambdaForm$DMH+0x0000017601222000'
Event: 8.234 Thread 0x000001766d591600 Unloading class 0x0000017601221c00 'java/lang/invoke/LambdaForm$DMH+0x0000017601221c00'
Event: 8.234 Thread 0x000001766d591600 Unloading class 0x0000017601221400 'java/lang/invoke/LambdaForm$DMH+0x0000017601221400'
Event: 8.234 Thread 0x000001766d591600 Unloading class 0x0000017601221800 'java/lang/invoke/LambdaForm$DMH+0x0000017601221800'
Event: 8.234 Thread 0x000001766d591600 Unloading class 0x0000017601221000 'java/lang/invoke/LambdaForm$DMH+0x0000017601221000'
Event: 8.234 Thread 0x000001766d591600 Unloading class 0x0000017601220800 'java/lang/invoke/LambdaForm$DMH+0x0000017601220800'
Event: 8.234 Thread 0x000001766d591600 Unloading class 0x0000017601220c00 'java/lang/invoke/LambdaForm$DMH+0x0000017601220c00'
Event: 8.234 Thread 0x000001766d591600 Unloading class 0x0000017601220400 'java/lang/invoke/LambdaForm$DMH+0x0000017601220400'

Classes redefined (0 events):
No events

Internal exceptions (20 events):
Event: 3.918 Thread 0x000001766d5b85f0 Exception <a 'java/lang/NoSuchMethodError'{0x00000000e9438258}: 'int java.lang.invoke.DirectMethodHandle$Holder.invokeSpecial(java.lang.Object, java.lang.Object, int)'> (0x00000000e9438258) 
thrown [s\src\hotspot\share\interpreter\linkResolver.cpp, line 773]
Event: 3.923 Thread 0x000001766d5b9310 Exception <a 'java/lang/NoSuchMethodError'{0x00000000e93ee668}: 'int java.lang.invoke.DirectMethodHandle$Holder.invokeSpecialIFC(java.lang.Object, java.lang.Object, java.lang.Object, java.lang.Object)'> (0x00000000e93ee668) 
thrown [s\src\hotspot\share\interpreter\linkResolver.cpp, line 773]
Event: 3.923 Thread 0x000001766d5ba030 Exception <a 'java/lang/NoSuchMethodError'{0x00000000e9377960}: 'int java.lang.invoke.DirectMethodHandle$Holder.invokeSpecialIFC(java.lang.Object, java.lang.Object, java.lang.Object, java.lang.Object)'> (0x00000000e9377960) 
thrown [s\src\hotspot\share\interpreter\linkResolver.cpp, line 773]
Event: 3.924 Thread 0x000001766d5b85f0 Exception <a 'java/lang/NoSuchMethodError'{0x00000000e9105a20}: 'java.lang.Object java.lang.invoke.DirectMethodHandle$Holder.newInvokeSpecial(java.lang.Object, java.lang.Object, java.lang.Object, java.lang.Object, java.lang.Object, java.lang.Object, int)'> (0x00000000e9105a20) 
thrown [s\src\hotspot\share\interpreter\linkResolver.cpp, line 773]
Event: 3.924 Thread 0x00000176722b0470 Exception <a 'java/lang/NoSuchMethodError'{0x00000000e96aeeb0}: 'int java.lang.invoke.DirectMethodHandle$Holder.invokeSpecialIFC(java.lang.Object, java.lang.Object, java.lang.Object, java.lang.Object)'> (0x00000000e96aeeb0) 
thrown [s\src\hotspot\share\interpreter\linkResolver.cpp, line 773]
Event: 3.924 Thread 0x000001766d5b85f0 Exception <a 'java/lang/NoSuchMethodError'{0x00000000e910a028}: 'java.lang.Object java.lang.invoke.DirectMethodHandle$Holder.invokeSpecial(java.lang.Object, java.lang.Object, java.lang.Object, java.lang.Object, java.lang.Object, java.lang.Object, java.lang.Object, int)'> (0x00000000e910a028) 
thrown [s\src\hotspot\share\interpreter\linkResolver.cpp, line 773]
Event: 3.928 Thread 0x00000176722b1190 Exception <a 'java/lang/NoSuchMethodError'{0x00000000e91c5380}: 'int java.lang.invoke.DirectMethodHandle$Holder.invokeInterface(java.lang.Object, java.lang.Object, int)'> (0x00000000e91c5380) 
thrown [s\src\hotspot\share\interpreter\linkResolver.cpp, line 773]
Event: 3.929 Thread 0x00000176722b0470 Exception <a 'java/lang/NoSuchMethodError'{0x00000000e90d92a8}: 'int java.lang.invoke.DirectMethodHandle$Holder.invokeInterface(java.lang.Object, java.lang.Object, int)'> (0x00000000e90d92a8) 
thrown [s\src\hotspot\share\interpreter\linkResolver.cpp, line 773]
Event: 3.930 Thread 0x00000176722b3260 Exception <a 'java/lang/NoSuchMethodError'{0x00000000e9181678}: 'int java.lang.invoke.DirectMethodHandle$Holder.invokeInterface(java.lang.Object, java.lang.Object, int)'> (0x00000000e9181678) 
thrown [s\src\hotspot\share\interpreter\linkResolver.cpp, line 773]
Event: 3.932 Thread 0x00000176722b0470 Exception <a 'java/lang/NoSuchMethodError'{0x00000000e90dece8}: 'void java.lang.invoke.DirectMethodHandle$Holder.invokeStatic(java.lang.Object, int)'> (0x00000000e90dece8) 
thrown [s\src\hotspot\share\interpreter\linkResolver.cpp, line 773]
Event: 3.933 Thread 0x00000176722b1190 Exception <a 'java/lang/NoSuchMethodError'{0x00000000e91ce8a8}: 'void java.lang.invoke.DirectMethodHandle$Holder.invokeStatic(java.lang.Object, int)'> (0x00000000e91ce8a8) 
thrown [s\src\hotspot\share\interpreter\linkResolver.cpp, line 773]
Event: 3.942 Thread 0x000001766d5b85f0 Exception <a 'java/lang/NoSuchMethodError'{0x00000000e9141c18}: 'java.lang.Object java.lang.invoke.DirectMethodHandle$Holder.invokeSpecialIFC(java.lang.Object, java.lang.Object, java.lang.Object, java.lang.Object)'> (0x00000000e9141c18) 
thrown [s\src\hotspot\share\interpreter\linkResolver.cpp, line 773]
Event: 3.942 Thread 0x000001766d5b9310 Exception <a 'java/lang/NoSuchMethodError'{0x00000000e8d93600}: 'java.lang.Object java.lang.invoke.DirectMethodHandle$Holder.invokeSpecialIFC(java.lang.Object, java.lang.Object, java.lang.Object, java.lang.Object)'> (0x00000000e8d93600) 
thrown [s\src\hotspot\share\interpreter\linkResolver.cpp, line 773]
Event: 3.946 Thread 0x000001766d5b9310 Exception <a 'java/lang/NoSuchMethodError'{0x00000000e8d9fdb8}: 'void java.lang.invoke.DirectMethodHandle$Holder.invokeSpecialIFC(java.lang.Object, java.lang.Object, java.lang.Object, java.lang.Object)'> (0x00000000e8d9fdb8) 
thrown [s\src\hotspot\share\interpreter\linkResolver.cpp, line 773]
Event: 3.950 Thread 0x00000176722b0470 Exception <a 'java/lang/NoSuchMethodError'{0x00000000e8cfba28}: 'java.lang.Object java.lang.invoke.DirectMethodHandle$Holder.invokeInterface(java.lang.Object, java.lang.Object, int)'> (0x00000000e8cfba28) 
thrown [s\src\hotspot\share\interpreter\linkResolver.cpp, line 773]
Event: 3.969 Thread 0x000001766d5b9310 Exception <a 'java/lang/NoSuchMethodError'{0x00000000e81c0f50}: 'java.lang.Object java.lang.invoke.DirectMethodHandle$Holder.newInvokeSpecial(java.lang.Object, java.lang.Object, java.lang.Object, java.lang.Object, int)'> (0x00000000e81c0f50) 
thrown [s\src\hotspot\share\interpreter\linkResolver.cpp, line 773]
Event: 3.970 Thread 0x000001766d5b9310 Exception <a 'java/lang/NoSuchMethodError'{0x00000000e81c4fd0}: 'java.lang.Object java.lang.invoke.DirectMethodHandle$Holder.invokeSpecial(java.lang.Object, java.lang.Object, java.lang.Object, java.lang.Object, java.lang.Object, int)'> (0x00000000e81c4fd0) 
thrown [s\src\hotspot\share\interpreter\linkResolver.cpp, line 773]
Event: 3.970 Thread 0x000001766d5b9310 Exception <a 'java/lang/NoSuchMethodError'{0x00000000e81c8860}: 'java.lang.Object java.lang.invoke.Invokers$Holder.linkToTargetMethod(java.lang.Object, java.lang.Object, java.lang.Object, int, java.lang.Object)'> (0x00000000e81c8860) 
thrown [s\src\hotspot\share\interpreter\linkResolver.cpp, line 773]
Event: 3.993 Thread 0x000001766d5b85f0 Exception <a 'java/lang/NoSuchMethodError'{0x00000000e7986e78}: 'void java.lang.invoke.DirectMethodHandle$Holder.invokeStatic(java.lang.Object, java.lang.Object, java.lang.Object, java.lang.Object, java.lang.Object, java.lang.Object, java.lang.Object)'> (0x00000000e7986e78) 
thrown [s\src\hotspot\share\interpreter\linkResolver.cpp, line 773]
Event: 6.720 Thread 0x000001766d5b99a0 Implicit null exception at 0x0000017661a4cc3b to 0x0000017661a4cc9c

ZGC Phase Switch (0 events):
No events

VM Operations (20 events):
Event: 9.516 Executing VM operation: G1CollectForAllocation (G1 Evacuation Pause)
Event: 9.527 Executing VM operation: G1CollectForAllocation (G1 Evacuation Pause) done
Event: 9.681 Executing VM operation: G1CollectForAllocation (G1 Evacuation Pause)
Event: 9.694 Executing VM operation: G1CollectForAllocation (G1 Evacuation Pause) done
Event: 9.852 Executing VM operation: G1CollectForAllocation (G1 Evacuation Pause)
Event: 9.862 Executing VM operation: G1CollectForAllocation (G1 Evacuation Pause) done
Event: 10.091 Executing VM operation: G1CollectForAllocation (G1 Evacuation Pause)
Event: 10.101 Executing VM operation: G1CollectForAllocation (G1 Evacuation Pause) done
Event: 10.163 Executing VM operation: G1PauseRemark
Event: 10.169 Executing VM operation: G1PauseRemark done
Event: 10.301 Executing VM operation: G1CollectForAllocation (G1 Evacuation Pause)
Event: 10.312 Executing VM operation: G1CollectForAllocation (G1 Evacuation Pause) done
Event: 10.372 Executing VM operation: G1PauseCleanup
Event: 10.373 Executing VM operation: G1PauseCleanup done
Event: 10.480 Executing VM operation: G1CollectForAllocation (G1 Evacuation Pause)
Event: 10.490 Executing VM operation: G1CollectForAllocation (G1 Evacuation Pause) done
Event: 10.632 Executing VM operation: G1CollectForAllocation (G1 Evacuation Pause)
Event: 10.647 Executing VM operation: G1CollectForAllocation (G1 Evacuation Pause) done
Event: 10.798 Executing VM operation: G1CollectForAllocation (G1 Evacuation Pause)
Event: 10.809 Executing VM operation: G1CollectForAllocation (G1 Evacuation Pause) done

Memory protections (0 events):
No events

Nmethod flushes (20 events):
Event: 10.168 Thread 0x000001766d591600 flushing  nmethod 0x000001765a5d0e90
Event: 10.168 Thread 0x000001766d591600 flushing  nmethod 0x000001765a636390
Event: 10.168 Thread 0x000001766d591600 flushing  nmethod 0x000001765a636710
Event: 10.168 Thread 0x000001766d591600 flushing  nmethod 0x000001765a63b910
Event: 10.168 Thread 0x000001766d591600 flushing  nmethod 0x000001765a65f610
Event: 10.168 Thread 0x000001766d591600 flushing  nmethod 0x000001765a67e510
Event: 10.168 Thread 0x000001766d591600 flushing  nmethod 0x000001765a682a90
Event: 10.168 Thread 0x000001766d591600 flushing  nmethod 0x000001765a683a90
Event: 10.168 Thread 0x000001766d591600 flushing  nmethod 0x000001765a6aab10
Event: 10.168 Thread 0x000001766d591600 flushing  nmethod 0x000001765a830610
Event: 10.168 Thread 0x000001766d591600 flushing  nmethod 0x000001765aa92310
Event: 10.168 Thread 0x000001766d591600 flushing  nmethod 0x000001765aa95990
Event: 10.168 Thread 0x000001766d591600 flushing  nmethod 0x0000017661cf1e10
Event: 10.168 Thread 0x000001766d591600 flushing  nmethod 0x0000017661d02290
Event: 10.168 Thread 0x000001766d591600 flushing  nmethod 0x0000017661d16510
Event: 10.168 Thread 0x000001766d591600 flushing  nmethod 0x000001765a280c90
Event: 10.168 Thread 0x000001766d591600 flushing  nmethod 0x000001765a590f90
Event: 10.168 Thread 0x000001766d591600 flushing  nmethod 0x000001765a749190
Event: 10.168 Thread 0x000001766d591600 flushing  nmethod 0x000001765aa3d510
Event: 10.168 Thread 0x000001766d591600 flushing  nmethod 0x000001765aa51390

Events (20 events):
Event: 0.040 Thread 0x000001764f20af00 Thread added: 0x000001766d5b78d0
Event: 0.042 Thread 0x000001764f20af00 Thread added: 0x000001766d5b7f60
Event: 0.073 Thread 0x000001766d5d3750 Thread added: 0x000001766d78c5d0
Event: 0.076 Thread 0x000001766d5d3750 Thread added: 0x000001766d81d1d0
Event: 0.920 Thread 0x000001766d81d1d0 Thread exited: 0x000001766d81d1d0
Event: 0.920 Thread 0x000001766d78c5d0 Thread exited: 0x000001766d78c5d0
Event: 0.990 Thread 0x000001764f20af00 Thread added: 0x000001766d5b85f0
Event: 0.991 Thread 0x000001764f20af00 Thread added: 0x000001766d5b9310
Event: 0.991 Thread 0x000001766d5b85f0 Thread added: 0x000001766d5b99a0
Event: 0.991 Thread 0x000001766d5b9310 Thread added: 0x000001766d5ba030
Event: 0.991 Thread 0x000001766d5b99a0 Thread added: 0x00000176722b2bd0
Event: 0.991 Thread 0x000001764f20af00 Thread added: 0x00000176722b0470
Event: 0.991 Thread 0x000001766d5ba030 Thread added: 0x00000176722b0b00
Event: 0.991 Thread 0x00000176722b2bd0 Thread added: 0x00000176722b1190
Event: 0.992 Thread 0x00000176722b0470 Thread added: 0x00000176722b3260
Event: 0.992 Thread 0x00000176722b0b00 Thread added: 0x00000176722b1820
Event: 0.992 Thread 0x00000176722b1190 Thread added: 0x00000176722b1eb0
Event: 0.992 Thread 0x00000176722b3260 Thread added: 0x00000176722b2540
Event: 0.998 Thread 0x000001766d5d0320 Thread added: 0x0000017672ea0370
Event: 1.049 Thread 0x000001766d5d3750 Thread added: 0x0000017672c5ed70


Dynamic libraries:
0x00007ff77f730000 - 0x00007ff77f73e000 	C:\Program Files\Android\openjdk\jdk-21.0.8\bin\java.exe
0x00007ffe0f9c0000 - 0x00007ffe0fc27000 	C:\WINDOWS\SYSTEM32\ntdll.dll
0x00007ffe0f170000 - 0x00007ffe0f23b000 	C:\WINDOWS\System32\KERNEL32.DLL
0x00007ffe0d2d0000 - 0x00007ffe0d6d2000 	C:\WINDOWS\System32\KERNELBASE.dll
0x00007ffe0ccf0000 - 0x00007ffe0ce3c000 	C:\WINDOWS\System32\ucrtbase.dll
0x00007ffdd7860000 - 0x00007ffdd7878000 	C:\Program Files\Android\openjdk\jdk-21.0.8\bin\jli.dll
0x00007ffdae520000 - 0x00007ffdae53e000 	C:\Program Files\Android\openjdk\jdk-21.0.8\bin\VCRUNTIME140.dll
0x00007ffe0e690000 - 0x00007ffe0e85f000 	C:\WINDOWS\System32\USER32.dll
0x00007ffe0cfa0000 - 0x00007ffe0cfc7000 	C:\WINDOWS\System32\win32u.dll
0x00007ffe0f840000 - 0x00007ffe0f86b000 	C:\WINDOWS\System32\GDI32.dll
0x00007ffdf9180000 - 0x00007ffdf9410000 	C:\WINDOWS\WinSxS\amd64_microsoft.windows.common-controls_6595b64144ccf1df_6.0.26100.9278_none_3e0d1ba8e3303201\COMCTL32.dll
0x00007ffe0cbc0000 - 0x00007ffe0cce9000 	C:\WINDOWS\System32\gdi32full.dll
0x00007ffe0f6d0000 - 0x00007ffe0f779000 	C:\WINDOWS\System32\msvcrt.dll
0x00007ffe0d220000 - 0x00007ffe0d2c3000 	C:\WINDOWS\System32\msvcp_win.dll
0x00007ffe0dd40000 - 0x00007ffe0dd71000 	C:\WINDOWS\System32\IMM32.DLL
0x0000000056700000 - 0x000000005670d000 	C:\Program Files (x86)\360\Total Security\safemon\SafeWrapper.dll
0x00007ffe0e520000 - 0x00007ffe0e5dc000 	C:\WINDOWS\System32\ADVAPI32.dll
0x00007ffe0db90000 - 0x00007ffe0dc39000 	C:\WINDOWS\System32\sechost.dll
0x00007ffe0d9c0000 - 0x00007ffe0dad8000 	C:\WINDOWS\System32\RPCRT4.dll
0x00007ffe0a490000 - 0x00007ffe0a595000 	C:\Program Files (x86)\360\Total Security\safemon\libzdtp64.dll
0x00007ffe0dd80000 - 0x00007ffe0e518000 	C:\WINDOWS\System32\SHELL32.dll
0x00007ffe0d6e0000 - 0x00007ffe0d746000 	C:\WINDOWS\System32\SHLWAPI.dll
0x00007ffe0c460000 - 0x00007ffe0c46b000 	C:\WINDOWS\SYSTEM32\VERSION.dll
0x00007ffddf750000 - 0x00007ffddf75c000 	C:\Program Files\Android\openjdk\jdk-21.0.8\bin\vcruntime140_1.dll
0x00007ffcb5ca0000 - 0x00007ffcb5d29000 	C:\Program Files\Android\openjdk\jdk-21.0.8\bin\msvcp140.dll
0x00007ffc98120000 - 0x00007ffc98ecc000 	C:\Program Files\Android\openjdk\jdk-21.0.8\bin\server\jvm.dll
0x00007ffe0e5f0000 - 0x00007ffe0e670000 	C:\WINDOWS\System32\WS2_32.dll
0x00007ffe0ca20000 - 0x00007ffe0ca7e000 	C:\WINDOWS\SYSTEM32\POWRPROF.dll
0x00007ffe02310000 - 0x00007ffe02346000 	C:\WINDOWS\SYSTEM32\WINMM.dll
0x00007ffe0ca00000 - 0x00007ffe0ca15000 	C:\WINDOWS\SYSTEM32\UMPDC.dll
0x00007ffe0b810000 - 0x00007ffe0b82b000 	C:\WINDOWS\SYSTEM32\kernel.appcore.dll
0x00007ffddf540000 - 0x00007ffddf54a000 	C:\Program Files\Android\openjdk\jdk-21.0.8\bin\jimage.dll
0x00007ffe09c40000 - 0x00007ffe09e8c000 	C:\WINDOWS\SYSTEM32\DBGHELP.DLL
0x00007ffe0f340000 - 0x00007ffe0f6c5000 	C:\WINDOWS\System32\combase.dll
0x00007ffe0e870000 - 0x00007ffe0e949000 	C:\WINDOWS\System32\OLEAUT32.dll
0x00007ffdf8b70000 - 0x00007ffdf8bab000 	C:\WINDOWS\SYSTEM32\dbgcore.DLL
0x00007ffe0ce50000 - 0x00007ffe0cefc000 	C:\WINDOWS\System32\bcryptPrimitives.dll
0x00007ffdae270000 - 0x00007ffdae291000 	C:\Program Files\Android\openjdk\jdk-21.0.8\bin\java.dll
0x00007ffe0a5c0000 - 0x00007ffe0ae6e000 	C:\WINDOWS\SYSTEM32\windows.storage.dll
0x00007ffe0dc40000 - 0x00007ffe0dd3b000 	C:\WINDOWS\System32\SHCORE.dll
0x00007ffe0cae0000 - 0x00007ffe0cb09000 	C:\WINDOWS\SYSTEM32\profapi.dll
0x00007ffcb27a0000 - 0x00007ffcb2876000 	C:\Program Files\Android\openjdk\jdk-21.0.8\bin\jsvml.dll
0x00007ffdaad80000 - 0x00007ffdaad91000 	C:\Program Files\Android\openjdk\jdk-21.0.8\bin\net.dll
0x00007ffe05d30000 - 0x00007ffe05e5a000 	C:\WINDOWS\SYSTEM32\WINHTTP.dll
0x00007ffe0bdd0000 - 0x00007ffe0be3c000 	C:\WINDOWS\system32\mswsock.dll
0x00007ffd9a6d0000 - 0x00007ffd9a6e6000 	C:\Program Files\Android\openjdk\jdk-21.0.8\bin\nio.dll
0x00007ffd99f20000 - 0x00007ffd99f38000 	C:\Program Files\Android\openjdk\jdk-21.0.8\bin\zip.dll
0x00007ffdd7850000 - 0x00007ffdd7860000 	C:\Program Files\Android\openjdk\jdk-21.0.8\bin\verify.dll

JVMTI agents: none

dbghelp: loaded successfully - version: 4.0.5 - missing functions: none
symbol engine: initialized successfully - sym options: 0x614 - pdb path: .;C:\Program Files\Android\openjdk\jdk-21.0.8\bin;C:\WINDOWS\SYSTEM32;C:\WINDOWS\WinSxS\amd64_microsoft.windows.common-controls_6595b64144ccf1df_6.0.26100.9278_none_3e0d1ba8e3303201;C:\Program Files (x86)\360\Total Security\safemon;C:\Program Files\Android\openjdk\jdk-21.0.8\bin\server

VM Arguments:
jvm_args: -Xmx1G 
java_command: com.android.tools.r8.D8 --debug --min-api 21 --output obj\Debug\net10.0-android\android\bin\ --lib C:\Program Files (x86)\Android\android-sdk\platforms\android-36\android.jar obj\Debug\net10.0-android\android\bin\classes.zip C:\Program Files\dotnet\packs\Microsoft.Android.Ref.36\36.1.69\ref\net10.0\mono.android.jar C:\Program Files\dotnet\packs\Microsoft.Android.Sdk.Windows\36.1.69\tools\\java_runtime_net6.jar C:\Users\WINDOWS11\.nuget\packages\xamarin.google.j2objc.annotations\3.0.0.11\buildTransitive\net10.0-android35.0\..\..\jar\j2objc-annotations.jar C:\Users\WINDOWS11\.nuget\packages\xamarin.androidx.annotation.jvm\1.9.1.5\buildTransitive\net10.0-android35.0\..\..\jar\androidx.annotation.annotation-jvm.jar C:\Users\WINDOWS11\.nuget\packages\xamarin.androidx.collection.jvm\1.5.0.3\buildTransitive\net10.0-android35.0\..\..\jar\androidx.collection.collection-jvm.jar C:\Users\WINDOWS11\.nuget\packages\xamarin.androidx.annotation\1.9.1.5\buildTransitive\net10.0-android35.0\..\..\jar\androidx.annotation.annotation.jar C:\Users\WINDOWS11\.nuget\packages\xamarin.androidx.collection\1.5.0.3\buildTransitive\net10.0-android35.0\..\..\jar\androidx.collection.collection.jar C:\Users\WINDOWS11\.nuget\packages\xamarin.androidx.concurrent.futures\1.3.0.1\buildTransitive\net10.0-android35.0\..\..\jar\androidx.concurrent.concurrent-futures.jar C:\Users\WINDOWS11\.nuget\packages\xamarin.androidx.lifecycle.common.jvm\2.9.2.1\buildTransitive\net10.0-android35.0\..\..\jar\androidx.lifecycle.lifecycle-common-jvm.jar C:\Users\WINDOWS11\.nuget\packages\xamarin.androidx.lifecycle.common\2.9.2.1\buildTransitive\net10.0-android35.0\..\..\jar\androidx.lifecycle.lifecycle-common.jar C:\Users\WINDOWS11\.nuget\packages\xamarin.androidx.arch.core.common\2.2.0.18\buildTransitive\net10.0-android35.0\..\..\jar\androidx.arch.core.core-common.jar C:\Users\WINDOWS11\.nuget\packages\xamarin.androidx.resourceinspection.annotation\1.0.1.22\buildTransitive\net10.0-android35.0\..\..\jar\a
java_class_path (initial): C:\Program Files\dotnet\packs\Microsoft.Android.Sdk.Windows\36.1.69\tools\r8.jar
Launcher Type: SUN_STANDARD

[Global flags]
     intx CICompilerCount                          = 4                                         {product} {ergonomic}
     uint ConcGCThreads                            = 3                                         {product} {ergonomic}
     uint G1ConcRefinementThreads                  = 10                                        {product} {ergonomic}
   size_t G1HeapRegionSize                         = 1048576                                   {product} {ergonomic}
    uintx GCDrainStackTargetSize                   = 64                                        {product} {ergonomic}
   size_t InitialHeapSize                          = 534773760                                 {product} {ergonomic}
   size_t MarkStackSize                            = 4194304                                   {product} {ergonomic}
   size_t MaxHeapSize                              = 1073741824                                {product} {command line}
   size_t MaxNewSize                               = 643825664                                 {product} {ergonomic}
   size_t MinHeapDeltaBytes                        = 1048576                                   {product} {ergonomic}
   size_t MinHeapSize                              = 8388608                                   {product} {ergonomic}
    uintx NonNMethodCodeHeapSize                   = 5839372                                {pd product} {ergonomic}
    uintx NonProfiledCodeHeapSize                  = 122909434                              {pd product} {ergonomic}
    uintx ProfiledCodeHeapSize                     = 122909434                              {pd product} {ergonomic}
    uintx ReservedCodeCacheSize                    = 251658240                              {pd product} {ergonomic}
     bool SegmentedCodeCache                       = true                                      {product} {ergonomic}
   size_t SoftMaxHeapSize                          = 1073741824                             {manageable} {ergonomic}
     bool UseCompressedOops                        = true                           {product lp64_product} {ergonomic}
     bool UseG1GC                                  = true                                      {product} {ergonomic}
     bool UseLargePagesIndividualAllocation        = false                                  {pd product} {ergonomic}

Logging:
Log output configuration:
 #0: stdout all=warning uptime,level,tags foldmultilines=false
 #1: stderr all=off uptime,level,tags foldmultilines=false

Environment Variables:
PATH=C:\Program Files\Android\openjdk\jdk-21.0.8\bin;C:\Program Files\Java\jdk-23\bin;C:\php83;C:\Program Files\Common Files\Oracle\Java\javapath;C:\Program Files (x86)\Common Files\Oracle\Java\javapath;C:\WINDOWS\system32;C:\WINDOWS;C:\WINDOWS\System32\Wbem;C:\WINDOWS\System32\WindowsPowerShell\v1.0\;C:\WINDOWS\System32\OpenSSH\;C:\Program Files\dotnet\;C:\Program Files\Git\cmd;C:\Users\WINDOWS11\AppData\Local\Muse Hub\lib;C:\xampp\php;C:\ProgramData\ComposerSetup\bin;C:\Program Files\Docker\Docker\resources\bin;C:\Program Files (x86)\Windows Kits\10\Windows Performance Toolkit\;C:\Program Files\nodejs\;C:\WINDOWS\system32\config\systemprofile\AppData\Local\Muse Hub\lib;C:\Program Files\Microsoft SQL Server\170\Tools\Binn\;C:\Program Files\Microsoft SQL Server\Client SDK\ODBC\170\Tools\Binn\;C:\php83;C:\Users\WINDOWS11\AppData\Local\Microsoft\WindowsApps;C:\Users\WINDOWS11\AppData\Local\Programs\cursor\resources\app\bin;C:\Users\WINDOWS11\AppData\Local\Programs\Microsoft VS Code\bin;C:\src\flutter\bin;C:\Users\WINDOWS11\AppData\Local\Muse Hub\lib;C:\Users\WINDOWS11\AppData\Roaming\Composer\vendor\bin;C:\Users\WINDOWS11\AppData\Local\PowerToys\DSCModules\;C:\Users\WINDOWS11\AppData\Local\Kingsoft\WPS Office\12.1.0.27458\clitool;C:\Users\WINDOWS11\AppData\Local\Programs\Antigravity IDE\bin;C:\Users\WINDOWS11\.dotnet\tools;C:\Users\WINDOWS11\AppData\Roaming\npm;C:\Users\WINDOWS11\.dotnet\tools;C:\Program Files\Microsoft Visual Studio\18\Community\Common7\IDE\PrivateAssemblies\runtimes\win-x64\native
USERNAME=WINDOWS11
OS=Windows_NT
PROCESSOR_IDENTIFIER=AMD64 Family 25 Model 80 Stepping 0, AuthenticAMD
TMP=C:\Users\WINDOWS11\AppData\Local\Temp
TEMP=C:\Users\WINDOWS11\AppData\Local\Temp




Periodic native trim disabled

---------------  S Y S T E M  ---------------

OS:
 Windows 11 , 64 bit Build 26100 (10.0.26100.9444)
OS uptime: 0 days 10:17 hours
Hyper-V role detected

CPU: total 12 (initial active 12) (12 cores per cpu, 2 threads per core) family 25 model 80 stepping 0 microcode 0xa50000f, cx8, cmov, fxsr, ht, mmx, 3dnowpref, sse, sse2, sse3, ssse3, sse4a, sse4.1, sse4.2, popcnt, lzcnt, tsc, tscinvbit, avx, avx2, aes, erms, clmul, bmi1, bmi2, adx, sha, fma, vzeroupper, clflush, clflushopt, hv, rdtscp, rdpid, fsrm, f16c, cet_ss
Processor Information for the first 12 processors :
  Max Mhz: 3600, Current Mhz: 3600, Mhz Limit: 3600

Memory: 4k page, system-wide physical 32636M (11259M free)
TotalPageFile size 38780M (AvailPageFile size 5926M)
current process WorkingSet (physical memory assigned to process): 1013M, peak: 1022M
current process commit charge ("private bytes"): 1061M, peak: 1071M

vm_info: OpenJDK 64-Bit Server VM (21.0.8+9-LTS) for windows-amd64 JRE (21.0.8+9-LTS), built on 2025-07-10T20:22:44Z by "MicrosoftCorporation" with unknown MS VC++:1944

END.
